Date,Close,High,Low,Open,Volume,log_return,volatility_21d,volatility_annualized
2015-01-05,6417.2001953125,6576.7001953125,6404.5,6547.7998046875,728001100,-0.020147169605675416,,
2015-01-06,6366.5,6452.7001953125,6328.60009765625,6417.2001953125,769463100,-0.007932047899211942,,
2015-01-07,6419.7998046875,6459.7001953125,6366.5,6366.5,688211500,0.008337066113831795,,
2015-01-08,6570.0,6580.7998046875,6419.7998046875,6419.7998046875,882740200,0.023126898351334194,,
2015-01-09,6501.10009765625,6570.2001953125,6471.39990234375,6570.0,738488500,-0.010542424122112044,,
2015-01-12,6501.39990234375,6542.39990234375,6447.89990234375,6501.10009765625,602313100,4.611492982936287e-05,,
2015-01-13,6542.2001953125,6558.7998046875,6465.2001953125,6501.39990234375,673572900,0.006256006889519005,,
2015-01-14,6388.5,6542.2001953125,6353.7001953125,6542.2001953125,971256900,-0.023774031144514686,,
2015-01-15,6498.7998046875,6498.7998046875,6298.2001953125,6388.5,980049600,0.017118015370591655,,
2015-01-16,6550.2998046875,6553.2001953125,6443.2998046875,6498.7998046875,805741900,0.007893305887850675,,
2015-01-19,6585.5,6598.89990234375,6548.0,6550.2998046875,537915700,0.005359442149281101,,
2015-01-20,6620.10009765625,6640.39990234375,6585.5,6585.5,677002900,0.005240227869519848,,
2015-01-21,6728.0,6728.0,6620.10009765625,6620.10009765625,847589600,0.016167432344162964,,
2015-01-22,6796.60009765625,6808.2001953125,6726.2001953125,6728.0,926018400,0.010144578838129055,,
2015-01-23,6832.7998046875,6841.7001953125,6796.60009765625,6796.60009765625,839368300,0.005312015556475896,,
2015-01-26,6852.39990234375,6855.89990234375,6790.10009765625,6832.7998046875,611915000,0.0028644245575207426,,
2015-01-27,6811.60009765625,6865.0,6773.5,6852.39990234375,713907000,-0.005971886115703815,,
2015-01-28,6825.89990234375,6863.0,6777.10009765625,6811.60009765625,779603800,0.0020971306952634497,,
2015-01-29,6810.60009765625,6825.89990234375,6750.2001953125,6825.89990234375,704517100,-0.0022439498562591264,,
2015-01-30,6749.39990234375,6844.0,6749.39990234375,6810.60009765625,799357300,-0.009026638770253744,,
2015-02-02,6782.60009765625,6795.5,6732.0,6749.39990234375,757554400,0.004906926090519341,0.01160270558628842,0.18418724110091422
2015-02-03,6871.7998046875,6886.2998046875,6782.39990234375,6782.60009765625,855708500,0.013065528560929223,0.01070814245253396,0.16998649159714876
2015-02-04,6860.0,6883.5,6804.10009765625,6871.7998046875,817845800,-0.0017186104894740368,0.010466570331498972,0.16615165306147892
2015-02-05,6865.89990234375,6870.10009765625,6808.2001953125,6860.0,731200400,0.0008596744474434416,0.010422854454186017,0.1654576850231884
2015-02-06,6853.39990234375,6886.2001953125,6835.5,6865.89990234375,648533700,-0.0018222509365508448,0.009410556789093947,0.14938795777555858
2015-02-09,6837.2001953125,6853.39990234375,6778.0,6853.39990234375,620697200,-0.002366545582558074,0.009026524551269762,0.14329163499527214
2015-02-10,6829.10009765625,6843.89990234375,6788.89990234375,6837.2001953125,773108400,-0.001185412061952111,0.009046562615140436,0.14360972939781433
2015-02-11,6818.2001953125,6838.2998046875,6786.10009765625,6829.10009765625,623275800,-0.0015973715573687004,0.009038980092024324,0.14348936057496053
2015-02-12,6828.10009765625,6854.60009765625,6817.2001953125,6818.2001953125,809863300,0.0014509286572887512,0.006860732047017414,0.10891074484955506
2015-02-13,6873.5,6887.60009765625,6828.10009765625,6828.10009765625,734854200,0.006626973225241394,0.006138128195390191,0.09743976432261676
2015-02-16,6857.10009765625,6878.7001953125,6851.7998046875,6873.5,415979100,-0.0023888118546660474,0.006110617174655562,0.09700304040755255
2015-02-17,6898.10009765625,6898.10009765625,6819.7998046875,6857.10009765625,612932700,0.005961399447514852,0.0061276670712865945,0.09727369912574298
2015-02-18,6898.10009765625,6921.2998046875,6876.2998046875,6898.10009765625,677405400,0.0,0.006104683401714939,0.09690884468232927
2015-02-19,6888.89990234375,6907.2998046875,6858.7001953125,6898.10009765625,641759700,-0.0013346190872737785,0.005194800466716628,0.0824649008732068
2015-02-20,6915.2001953125,6920.5,6884.7998046875,6888.89990234375,764028800,0.003810509139457589,0.004814939331882789,0.07643479230015213
2015-02-23,6912.2001953125,6943.60009765625,6885.89990234375,6915.2001953125,680805600,-0.0004339210498461785,0.0047092367067286915,0.07475681514564558
2015-02-24,6949.60009765625,6958.89990234375,6899.60009765625,6912.2001953125,831640000,0.005396123491117218,0.004802918416611504,0.07624396618611692
2015-02-25,6935.39990234375,6955.39990234375,6904.89990234375,6949.60009765625,697704800,-0.0020454015503407435,0.004603691069522896,0.07308133009755931
2015-02-26,6949.7001953125,6950.0,6920.5,6935.39990234375,782087000,0.0020598048158494055,0.004603195793844569,0.07307346783990767
2015-02-27,6946.7001953125,6967.2001953125,6929.7998046875,6949.7001953125,881579100,-0.00043176649524710134,0.004558951577679179,0.07237111268234804
2015-03-02,6940.60009765625,6974.2998046875,6924.2998046875,6946.7001953125,778879400,-0.0008785146025351099,0.003977790074407411,0.06314545982701875
2015-03-03,6889.10009765625,6963.60009765625,6889.10009765625,6940.60009765625,784037600,-0.007447773607285777,0.004321158088125978,0.06859625806186
2015-03-04,6919.2001953125,6919.2001953125,6862.89990234375,6889.10009765625,741168200,0.00435971766169589,0.0033989399942283343,0.05395649967575693
2015-03-05,6961.10009765625,6968.60009765625,6914.10009765625,6919.2001953125,798406800,0.006037337626465546,0.0035819653548663493,0.056861937202953516
2015-03-06,6911.7998046875,6961.2001953125,6911.7998046875,6961.10009765625,748637900,-0.007107454224139286,0.003965253349594153,0.06294644549035194
2015-03-09,6876.5,6911.7998046875,6859.7998046875,6911.7998046875,670579200,-0.005120266067478527,0.004116649558684831,0.06534978580250317
2015-03-10,6702.7998046875,6876.89990234375,6702.7998046875,6876.5,887272000,-0.025584481167135735,0.006963015670354131,0.1105344470328164
2015-03-11,6721.5,6739.0,6693.7998046875,6702.7998046875,746833900,0.0027860235066806643,0.0070099445311943,0.11127941960338426
2015-03-12,6761.10009765625,6799.7998046875,6721.5,6721.5,845927100,0.005874269242262651,0.0071532671438315956,0.11355459554512623
2015-03-13,6740.60009765625,6777.7998046875,6713.5,6761.10009765625,710321200,-0.0030366569330496744,0.007162218322491383,0.11369669110117446
2015-03-16,6804.10009765625,6809.10009765625,6740.60009765625,6740.60009765625,685731900,0.009376429793707546,0.007324497805881758,0.11627279803680828
2015-03-17,6837.60009765625,6846.89990234375,6798.5,6804.10009765625,757362800,0.004911421136821101,0.007402360279343025,0.11750882648426554
2015-03-18,6945.2001953125,6945.2001953125,6837.2998046875,6837.60009765625,772632700,0.015613994457873795,0.008069505835744463,0.12809943386738568
2015-03-19,6962.2998046875,6982.7998046875,6929.7001953125,6945.2001953125,809174400,0.0024590498639830015,0.008082400076585228,0.12830412359504348
2015-03-20,7022.5,7024.2001953125,6960.7998046875,6962.2998046875,1419421400,0.008609428522492942,0.008262453567704399,0.1311623841561853
2015-03-23,7037.7001953125,7037.7001953125,6991.39990234375,7022.5,673591200,0.0021621600009974736,0.00824137037071666,0.13082769877975486
2015-03-24,7019.7001953125,7065.10009765625,7012.5,7037.7001953125,702620900,-0.0025609300919603984,0.008270778148783232,0.13129453278400563
2015-03-25,6991.0,7035.10009765625,6983.89990234375,7019.7001953125,645837600,-0.004096902375450759,0.008262696516035862,0.13116624084138423
2015-03-26,6895.2998046875,6991.0,6876.7998046875,6991.0,936518300,-0.013783615766857733,0.008807173646213444,0.13980954732745637
2015-03-27,6855.0,6910.60009765625,6839.89990234375,6895.2998046875,736697300,-0.005861678748712668,0.00887152700915481,0.1408311252936976
2015-03-30,6891.39990234375,6914.60009765625,6855.0,6855.0,639393900,0.0052959302330209115,0.008966220980594592,0.14233434548821788
2015-03-31,6773.0,6910.10009765625,6765.10009765625,6891.39990234375,900335700,-0.017330123014532066,0.009700547845938684,0.15399142308862238
2015-04-01,6809.5,6856.39990234375,6765.39990234375,6773.0,800482200,0.005374575794108349,0.009688783994504754,0.15380467773649545
2015-04-02,6833.5,6849.89990234375,6801.2998046875,6809.5,575894800,0.003518291395843,0.009669169839278699,0.15349331267506688
2015-04-07,6961.7998046875,6967.7001953125,6833.5,6833.5,704104300,0.01860104612181398,0.010456583153984898,0.16599311153346874
2015-04-08,6937.39990234375,7012.10009765625,6931.60009765625,6961.7998046875,865524000,-0.0035109830670617963,0.010363308739838624,0.16451242611237102
2015-04-09,7015.39990234375,7017.0,6937.39990234375,6937.39990234375,698600800,0.011180668201061863,0.010555474332621526,0.16756296032665224
2015-04-10,7089.7998046875,7095.39990234375,7015.39990234375,7015.39990234375,801926500,0.010549385174539298,0.008815019186472447,0.139934091418014
2015-04-13,7064.2998046875,7089.7998046875,7046.7001953125,7089.7998046875,592637100,-0.0036032002448378384,0.008920550786662084,0.14160935363537686
2015-04-14,7075.2998046875,7086.10009765625,7044.60009765625,7064.2998046875,669927300,0.0015559142441115795,0.008885403944040969,0.14105141480570926
2015-04-15,7096.7998046875,7111.7001953125,7058.2998046875,7075.2998046875,722590500,0.003034132850687887,0.008806176335474529,0.13979371551028624
2015-04-16,7060.5,7119.39990234375,7057.7001953125,7096.7998046875,750900800,-0.005128080175863346,0.008804745093621493,0.13977099525023154
2015-04-17,6994.60009765625,7093.5,6979.2998046875,7060.5,776519900,-0.009377433785756941,0.009096429897602301,0.14440134796553059
2015-04-20,7052.10009765625,7067.7998046875,6994.60009765625,6994.60009765625,583888000,0.008187021915857854,0.008635861681420371,0.13709005419474246
2015-04-21,7062.89990234375,7105.10009765625,7030.0,7052.10009765625,655787700,0.0015302595529559822,0.008628925099524199,0.1369799393708658
2015-04-22,7028.2001953125,7092.2998046875,6997.2001953125,7062.89990234375,785146300,-0.004925062902274711,0.008511961550906107,0.1351232005982473
2015-04-23,7053.7001953125,7055.2001953125,6995.7998046875,7028.2001953125,714656500,0.0036216742293653345,0.008536091487736807,0.1355062514702817
2015-04-24,7070.7001953125,7102.60009765625,7051.2001953125,7053.7001953125,796682000,0.002407182993792757,0.008527260711341017,0.13536606724092043
2015-04-27,7104.0,7122.7001953125,7025.2998046875,7070.7001953125,679761700,0.004698493158759176,0.00851418573152584,0.13515850837099155
2015-04-28,7030.5,7104.0,6984.0,7104.0,796371600,-0.010400178641135474,0.008253153644617407,0.13101475245398406
2015-04-29,6946.2998046875,7058.2001953125,6945.60009765625,7030.5,767322400,-0.012048711451646715,0.008610232380613233,0.1366832016574695
2015-04-30,6960.60009765625,6970.2998046875,6906.2001953125,6946.2998046875,906266700,0.0020565759600530246,0.008551277121334373,0.13574731593028233
2015-05-01,6986.0,6995.39990234375,6919.39990234375,6960.60009765625,838058900,0.0036424548275004534,0.007531663586099911,0.11956145284452765
2015-05-05,6927.60009765625,7053.2001953125,6927.60009765625,6986.0,1019856100,-0.00839469941519627,0.007770716751907286,0.12335630420562167
2015-05-06,6933.7001953125,6974.7998046875,6913.5,6927.60009765625,883946300,0.0008801624553432299,0.0077461792535199955,0.12296678349445117
2015-05-07,6887.0,6933.7001953125,6810.10009765625,6933.7001953125,945024800,-0.006758032862226123,0.00672410361472338,0.10674183572633122
2015-05-08,7046.7998046875,7046.7998046875,6885.7998046875,6887.0,1385914100,0.02293800879180527,0.008402367626957622,0.13338345099041882
2015-05-11,7029.89990234375,7083.7001953125,7025.2001953125,7046.7998046875,792210200,-0.0024011182755886875,0.00807529710148715,0.1281913673609743
2015-05-12,6933.7998046875,7029.89990234375,6887.5,7029.89990234375,839991900,-0.013764491780545163,0.008243211214849559,0.13085692127442333
2015-05-13,6949.60009765625,6989.89990234375,6920.7001953125,6933.7998046875,795743700,0.0022761427174087068,0.008252334469680631,0.13100174845500626
2015-05-14,6973.0,6977.89990234375,6884.60009765625,6949.60009765625,603503300,0.0033614302232323275,0.008287214380480506,0.13155544987337778
2015-05-15,6960.5,7009.39990234375,6937.10009765625,6973.0,703827400,-0.0017942373923888473,0.008245496696856095,0.1308932021765146
2015-05-18,6968.89990234375,7015.5,6931.60009765625,6960.5,614216300,0.001206068232780774,0.008199725051799696,0.1301665998370093
2015-05-19,6995.10009765625,7011.39990234375,6968.89990234375,6968.89990234375,778022500,0.003752538822319481,0.007996796415891076,0.12694520760996258
2015-05-20,7007.2998046875,7018.7001953125,6962.10009765625,6995.10009765625,825148300,0.0017425170261141827,0.007787972365215736,0.12363022857482601
2015-05-21,7013.5,7026.0,6994.2998046875,7007.2998046875,565597600,0.0008844282498895429,0.007781641658857963,0.12352973172694975
2015-05-22,7031.7001953125,7061.7001953125,7013.5,7013.5,621811200,0.0025916619551917455,0.007732637072756216,0.1227518080393885
2015-05-26,6949.0,7039.60009765625,6930.2998046875,7031.7001953125,672679700,-0.0118307608005904,0.008099648835758365,0.12857793915822288
2015-05-27,7033.2998046875,7054.10009765625,6948.60009765625,6949.0,648739500,0.012058220364315394,0.008546936440764864,0.1356784097624362
2015-05-28,7040.89990234375,7049.60009765625,7005.89990234375,7033.2998046875,606689900,0.0010800043417300742,0.008478330710239495,0.13458932755353195
2015-05-29,6984.39990234375,7069.89990234375,6967.89990234375,7040.89990234375,1177305700,-0.008056912354453542,0.008355003270012136,0.1326315651335013
2015-06-01,6953.60009765625,7037.60009765625,6942.7001953125,6984.39990234375,694968900,-0.004419551559824623,0.007976499829265859,0.12662300928591977
2015-06-02,6928.2998046875,6972.2998046875,6872.10009765625,6953.60009765625,864607700,-0.0036450804514737613,0.008001782436374828,0.12702435823135388
2015-06-03,6950.5,6985.7001953125,6901.7998046875,6928.2998046875,701168000,0.0031991547625261855,0.007991657613125718,0.1268636316450401
2015-06-04,6859.2001953125,6950.5,6839.0,6950.5,783604900,-0.013222754098904495,0.008301353873686213,0.1317799073694985
2015-06-05,6804.60009765625,6859.2001953125,6785.2001953125,6859.2001953125,754508500,-0.007991976917398204,0.008453442930882219,0.13419424630434795
2015-06-08,6790.0,6827.2001953125,6781.7001953125,6804.60009765625,539187300,-0.002147926848102739,0.008352833214053293,0.13259711656311216
2015-06-09,6753.7998046875,6803.7998046875,6736.89990234375,6790.0,682109200,-0.00534566104630978,0.006409047404876131,0.10174047344475681
2015-06-10,6830.2998046875,6843.60009765625,6734.2001953125,6753.7998046875,818584900,0.011263287364068408,0.007032033383572308,0.11163006926421842
2015-06-11,6846.7001953125,6870.2001953125,6807.2998046875,6830.2998046875,678574100,0.0023982450077762694,0.006469847672982789,0.10270564777909444
2015-06-12,6784.89990234375,6846.7001953125,6760.10009765625,6846.7001953125,592427400,-0.009067272504608008,0.006687411035634408,0.10615935909094527
2015-06-15,6710.5,6784.89990234375,6708.5,6784.89990234375,557004700,-0.011026076535808,0.006935354067605919,0.11009533270239301
2015-06-16,6710.10009765625,6723.5,6656.89990234375,6710.5,718299200,-5.959529990591988e-05,0.006946088546417086,0.11026573727072245
2015-06-17,6680.60009765625,6731.5,6666.0,6710.10009765625,685273800,-0.004406050063702858,0.006934837927822761,0.11008713923734512
2015-06-18,6707.89990234375,6707.89990234375,6625.2001953125,6680.60009765625,773442100,0.004078103226287641,0.0069487188326076005,0.11030749176954463
2015-06-19,6710.5,6759.2998046875,6691.7998046875,6707.89990234375,1273130400,0.00038754213732116155,0.00691849034641185,0.1098276294276412
2015-06-22,6825.7001953125,6825.7001953125,6710.5,6710.5,749484400,0.017021464672806925,0.008063410500117073,0.12800267341402038
2015-06-23,6834.89990234375,6856.5,6825.7001953125,6825.7001953125,580137000,0.001346896674563642,0.008037965422653412,0.12759874533166266
2015-06-24,6844.7998046875,6873.39990234375,6834.2998046875,6834.89990234375,668257700,0.0014473861684199186,0.007687026472439095,0.12202776220586371
2015-06-25,6807.7998046875,6869.0,6798.7998046875,6844.7998046875,655333800,-0.005420226424768156,0.007162710220266577,0.11370449973627623
2015-06-26,6753.7001953125,6807.7998046875,6731.10009765625,6807.7998046875,597278600,-0.007978453173145385,0.007268277338073027,0.11538032577832659
2015-06-29,6620.5,6753.7001953125,6598.60009765625,6753.7001953125,762752000,-0.019919635975926116,0.008169099335272198,0.12968043165907978
2015-06-30,6521.0,6620.7998046875,6521.0,6620.5,882243000,-0.01514315738660925,0.008614937004547855,0.13675788524712806
2015-07-01,6608.60009765625,6637.2998046875,6521.0,6521.0,789588400,0.013344107494252543,0.009325516502300131,0.1480379850738903
2015-07-02,6630.5,6647.7001953125,6600.39990234375,6608.60009765625,590421700,0.003308370230198965,0.009328737073416858,0.14808911005541703
2015-07-03,6585.7998046875,6630.7998046875,6572.5,6630.5,448998200,-0.006764429745152218,0.00905104285268123,0.14368085096389893
2015-07-06,6535.7001953125,6585.7998046875,6506.7001953125,6585.7998046875,610644900,-0.0076362996349412845,0.0090394709895486,0.14349715333157126
2015-07-07,6432.2001953125,6543.7998046875,6432.2001953125,6535.7001953125,767758000,-0.01596283047001476,0.009545424286811698,0.151528912928999
2015-07-08,6490.7001953125,6515.10009765625,6430.39990234375,6432.2001953125,913111000,0.00905375694888944,0.009849014510455735,0.15634825832239463
2015-07-09,6581.60009765625,6594.2001953125,6490.7001953125,6490.7001953125,764973200,0.013907478476052967,0.010040646026960814,0.1593903143386023
2015-07-10,6673.39990234375,6687.60009765625,6581.60009765625,6581.60009765625,699409100,0.013851568835046577,0.010575011754312845,0.16787310728098
2015-07-13,6738.0,6743.10009765625,6673.39990234375,6673.39990234375,643184300,0.009633684438963645,0.01066821809964414,0.16935271214313888
2015-07-14,6753.7998046875,6753.7998046875,6710.60009765625,6738.0,595318500,0.002342135539933762,0.01039338729445204,0.16498990836419125
2015-07-15,6753.7998046875,6775.89990234375,6728.5,6753.7998046875,549549300,0.0,0.010393290535216733,0.16498837235894925
2015-07-16,6796.5,6805.10009765625,6752.10009765625,6753.7998046875,587458400,0.0063024932688705735,0.010413061397292794,0.16530222506450093
2015-07-17,6775.10009765625,6799.7998046875,6764.7998046875,6796.5,584213200,-0.003153632574735609,0.01041947044211034,0.16540396549687308
2015-07-20,6788.7001953125,6813.39990234375,6772.10009765625,6775.10009765625,419532500,0.0020053527654729387,0.010424773444640677,0.1654881480522564
2015-07-21,6769.10009765625,6800.10009765625,6758.7998046875,6788.7001953125,556304800,-0.0028913409088797645,0.009734572767604735,0.15453155197526333
2015-07-22,6667.2998046875,6769.10009765625,6653.39990234375,6769.10009765625,693476700,-0.015153201995448517,0.010239614464294305,0.16254884036221562
2015-07-23,6655.0,6711.5,6644.89990234375,6667.2998046875,632287000,-0.0018464992324996427,0.010222533430241761,0.16227768735278247
2015-07-24,6579.7998046875,6684.7998046875,6574.0,6655.0,644793200,-0.01136413179222222,0.010421533657408218,0.1654367180243493
2015-07-27,6505.10009765625,6589.5,6495.7001953125,6579.7998046875,678322600,-0.011417820406123318,0.010552622199134413,0.16751768411117507
2015-07-28,6555.2998046875,6569.5,6505.10009765625,6505.10009765625,709236100,0.007687353315470172,0.009878700676159827,0.1568195115933871
2015-07-29,6631.0,6634.0,6555.2998046875,6555.2998046875,820041700,0.011481769422530898,0.00960632564379664,0.15249569199953014
2015-07-30,6668.89990234375,6697.39990234375,6631.0,6631.0,778087100,0.005699291755647421,0.009245114272996124,0.14676163925232874
2015-07-31,6696.2998046875,6705.39990234375,6646.2998046875,6668.89990234375,958422600,0.004100191741334203,0.00925903394647451,0.1469826072184589
2015-08-03,6688.60009765625,6710.7998046875,6668.2001953125,6696.2998046875,679885300,-0.0011505066062125176,0.009119703607504028,0.14477080665644557
2015-08-04,6686.60009765625,6715.5,6644.7001953125,6688.60009765625,1399430100,-0.0002990609464831572,0.008921236808262565,0.1416202438906702
2015-08-05,6752.39990234375,6764.7998046875,6686.60009765625,6686.60009765625,847270800,0.00979244445162957,0.008201439971115724,0.1301938233371818
2015-08-06,6747.10009765625,6763.2998046875,6717.5,6752.39990234375,691613500,-0.0007851853712780873,0.00807722523801476,0.1282219755794493
2015-08-07,6718.5,6754.7998046875,6718.5,6747.10009765625,595585900,-0.004247882078040497,0.007683588353720523,0.12197318376322017
2015-08-10,6736.2001953125,6751.5,6653.7001953125,6718.5,765478700,0.00263108137178668,0.007112705828879432,0.11291070463184708
2015-08-11,6664.5,6736.2001953125,6664.0,6736.2001953125,727572100,-0.010701064643178314,0.007183194466706609,0.11402967706752554
2015-08-12,6571.2001953125,6664.5,6536.39990234375,6664.5,1085554700,-0.014098438119277986,0.007730463300845755,0.12271730048009616
2015-08-13,6568.2998046875,6634.7001953125,6553.5,6571.2001953125,668900300,-0.00044147656640018446,0.007727336101141007,0.12266765772378337
2015-08-14,6550.7001953125,6603.2001953125,6544.39990234375,6568.2998046875,577612000,-0.0026830733947900962,0.007530052368452633,0.11953587555731147
2015-08-17,6550.2998046875,6585.89990234375,6507.7998046875,6550.7001953125,471278500,-6.112367378435802e-05,0.00753155283194317,0.11955969467679524
2015-08-18,6526.2998046875,6564.60009765625,6505.7001953125,6550.2998046875,538348700,-0.0036706831538402475,0.007497210429740069,0.11901452594287147
2015-08-19,6403.5,6526.5,6403.5,6526.2998046875,699446800,-0.018995421269853506,0.008378011513620607,0.13299680967765576
2015-08-20,6367.89990234375,6408.60009765625,6359.7001953125,6403.5,728564100,-0.005574986318504292,0.007910634912419579,0.12557743614532454
2015-08-21,6187.7001953125,6367.89990234375,6187.7001953125,6367.89990234375,807243600,-0.028706247396101794,0.009798765864317492,0.15555058579399778
2015-08-24,5898.89990234375,6187.7001953125,5768.2001953125,6187.7001953125,1657266300,-0.047797605872892765,0.013711221299615963,0.21765889037853406
2015-08-25,6081.2998046875,6115.7001953125,5898.89990234375,5898.89990234375,1335924300,0.030452580498820846,0.015666952309348715,0.24870515767707468
2015-08-26,5979.2001953125,6095.10009765625,5949.89990234375,6081.2998046875,991933700,-0.016931644380906392,0.01573187181342977,0.24973572285529136
2015-08-27,6192.0,6212.5,5979.2001953125,5979.2001953125,1028065800,0.034971323873021105,0.01763591262273918,0.2799614336605965
2015-08-28,6247.89990234375,6247.89990234375,6152.0,6192.0,868831700,0.008987255369984775,0.017733769451224513,0.28151486265416664
2015-09-01,6058.5,6247.89990234375,6028.7001953125,6247.89990234375,1001128800,-0.03078314696797055,0.01863590147454601,0.29583576455490385
2015-09-02,6083.2998046875,6161.7001953125,6021.39990234375,6058.5,769181300,0.004085035097542733,0.018721516559216386,0.2971948618899852
2015-09-03,6194.10009765625,6215.7001953125,6083.2998046875,6083.2998046875,735720100,0.01804996205583445,0.019345992185774475,0.3071081051361489
2015-09-04,6042.89990234375,6194.10009765625,6040.5,6194.10009765625,743172100,-0.02471322883296064,0.019611319472614883,0.3113200452382642
2015-09-07,6074.5,6125.7001953125,6042.89990234375,6042.89990234375,464760500,0.005215668302803,0.01972358298484373,0.31310217324624934
2015-09-08,6146.10009765625,6196.5,6074.5,6074.5,664577700,0.011718068897607101,0.02005891816403777,0.3184254541862416
2015-09-09,6229.0,6284.2001953125,6146.10009765625,6146.10009765625,734267900,0.013398056061741704,0.020378395666973734,0.3234970023197324
2015-09-10,6155.7998046875,6229.0,6127.5,6229.0,749536800,-0.011821111180330484,0.02039901481936273,0.32382432121652976
2015-09-11,6117.7998046875,6174.2998046875,6113.10009765625,6155.7998046875,584620900,-0.006192172244300216,0.02027163429370867,0.32180221806000975
2015-09-14,6084.60009765625,6191.7998046875,6065.39990234375,6117.7998046875,598665000,-0.005441517933768861,0.020264455123348263,0.3216882522636494
2015-09-15,6137.60009765625,6158.10009765625,6019.89990234375,6084.60009765625,706522000,0.008672797264464533,0.020442076410757314,0.32450790278786223
2015-09-16,6229.2001953125,6244.89990234375,6137.60009765625,6137.60009765625,818994800,0.01481414281532013,0.020807172684525196,0.3303036264577793
2015-09-17,6187.0,6239.89990234375,6182.60009765625,6229.2001953125,836839300,-0.006797628444541579,0.02082794808683398,0.3306334257451574
2015-09-18,6104.10009765625,6188.7001953125,6053.89990234375,6187.0,1508172800,-0.01348962400255376,0.020644326601206502,0.3277185250271263
2015-09-21,6108.7001953125,6168.7001953125,6083.60009765625,6104.10009765625,697537600,0.000753324014713315,0.020640014458049413,0.32765007187665807
2015-09-22,5935.7998046875,6111.60009765625,5935.7998046875,6108.7001953125,941657100,-0.02871223689007479,0.020640402294995256,0.3276562285973057
2015-09-23,6032.2001953125,6067.60009765625,5933.2001953125,5935.7998046875,725707700,0.01611003936204677,0.018102381316507595,0.28736639460924673
2015-09-24,5961.5,6055.60009765625,5947.2001953125,6032.2001953125,867489200,-0.011789691768933644,0.01698600725094065,0.26964450572357324
2015-09-25,6109.0,6120.7001953125,5961.5,5961.5,837519200,0.02444096640358027,0.017432808727458275,0.27673725927726583
2015-09-28,5958.89990234375,6110.2998046875,5958.89990234375,6109.0,968395200,-0.0248772097710488,0.016470862359281305,0.2614668340885976
2015-09-29,5909.2001953125,5958.89990234375,5877.10009765625,5958.89990234375,1000021900,-0.008375392378991197,0.016336088063171102,0.2593273584648093
2015-09-30,6061.60009765625,6061.60009765625,5909.2001953125,5909.2001953125,1018944000,0.025463316228075693,0.016102863336163523,0.2556250307012914
2015-10-01,6072.5,6172.7998046875,6053.2998046875,6061.60009765625,847372200,0.001796574148524878,0.016081738759178055,0.2552896884377615
2015-10-02,6130.0,6176.2001953125,6051.60009765625,6072.5,861807200,0.009424368053929622,0.01570105318041916,0.2492464922231331
2015-10-05,6298.89990234375,6301.10009765625,6130.0,6130.0,863396300,0.027180249526155734,0.015782364153359662,0.25053726390270076
2015-10-06,6326.2001953125,6343.7001953125,6255.10009765625,6298.89990234375,737901800,0.004324771337861864,0.015774415077857755,0.2504110762411152
2015-10-07,6336.39990234375,6396.2998046875,6319.7998046875,6326.2001953125,985472100,0.0016109976084754082,0.015614323446826821,0.24786970038497186
2015-10-08,6374.7998046875,6380.2998046875,6303.5,6336.39990234375,720040900,0.006041918944511738,0.015414157372519926,0.24469216246380313
2015-10-09,6416.2001953125,6453.2001953125,6374.7998046875,6374.7998046875,745150000,0.0064733852235999995,0.015162191947835068,0.24069233534758566
2015-10-12,6371.2001953125,6416.2001953125,6351.2998046875,6416.2001953125,535951300,-0.0070382070454573994,0.015186077328668226,0.2410715040135133
2015-10-13,6342.2998046875,6371.2001953125,6303.0,6371.2001953125,700891400,-0.004546417651425244,0.015165587247388609,0.2407462340570571
2015-10-14,6269.60009765625,6342.2998046875,6268.2998046875,6342.2998046875,638445300,-0.011528875559171562,0.015358990324379382,0.24381641272413068
2015-10-15,6338.7001953125,6351.39990234375,6269.60009765625,6269.60009765625,644982700,0.010961158585481788,0.015208157648625467,0.24142201822636689
2015-10-16,6378.0,6398.2001953125,6338.7001953125,6338.7001953125,592309300,0.006180837669713275,0.015146280332221922,0.24043974628036785
2015-10-19,6352.2998046875,6408.10009765625,6336.2998046875,6378.0,476841500,-0.004037647285890021,0.014817059370853555,0.23521352553934605
2015-10-20,6345.10009765625,6367.7998046875,6319.2998046875,6352.2998046875,574547000,-0.0011340444277136569,0.014830067486796642,0.23542002297821146
2015-10-21,6348.39990234375,6387.2998046875,6316.2998046875,6345.10009765625,596747600,0.0005199203941912651,0.013092170456990551,0.20783176290758312
2015-10-22,6376.2998046875,6387.2998046875,6321.7001953125,6348.39990234375,718398200,0.004385163924477988,0.012759876292037491,0.20255675657208108
2015-10-23,6444.10009765625,6487.89990234375,6376.2998046875,6376.2998046875,749535500,0.01057703746736245,0.012424109669922585,0.19722662668804763
2015-10-26,6417.0,6453.0,6405.39990234375,6444.10009765625,441044400,-0.004214279891915535,0.011577795483028114,0.18379180547075596
2015-10-27,6365.2998046875,6419.60009765625,6365.2998046875,6417.0,564355600,-0.00808938579639872,0.010088126374486084,0.160144041488891
2015-10-28,6437.7998046875,6448.5,6355.7998046875,6365.2998046875,819718100,0.011325503535393338,0.009877386830687453,0.15679865494310072
2015-10-29,6395.7998046875,6437.89990234375,6358.2001953125,6437.7998046875,826622300,-0.006545342105651021,0.00882640259756422,0.14011479746693664
2015-10-30,6361.10009765625,6410.2998046875,6337.7001953125,6395.7998046875,716340400,-0.005440160677907608,0.008997138320883362,0.14282514304983973
2015-11-02,6361.7998046875,6364.39990234375,6317.2998046875,6361.10009765625,506603500,0.00010999175303200483,0.00885217532298679,0.14052392679939552
2015-11-03,6383.60009765625,6383.60009765625,6344.7001953125,6361.7998046875,608961200,0.003420891364037868,0.006697994629447808,0.10632736843419074
2015-11-04,6412.89990234375,6459.5,6383.0,6383.60009765625,759872100,0.004579354650112841,0.006705231305488954,0.10644224710493243
2015-11-05,6364.89990234375,6421.7998046875,6358.10009765625,6412.89990234375,722038900,-0.007513065867069476,0.006931512301105354,0.11003434654985897
2015-11-06,6353.7998046875,6395.2001953125,6332.7001953125,6364.89990234375,711572600,-0.00174547724691184,0.006811386551307865,0.10812740938974302
2015-11-09,6295.2001953125,6380.39990234375,6292.10009765625,6353.7998046875,658685600,-0.009265559112757147,0.006910512527724146,0.10970098548212663
2015-11-10,6275.2998046875,6329.7001953125,6250.2998046875,6295.2001953125,725649900,-0.003166207748284013,0.006789326065856399,0.10777721003990741
2015-11-11,6297.2001953125,6327.2001953125,6272.7001953125,6275.2998046875,618113900,0.003483859658130648,0.006789310876815525,0.10777696892135857
2015-11-12,6178.7001953125,6300.89990234375,6178.7001953125,6297.2001953125,826908500,-0.018997196208871355,0.007556922321018879,0.1199624228306938
2015-11-13,6118.2998046875,6179.0,6088.7998046875,6178.7001953125,681574100,-0.009823676728844943,0.0073110096188328776,0.11605867970539752
2015-11-16,6146.39990234375,6161.89990234375,6079.7998046875,6118.2998046875,602945000,0.004582280446533545,0.00723291873109975,0.1148190252937848
2015-11-17,6268.7998046875,6269.39990234375,6146.39990234375,6146.39990234375,697486200,0.01971838892887962,0.008589602571782947,0.13635571359491108
2015-11-18,6279.0,6283.89990234375,6228.2001953125,6268.7998046875,615094500,0.0016258145201700947,0.00860260979605529,0.13656219687894225
2015-11-19,6329.89990234375,6366.89990234375,6279.0,6279.0,752196900,0.008073690683244978,0.008802921914541096,0.1397420531795779
2015-11-20,6334.60009765625,6360.7001953125,6311.7998046875,6329.89990234375,808632500,0.0007422631021042637,0.008745014373305257,0.13882279946070644
2015-11-23,6305.5,6334.60009765625,6267.10009765625,6334.60009765625,585321500,-0.004604417503529474,0.008421314485162028,0.13368422304002797
2015-11-24,6277.2001953125,6305.5,6221.2998046875,6305.5,854059000,-0.004498216116774699,0.008426899638435842,0.13377288459960812
2015-11-25,6337.60009765625,6348.10009765625,6277.2001953125,6277.2001953125,673258600,0.009576110997524638,0.008569464132336852,0.13603602577950727
2015-11-26,6393.10009765625,6395.2998046875,6333.89990234375,6337.60009765625,453793700,0.008719135751524887,0.008411493836460511,0.13352832507496273
2015-11-27,6375.2001953125,6393.10009765625,6345.2998046875,6393.10009765625,471764000,-0.002803805308372444,0.00831234190440481,0.13195433694957698
2015-11-30,6356.10009765625,6387.10009765625,6329.89990234375,6375.2001953125,834458200,-0.0030004966572995677,0.008251588701251497,0.13098990974821145
2015-12-01,6395.7001953125,6402.39990234375,6356.10009765625,6356.10009765625,784743400,0.006210923014169292,0.008363678127653177,0.1327692742293638
2015-12-02,6420.89990234375,6447.2998046875,6395.2001953125,6395.7001953125,566098900,0.003932359488803859,0.008374102495824627,0.1329347559439036
2015-12-03,6275.0,6444.7001953125,6275.0,6420.89990234375,793356800,-0.02298479456552067,0.009718426733881865,0.1542752416359187
2015-12-04,6238.2998046875,6277.60009765625,6219.5,6275.0,662790200,-0.005865806959958056,0.00967005427565581,0.15350735266729265
2015-12-07,6223.5,6287.2001953125,6215.2001953125,6238.2998046875,542255600,-0.0023752285989943026,0.00967359849019095,0.1535636153288109
2015-12-08,6135.2001953125,6224.89990234375,6120.7001953125,6223.5,790574400,-0.014289740155642744,0.00994685770301956,0.15790147085242154
2015-12-09,6126.7001953125,6175.7998046875,6101.2001953125,6135.2001953125,751852900,-0.00138640848330593,0.0099370766216779,0.1577462009997216
2015-12-10,6088.10009765625,6127.10009765625,6080.0,6126.7001953125,838093600,-0.0063202385993649185,0.009939225734293167,0.1577803171048384
2015-12-11,5952.7998046875,6088.10009765625,5949.7998046875,6088.10009765625,805984900,-0.022474397929857785,0.010266962726090113,0.1629829805592252
2015-12-14,5874.10009765625,6009.89990234375,5871.89990234375,5952.7998046875,781019600,-0.013308790859990384,0.01043045723829373,0.16557837547931273
2015-12-15,6017.7998046875,6036.7001953125,5874.10009765625,5874.10009765625,811231700,0.024168838136636287,0.011825260486925034,0.18772019062177325
2015-12-16,6061.2001953125,6089.2998046875,6016.2998046875,6017.7998046875,750664600,0.007186120935904585,0.011015545518538844,0.17486636398659494
2015-12-17,6102.5,6160.7998046875,6061.2001953125,6061.2001953125,725125100,0.00679069078170391,0.011148117124291408,0.17697087298497363
2015-12-18,6052.39990234375,6105.60009765625,6051.7001953125,6102.5,1234966800,-0.008243651824827733,0.011025869305012363,0.17503024901617972
2015-12-21,6034.7998046875,6114.0,6034.7998046875,6052.39990234375,545001400,-0.0029121898407384653,0.011007014132914727,0.17473093243839372
2015-12-22,6083.10009765625,6090.60009765625,6031.7998046875,6034.7998046875,424323400,0.007971768894676736,0.011216004270236947,0.1780485480173127
2015-12-23,6241.0,6248.5,6083.10009765625,6083.10009765625,578630000,0.025625975437817344,0.012673273983300992,0.2011819875407962
2015-12-24,6254.60009765625,6259.89990234375,6236.89990234375,6241.0,108851800,0.0021767826947351895,0.012487175611327917,0.19822776747098772
2015-12-29,6314.60009765625,6314.60009765625,6245.2001953125,6254.60009765625,448441700,0.009547219363833842,0.012519433265836013,0.1987398418612277
2015-12-30,6274.10009765625,6314.60009765625,6261.5,6314.60009765625,327817500,-0.006434364009001419,0.01257649459217586,0.19964566233507608
2015-12-31,6242.2998046875,6278.2998046875,6233.0,6274.10009765625,161427100,-0.005081391077607624,0.012603189445876153,0.20006943000013347
2016-01-04,6093.39990234375,6242.2998046875,6071.0,6242.2998046875,686232700,-0.02414247073334756,0.013462897361260143,0.21371687006569226
2016-01-05,6137.2001953125,6166.2998046875,6079.2001953125,6093.39990234375,624070800,0.0071624417227607535,0.013555861470488957,0.21519262954893678
2016-01-06,6073.39990234375,6137.2001953125,6018.7001953125,6137.2001953125,699957700,-0.010450079940752525,0.01285028350354513,0.20399192656233725
2016-01-07,5954.10009765625,6073.39990234375,5888.0,6073.39990234375,1054315500,-0.01983848968682812,0.013433171293745355,0.21324498337309197
2016-01-08,5912.39990234375,6013.39990234375,5912.39990234375,5954.10009765625,809964200,-0.007028250447110839,0.013474165364641558,0.21389574407400902
2016-01-11,5871.7998046875,5941.89990234375,5871.7998046875,5912.39990234375,817313600,-0.006890626314729586,0.013243632454350078,0.2102361475761257
2016-01-12,5929.2001953125,5985.7998046875,5866.7001953125,5871.7998046875,806737100,0.009728132074493447,0.013492882766550947,0.21419287361785794
2016-01-13,5961.0,6011.10009765625,5929.2001953125,5929.2001953125,809502200,0.005348922639437925,0.013527295630476109,0.21473916089694284
2016-01-14,5918.2001953125,5961.0,5829.2998046875,5961.0,1067078800,-0.007205870627724889,0.012700705699719837,0.20161745253887567
2016-01-15,5804.10009765625,5934.60009765625,5769.2001953125,5918.2001953125,1084338100,-0.01946780041426011,0.013082056787715162,0.2076712133851129
2016-01-18,5779.89990234375,5852.10009765625,5766.5,5804.10009765625,718879400,-0.00417821659508291,0.011801481641078814,0.18734271314633383
2016-01-19,5876.7998046875,5915.7001953125,5779.89990234375,5779.89990234375,808697900,0.016625998248045126,0.012333495842675115,0.1957881767746042
2016-01-20,5673.60009765625,5876.7998046875,5639.89990234375,5876.7998046875,1035052400,-0.035188508738619347,0.014189754343441373,0.2252553669470669
2016-01-21,5773.7998046875,5781.2001953125,5659.2001953125,5673.60009765625,1089335700,0.017506554670749592,0.014853698529612111,0.23579515415327656
2016-01-22,5900.0,5926.89990234375,5773.7998046875,5773.7998046875,879968100,0.02162194213077667,0.015737093072278767,0.2498186077699622
2016-01-25,5877.0,5933.5,5851.7998046875,5900.0,803777200,-0.0039059232811603684,0.015608582013495853,0.24777855795639506
2016-01-26,5911.5,5919.2001953125,5771.39990234375,5877.0,852296000,0.005853178690517672,0.014433642783609868,0.22912697590904266
2016-01-27,5990.39990234375,5990.39990234375,5870.7998046875,5911.5,875026000,0.013258565237925027,0.014813929823983702,0.23516384552294234
2016-01-28,5931.7998046875,6020.5,5889.39990234375,5990.39990234375,892436800,-0.009830496219667587,0.014657777761592685,0.23268500838016348
2016-01-29,6083.7998046875,6083.7998046875,5931.7998046875,5931.7998046875,988153400,0.02530179330392712,0.015869537387095407,0.2519210960873773
2016-02-01,6060.10009765625,6115.10009765625,5993.7998046875,6083.7998046875,808643200,-0.0039031509333514566,0.015858197439014232,0.25174107999235823
2016-02-02,5922.0,6060.5,5889.60009765625,6060.10009765625,986962800,-0.023052088030464477,0.015781647467999926,0.2505258868753199
2016-02-03,5837.10009765625,5924.60009765625,5791.0,5922.0,996202200,-0.014440114785828184,0.015902044816749214,0.2524371355351327
2016-02-04,5898.7998046875,5938.10009765625,5831.10009765625,5837.10009765625,1021666600,0.010514792390528948,0.016028145253372674,0.25443891790826667
2016-02-05,5848.10009765625,5945.89990234375,5839.39990234375,5898.7998046875,954158300,-0.008632068420823345,0.015562981224576904,0.24705466787398772
2016-02-08,5689.39990234375,5882.39990234375,5666.10009765625,5848.10009765625,995838800,-0.027512061604337903,0.016578029478480347,0.2631680593653409
2016-02-09,5632.2001953125,5739.2998046875,5596.2998046875,5689.39990234375,1146904600,-0.010104612992240915,0.016641789868335064,0.2641802241756535
2016-02-10,5672.2998046875,5712.7998046875,5616.89990234375,5632.2001953125,994634100,0.007094480528078239,0.01655883242273445,0.26286331555289116
2016-02-11,5537.0,5672.2998046875,5499.5,5672.2998046875,1068310100,-0.02414180695394631,0.01713518630600698,0.27201264980672396
2016-02-12,5707.60009765625,5707.60009765625,5537.0,5537.0,1083597100,0.030345799343315123,0.018625209588208614,0.29566603612113435
2016-02-15,5824.2998046875,5844.5,5707.60009765625,5707.60009765625,724655800,0.020240149838531805,0.01874910742750555,0.29763285334568196
2016-02-16,5862.2001953125,5880.7001953125,5812.5,5824.2998046875,771095900,0.006486206049733209,0.01876998886799623,0.29796433593701277
2016-02-17,6030.2998046875,6030.2998046875,5862.2001953125,5862.2001953125,948753000,0.02827173528439088,0.01942546934884124,0.30836976598645044
2016-02-18,5972.0,6036.5,5948.2998046875,6030.2998046875,809867000,-0.00971484867985733,0.017761854469844084,0.2819606985031707
2016-02-19,5950.2001953125,6001.2001953125,5916.2998046875,5972.0,692901300,-0.0036570144144202,0.01746217328829201,0.27720340722921394
2016-02-22,6037.7001953125,6065.7998046875,5950.2001953125,5950.2001953125,822107000,0.014598311810324118,0.0171200669252564,0.27177263707806393
2016-02-23,5962.2998046875,6037.7001953125,5954.2001953125,6037.7001953125,747386200,-0.012566897155818295,0.017349441711466913,0.2754138489261137
2016-02-24,5867.2001953125,5966.7001953125,5845.60009765625,5962.2998046875,834682500,-0.016078728293228282,0.017679821564192556,0.28065846649710285
2016-02-25,6012.7998046875,6029.0,5867.2001953125,5867.2001953125,999956900,0.024512946130420814,0.018273817046454734,0.2900878524528725
2016-02-26,6096.0,6115.39990234375,6012.7998046875,6012.7998046875,858937600,0.013742320630123168,0.018352139496260318,0.29133118279842596
2016-02-29,6097.10009765625,6105.0,6033.2001953125,6096.0,941705500,0.0001804459326052655,0.017508781479329865,0.2779432893244825
2016-03-01,6152.89990234375,6153.7998046875,6070.5,6097.10009765625,933626200,0.009110235203070744,0.01758996822636777,0.2792320889789821
2016-03-02,6147.10009765625,6194.0,6097.7998046875,6152.89990234375,904552300,-0.0009430577426571987,0.01673671725663526,0.2656871497479606
2016-03-03,6130.5,6173.7001953125,6108.39990234375,6147.10009765625,902840400,-0.0027041290870591364,0.016359848903371395,0.25970455010948085
2016-03-04,6199.39990234375,6204.10009765625,6130.5,6130.5,866051300,0.011176184731735797,0.01637701038479845,0.25997698018139354
2016-03-07,6182.39990234375,6216.10009765625,6125.60009765625,6199.39990234375,817955900,-0.002745967621881327,0.01622905482142534,0.2576282584267513
2016-03-08,6125.39990234375,6182.5,6101.89990234375,6182.39990234375,913517000,-0.009262485322107957,0.014973388380940231,0.23769517163971157
2016-03-09,6146.2998046875,6174.7998046875,6118.2001953125,6125.39990234375,758331300,0.003406198497315224,0.01464554790484027,0.2324908654229425
2016-03-10,6036.7001953125,6203.39990234375,6036.7001953125,6146.2998046875,1056246900,-0.01799270559806196,0.015398017893144812,0.24443595617150346
2016-03-11,6139.7998046875,6150.89990234375,6036.7001953125,6036.7001953125,721703700,0.01693459915043333,0.014356203915986812,0.22789767199579633
2016-03-14,6174.60009765625,6197.7998046875,6139.7998046875,6139.7998046875,688585100,0.005651982376028006,0.01312837455335857,0.2084064851201727
2016-03-15,6140.0,6174.60009765625,6114.7998046875,6174.60009765625,700313300,-0.005619376744714623,0.012709924392697426,0.20176379475306622
2016-03-16,6175.5,6186.2001953125,6134.2998046875,6140.0,700761300,0.005765108736880958,0.012699625063313338,0.20160029796774
2016-03-17,6201.10009765625,6220.0,6125.7001953125,6175.5,832614900,0.004136860521214152,0.01125914869059497,0.17873344445767686
2016-03-18,6189.60009765625,6237.0,6186.2001953125,6201.10009765625,1129194800,-0.0018562313865650476,0.011001343406043721,0.1746409124400718
2016-03-21,6184.60009765625,6215.2998046875,6154.10009765625,6189.60009765625,532073700,-0.0008081330822513304,0.010949369254693609,0.17381584836561562
2016-03-22,6192.7001953125,6193.5,6110.39990234375,6184.60009765625,738984400,0.0013088635842863723,0.010551938605693359,0.16750683240171763
2016-03-23,6199.10009765625,6216.7998046875,6171.10009765625,6192.7001953125,621495500,0.0010329254444819945,0.01007067400431815,0.15986699370137303
2016-03-24,6106.5,6199.10009765625,6090.0,6199.10009765625,625282200,-0.015050358348091975,0.00998121327497556,0.15844684864969133
2016-03-29,6105.89990234375,6156.7001953125,6070.7998046875,6106.5,596325500,-9.82767779521959e-05,0.008533684350219973,0.13546803934683524
2016-03-30,6203.2001953125,6221.7998046875,6105.89990234375,6105.89990234375,803811000,0.01580981856923862,0.008701567012677693,0.1381330939926504
2016-03-31,6174.89990234375,6203.39990234375,6149.7998046875,6203.2001953125,746399600,-0.004572647184398585,0.008780766974781043,0.13939035441407763
2016-04-01,6146.10009765625,6174.89990234375,6076.89990234375,6174.89990234375,747479000,-0.004674922025627011,0.008626972964599118,0.13694895018964137
2016-04-04,6164.7001953125,6202.0,6132.89990234375,6146.10009765625,546684700,0.003021755103931224,0.008649866674816384,0.13731237657257617
2016-04-05,6091.2001953125,6164.7001953125,6061.89990234375,6164.7001953125,826023000,-0.01199436660340289,0.009031545028172201,0.14337133259535292
2016-04-06,6161.60009765625,6161.60009765625,6091.2001953125,6091.2001953125,738661300,0.011491361216882752,0.00905181943698684,0.14369317885756727
2016-04-07,6136.89990234375,6204.10009765625,6119.39990234375,6161.60009765625,761729900,-0.004016787172922832,0.009073273438126502,0.14403375056742432
2016-04-08,6204.39990234375,6216.2998046875,6136.89990234375,6136.89990234375,622127800,0.0109389892738657,0.00915186380713293,0.14528133399843915
2016-04-11,6200.10009765625,6229.7001953125,6165.5,6204.39990234375,552586500,-0.0006932653246343613,0.009132944620826196,0.14498100122658727
2016-04-12,6242.39990234375,6248.2998046875,6176.2998046875,6200.10009765625,690137700,0.006799271472404833,0.00818797812543553,0.12998012316203547
2016-04-13,6362.89990234375,6362.89990234375,6242.39990234375,6242.39990234375,957136100,0.019119524745710346,0.008403676338233019,0.13340422613785494
2016-04-14,6365.10009765625,6373.89990234375,6335.39990234375,6362.89990234375,853106400,0.00034572522539510055,0.00835854844452083,0.13268784303412728
2016-04-15,6343.7998046875,6372.5,6328.2001953125,6365.10009765625,780841700,-0.0033520309510330216,0.008276953267048142,0.13139255974747782
2016-04-18,6353.5,6354.89990234375,6261.7001953125,6343.7998046875,594992600,0.0015279149659884425,0.008220642158381366,0.13049864860998206
2016-04-19,6405.39990234375,6418.2998046875,6353.5,6353.5,808478400,0.008135527200316722,0.008333874878109071,0.132296162310032
2016-04-20,6410.2998046875,6421.89990234375,6367.39990234375,6405.39990234375,814753100,0.0007646718781682379,0.008299971140829676,0.13175795716589028
2016-04-21,6381.39990234375,6427.2998046875,6352.89990234375,6410.2998046875,831612200,-0.004518547523325215,0.008394282715450433,0.1332551069990989
2016-04-22,6310.39990234375,6381.60009765625,6289.2998046875,6381.39990234375,675930800,-0.011188443206932481,0.008839101537855987,0.1403163868944931
2016-04-25,6260.89990234375,6324.60009765625,6249.2998046875,6310.39990234375,688678400,-0.00787512136232986,0.009043615034096054,0.14356293799933847
2016-04-26,6284.5,6297.89990234375,6260.89990234375,6260.89990234375,776825800,0.0037623552344057845,0.008332931886205285,0.1322811927776374
2016-04-27,6319.89990234375,6319.89990234375,6255.2001953125,6284.5,822361600,0.0056170854138363115,0.008375863803153302,0.1329627158309478
2016-04-28,6322.39990234375,6322.39990234375,6224.5,6319.89990234375,861757000,0.0003954976659642425,0.0077219302040208385,0.12258184176742437
2016-04-29,6241.89990234375,6322.39990234375,6241.89990234375,6322.39990234375,865553800,-0.012814259893822086,0.00820842712676808,0.13030474099454878
2016-05-03,6185.60009765625,6270.0,6159.89990234375,6241.89990234375,869478400,-0.009060581749182797,0.008400584664543229,0.13335514733954607
2016-05-04,6112.0,6185.60009765625,6100.7998046875,6185.60009765625,775563200,-0.011969973955331472,0.008786324684942132,0.13947858032774893
2016-05-05,6117.2998046875,6152.60009765625,6102.2998046875,6112.0,713231200,0.0008667389145620421,0.008377099446325325,0.13298233105820212
2016-05-06,6125.7001953125,6129.89990234375,6054.7001953125,6117.2998046875,698735000,0.001372276720291055,0.007976817068791494,0.126628045307265
2016-05-09,6114.7998046875,6177.60009765625,6108.39990234375,6125.7001953125,669494900,-0.0017810372952774631,0.007939256677373252,0.12603179257823152
2016-05-10,6156.7001953125,6180.2001953125,6114.7998046875,6114.7998046875,652991800,0.006828921233321279,0.007698675291596904,0.12221268147721848
2016-05-11,6162.5,6172.7001953125,6131.2001953125,6156.7001953125,573062300,0.0009415879316920633,0.007703480961593679,0.12228896912338555
2016-05-12,6104.2001953125,6193.2001953125,6094.10009765625,6162.5,698762400,-0.009505448527276965,0.0077746089812806,0.12341809143142614
2016-05-13,6138.5,6138.5,6060.10009765625,6104.2001953125,646363000,0.005603321797225933,0.006469983933490645,0.10270781084759828
2016-05-16,6151.39990234375,6157.2001953125,6092.2001953125,6138.5,445329500,0.002099269674069004,0.006509035698658188,0.10332773840094676
2016-05-17,6167.7998046875,6215.89990234375,6147.2001953125,6151.39990234375,758810700,0.0026624963344779643,0.006561412899197326,0.10415920068292465
2016-05-18,6165.7998046875,6169.2998046875,6116.0,6167.7998046875,887529400,-0.00032431732517248434,0.006533325493007593,0.10371332693241932
2016-05-19,6053.39990234375,6165.7998046875,6050.2001953125,6165.7998046875,936494700,-0.018397779794343334,0.007129777950952759,0.11318171616799604
2016-05-20,6156.2998046875,6156.5,6053.39990234375,6053.39990234375,780582600,0.01685583447927144,0.008290047413241176,0.13160042287422274
2016-05-23,6136.39990234375,6173.10009765625,6122.60009765625,6156.2998046875,653011400,-0.003237680932836543,0.008274711068188263,0.13135696594403865
2016-05-24,6219.2998046875,6231.89990234375,6109.60009765625,6136.39990234375,833810600,0.0134190937465576,0.008623288523075512,0.13689046149369163
2016-05-25,6262.89990234375,6270.2998046875,6219.2998046875,6219.2998046875,870436700,0.006985992213128957,0.008614155197751175,0.1367454744489842
2016-05-26,6265.7001953125,6281.7001953125,6243.5,6262.89990234375,665573200,0.00044702408785565376,0.008572325690022994,0.13608145159950605
2016-05-27,6270.7998046875,6275.89990234375,6250.2998046875,6265.7001953125,559788200,0.0008135619441277027,0.008474480094534586,0.13452820092423395
2016-05-31,6230.7998046875,6290.10009765625,6230.10009765625,6270.7998046875,1329032900,-0.0063992029418760196,0.008572875885674068,0.13609018568469708
2016-06-01,6191.89990234375,6233.2001953125,6151.89990234375,6230.7998046875,887239300,-0.006262733609416103,0.008221808699257406,0.13051716687229523
2016-06-02,6185.60009765625,6220.2998046875,6173.10009765625,6191.89990234375,892214700,-0.0010179446950505818,0.007981181073318631,0.12669732173146
2016-06-03,6209.60009765625,6251.7001953125,6168.2001953125,6185.60009765625,640902800,0.0038724715396109026,0.007529107552136927,0.11952087706327551
2016-06-06,6273.39990234375,6301.60009765625,6209.60009765625,6209.60009765625,732583800,0.010221959499338852,0.007807700066745539,0.12394339612794661
2016-06-07,6284.5,6322.60009765625,6273.39990234375,6273.39990234375,690004500,0.0017678275242545749,0.0078086138107199615,0.12395790136385645
2016-06-08,6301.5,6304.5,6263.7998046875,6284.5,643216300,0.0027014159126541883,0.007783739507963127,0.12356303404907217
2016-06-09,6231.89990234375,6301.7001953125,6229.10009765625,6301.5,668485600,-0.011106453739179348,0.008137893960913366,0.12918506169834693
2016-06-10,6115.7998046875,6231.89990234375,6097.2001953125,6231.89990234375,725887400,-0.01880569207166936,0.009169342157460894,0.14555879420821188
2016-06-13,6045.0,6115.7998046875,6045.0,6115.7998046875,827452100,-0.01164407041780472,0.009287088788289441,0.14742796402554031
2016-06-14,5923.5,6045.0,5921.7001953125,6045.0,954027400,-0.020303993654079228,0.010123852953484192,0.1607111833482356
2016-06-15,5966.7998046875,6007.5,5923.39990234375,5923.5,856010000,0.007283247151753997,0.010283018313294638,0.16323785510460292
2016-06-16,5950.5,5966.7998046875,5900.0,5966.7998046875,791476800,-0.0027354879240732237,0.010242440850210801,0.16259370784768049
2016-06-17,6021.10009765625,6046.10009765625,5950.5,5950.5,1274460400,0.011794733459825677,0.01065731207341348,0.16917958434394925
2016-06-20,6204.0,6236.5,6021.10009765625,6021.10009765625,979119000,0.0299242622141092,0.0118883301102725,0.1887213898537327
2016-06-21,6226.60009765625,6250.2001953125,6156.2001953125,6204.0,816749300,0.003636207806582074,0.011354223974750853,0.18024271780390846
2016-06-22,6261.2001953125,6315.60009765625,6222.0,6226.60009765625,858110900,0.005541438105156005,0.011369760897032302,0.18048935879888478
2016-06-23,6338.10009765625,6380.60009765625,6261.2001953125,6261.2001953125,887921000,0.012207163173942576,0.011306250344898369,0.17948116003943604
2016-06-24,6138.7001953125,6338.60009765625,5788.7001953125,6338.10009765625,3761301300,-0.03196602922589258,0.013280799361980934,0.210826153943681
2016-06-27,5982.2001953125,6138.7001953125,5958.7001953125,6138.7001953125,2430429000,-0.025824599242038226,0.014337571550677417,0.2276018923661229
2016-06-28,6140.39990234375,6170.2998046875,5982.2001953125,5982.2001953125,1545515100,0.026101444780976518,0.015609297794943177,0.2477899206346112
2016-06-29,6360.10009765625,6360.10009765625,6140.39990234375,6140.39990234375,1458617500,0.035154245140357844,0.01741954916576704,0.27652677026089345
2016-06-30,6504.2998046875,6504.2998046875,6310.0,6360.10009765625,1515147700,0.02241935076142867,0.017940093264102883,0.28479015164472743
2016-07-01,6577.7998046875,6587.39990234375,6498.60009765625,6504.2998046875,1066211600,0.01123684661892835,0.018024386915253984,0.2861282718730121
2016-07-04,6522.2998046875,6612.10009765625,6514.7998046875,6577.7998046875,748239600,-0.008473268709757191,0.01819257490964639,0.2887981735130263
2016-07-05,6545.39990234375,6561.60009765625,6472.2998046875,6522.2998046875,1142087300,0.003535453405823407,0.018106027205293182,0.2874242712994535
2016-07-06,6463.60009765625,6580.2998046875,6432.5,6545.39990234375,1566032200,-0.012576044705197168,0.01838447814714051,0.29184454296621193
2016-07-07,6533.7998046875,6579.2998046875,6463.60009765625,6463.60009765625,1017465800,0.010802220471653308,0.018499144198261253,0.2936648100967358
2016-07-08,6590.60009765625,6605.7998046875,6515.2001953125,6533.7998046875,909700100,0.008655732532106105,0.01831557186778053,0.2907506896924684
2016-07-11,6682.89990234375,6695.10009765625,6590.60009765625,6590.60009765625,939285500,0.013907604235946683,0.017781527963219988,0.2822730055285258
2016-07-12,6680.7001953125,6703.10009765625,6663.7001953125,6682.89990234375,1130427300,-0.0003292087513906135,0.017444947672880674,0.27692995906186335
2016-07-13,6670.39990234375,6717.2001953125,6654.60009765625,6680.7001953125,1028320400,-0.0015429882087614286,0.016554804712965512,0.2627993776424806
2016-07-14,6654.5,6743.39990234375,6648.39990234375,6670.39990234375,896411400,-0.002386495959682507,0.0166415002580119,0.26417562675430023
2016-07-15,6669.2001953125,6669.2001953125,6616.5,6654.5,814067900,0.00220662444543901,0.01655848897407191,0.26285786347439594
2016-07-18,6695.39990234375,6715.60009765625,6653.7001953125,6669.2001953125,851731500,0.003920766862086846,0.01649618556594911,0.2618688275320478
2016-07-19,6697.39990234375,6711.7001953125,6660.89990234375,6695.39990234375,615693000,0.00029866794755885887,0.015499708237421654,0.24605024034166187
2016-07-20,6729.0,6736.60009765625,6694.39990234375,6697.39990234375,744699200,0.004707167406622291,0.015501442901926475,0.24607777728698918
2016-07-21,6699.89990234375,6732.10009765625,6694.5,6729.0,785375100,-0.004333957869556803,0.015592155919254476,0.24751780179414629
2016-07-22,6730.5,6735.89990234375,6663.7001953125,6699.89990234375,694731500,0.004556848765386432,0.015460612760691226,0.24542961888876452
2016-07-25,6710.10009765625,6756.10009765625,6691.0,6730.5,661596700,-0.0030355665461930014,0.01334659495220626,0.21187062655828656
2016-07-26,6724.0,6744.7998046875,6708.60009765625,6710.10009765625,715629500,0.0020693469905514223,0.011459748048154385,0.1819178605372461
2016-07-27,6750.39990234375,6780.10009765625,6723.7001953125,6724.0,762916700,0.003918532374832542,0.010450148984444674,0.16589097225848878
2016-07-28,6721.10009765625,6762.7001953125,6718.89990234375,6750.39990234375,1204906600,-0.0043499017759756915,0.007903272162997953,0.1254605561217127
2016-07-29,6724.39990234375,6740.5,6691.10009765625,6721.10009765625,896711900,0.0004908415088693221,0.006477836182467429,0.10283246143574906
2016-08-01,6694.0,6769.39990234375,6678.5,6724.39990234375,705878400,-0.004531084864960421,0.006211471211437941,0.09860404860781136
2016-08-02,6645.39990234375,6694.10009765625,6630.7998046875,6694.0,797367100,-0.007286731495110031,0.006127404777819963,0.09726953534604363
2016-08-03,6634.39990234375,6673.60009765625,6621.39990234375,6645.39990234375,773167000,-0.0016566518588487264,0.006120085604715173,0.09715334707501619
2016-08-04,6740.2001953125,6749.7001953125,6615.7998046875,6634.39990234375,975076700,0.01582140761654723,0.006190079895201506,0.09826447198994369
2016-08-05,6793.5,6802.39990234375,6738.60009765625,6740.2001953125,854685300,0.00787664563051781,0.0060123336219977406,0.09544283737774945
2016-08-08,6809.10009765625,6829.5,6781.5,6793.5,731849100,0.0022936944971755848,0.0058094401122420845,0.09222200276109431
2016-08-09,6851.2998046875,6863.10009765625,6807.7998046875,6809.10009765625,843228100,0.006178419603111061,0.005200515638976744,0.08255562642020776
2016-08-10,6866.39990234375,6866.39990234375,6820.0,6851.2998046875,714543400,0.0022015504170089188,0.00519298799051626,0.08243612870550641
2016-08-11,6914.7001953125,6914.7001953125,6812.7001953125,6866.39990234375,735360000,0.0070096712741176325,0.00529283289330967,0.0840211174003191
2016-08-12,6916.0,6931.0,6896.0,6914.7001953125,666188200,0.00018795934738964195,0.005222483403256056,0.08290435386706665
2016-08-15,6941.2001953125,6955.2998046875,6907.2001953125,6916.0,534981000,0.0036371305513134148,0.005236876561302144,0.08313283816769144
2016-08-16,6893.89990234375,6941.2001953125,6893.89990234375,6941.2001953125,624313400,-0.0068377499154765,0.005546743165908809,0.08805181802005074
2016-08-17,6859.2001953125,6920.7998046875,6849.89990234375,6893.89990234375,694905300,-0.005046103120775229,0.005719321009143894,0.0907914063500503
2016-08-18,6869.0,6893.39990234375,6850.60009765625,6859.2001953125,562282600,0.0014276898956388103,0.0056614361791375595,0.08987251316077023
2016-08-19,6859.0,6871.5,6840.89990234375,6869.0,682389000,-0.0014568767145602686,0.005560305545655872,0.08826711412403242
2016-08-22,6828.5,6884.60009765625,6812.10009765625,6859.0,598174100,-0.004456628380842125,0.005629006967274438,0.08935771538194837
2016-08-23,6868.5,6885.39990234375,6828.5,6828.5,714675900,0.0058407116467806145,0.005668516707233458,0.08998491305972675
2016-08-24,6835.7998046875,6868.5,6825.2001953125,6868.5,725713700,-0.004772262405138457,0.00580563353783294,0.09216157526569235
2016-08-25,6816.89990234375,6836.2001953125,6779.2001953125,6835.7998046875,637936600,-0.0027686706398696794,0.005808575800679671,0.09220828224039776
2016-08-26,6838.10009765625,6857.2998046875,6798.7998046875,6816.89990234375,516535900,0.0031051208123701367,0.0057267113212419235,0.09090872391758552
2016-08-30,6820.7998046875,6851.7998046875,6808.10009765625,6838.10009765625,721583800,-0.0025331911565139717,0.005773281127262724,0.09164799666959886
2016-08-31,6781.5,6832.89990234375,6779.5,6820.7998046875,914533800,-0.00577842197333841,0.005835630907701817,0.09263776874964678
2016-09-01,6746.0,6826.2001953125,6723.2001953125,6781.5,962003800,-0.0052485797811739395,0.0057132487966201784,0.09069501296457619
2016-09-02,6894.60009765625,6928.2998046875,6746.0,6746.0,1148353400,0.021788774034212026,0.00729762224500479,0.11584616173425327
2016-09-05,6879.39990234375,6910.7001953125,6867.10009765625,6894.60009765625,556659100,-0.002207086029156622,0.006596347886606069,0.1047137764153569
2016-09-06,6826.10009765625,6887.89990234375,6819.0,6879.39990234375,666479900,-0.007777910092853587,0.006661447148809907,0.10574719516530776
2016-09-07,6846.60009765625,6856.10009765625,6814.89990234375,6826.10009765625,910691300,0.0029986783983578773,0.00667414231000836,0.10594872460161765
2016-09-08,6858.7001953125,6889.60009765625,6819.7998046875,6846.60009765625,784127900,0.0017657549329810076,0.006546790978436907,0.1039270848867917
2016-09-09,6777.0,6862.39990234375,6762.2998046875,6858.7001953125,768674900,-0.011983421729023568,0.007027950821706679,0.11156526060376748
2016-09-12,6700.89990234375,6777.0,6654.5,6777.0,861327100,-0.011292694993694768,0.007167413215499692,0.1137791574710999
2016-09-13,6665.60009765625,6724.7001953125,6665.60009765625,6700.89990234375,839927300,-0.005281844424983826,0.007202474310599556,0.11433573510106686
2016-09-14,6673.2998046875,6720.2998046875,6665.60009765625,6665.60009765625,676448700,0.00115447419844338,0.0071295296094626825,0.11317777386905827
2016-09-15,6730.2998046875,6736.7998046875,6654.7998046875,6673.2998046875,747305800,0.008505229232542669,0.00737730537552494,0.11711109221651378
2016-09-16,6710.2998046875,6746.2998046875,6692.7001953125,6730.2998046875,1346126200,-0.002976059899530322,0.0073362706680563895,0.11645968643000935
2016-09-19,6813.60009765625,6814.0,6710.2998046875,6710.2998046875,685155700,0.015276998910529176,0.008147331549988687,0.12933487878036284
2016-09-20,6830.7998046875,6869.10009765625,6798.0,6813.60009765625,695070600,0.0025211392607469196,0.008167399494580575,0.129653447524649
2016-09-21,6834.7998046875,6879.7998046875,6830.5,6830.7998046875,700988900,0.0005854115777680102,0.008109800332163557,0.12873908916776272
2016-09-22,6911.39990234375,6937.2998046875,6834.7998046875,6834.7998046875,733328200,0.011145028032846449,0.00837755728709204,0.1329895990550549
2016-09-23,6909.39990234375,6920.2001953125,6882.60009765625,6911.39990234375,738083700,-0.000289418853065593,0.008298684648750276,0.13173753473725583
2016-09-26,6818.0,6909.60009765625,6806.5,6909.39990234375,772058900,-0.013316615479866765,0.008810477299259245,0.13986199119371975
2016-09-27,6807.7001953125,6865.5,6768.89990234375,6818.0,822515600,-0.0015118205305609,0.00878689344939522,0.1394876091835336
2016-09-28,6849.39990234375,6878.2001953125,6807.7001953125,6807.7001953125,735753900,0.00610668975413494,0.00887461587782065,0.1408801595636317
2016-09-29,6919.39990234375,6941.10009765625,6849.39990234375,6849.39990234375,833301000,0.010168003615468626,0.009018621201421414,0.14316617320593372
2016-09-30,6899.2998046875,6919.39990234375,6809.5,6919.39990234375,1148617200,-0.002909117682260229,0.008952318344255684,0.14211364797829237
2016-10-03,6983.5,6996.39990234375,6898.10009765625,6899.2998046875,723046300,0.012130294891195163,0.008035858934308844,0.12756530586586637
2016-10-04,7074.2998046875,7121.89990234375,6983.5,6983.5,1411305400,0.01291824733266706,0.008438486255938776,0.13395681645030327
2016-10-05,7033.2998046875,7076.7001953125,7024.10009765625,7074.2998046875,941050600,-0.0058124863998502046,0.008342771797824798,0.13243739653204592
2016-10-06,7000.0,7049.2998046875,7000.0,7033.2998046875,796980200,-0.0047458356411925195,0.008440281054247325,0.13398530799017092
2016-10-07,7044.39990234375,7079.2998046875,7000.0,7000.0,1359993500,0.006322812020517677,0.008517691528990012,0.1352141611804145
2016-10-10,7097.5,7104.5,7024.10009765625,7044.39990234375,848672800,0.007509648289158237,0.008050228448643225,0.12779341483420367
2016-10-11,7070.89990234375,7129.7998046875,7061.39990234375,7097.5,954215200,-0.003754852925144294,0.007572382531776088,0.12020784606797515
2016-10-12,7024.0,7079.39990234375,7015.7998046875,7070.89990234375,910363500,-0.006654900107029463,0.0076490123163291,0.12142430618566151
2016-10-13,6977.7001953125,7024.0,6930.0,7024.0,1010365100,-0.006613478762863335,0.007900713280083294,0.12541993511475477
2016-10-14,7013.60009765625,7055.2001953125,6977.7001953125,6977.7001953125,846003100,0.005131757646127247,0.007798109710600314,0.12379115394387778
2016-10-17,6947.60009765625,7013.60009765625,6937.39990234375,7013.60009765625,705888600,-0.009454844962246233,0.008124621805811498,0.1289743727677784
2016-10-18,7000.10009765625,7033.0,6946.39990234375,6947.60009765625,795838600,0.007528158364419249,0.007636307138880036,0.1212226177463025
2016-10-19,7021.89990234375,7031.2001953125,6975.89990234375,7000.10009765625,798401200,0.0031093741622094705,0.007642141400586479,0.12131523377965599
2016-10-20,7026.89990234375,7047.60009765625,6998.7998046875,7021.89990234375,819201600,0.0007118046068878582,0.007641588724312002,0.12130646031578923
2016-10-21,7020.5,7058.39990234375,7011.10009765625,7026.89990234375,735110600,-0.0009111868147899952,0.007312322687639238,0.11607952402649319
2016-10-24,6986.39990234375,7067.2998046875,6983.39990234375,7020.5,657275100,-0.004869052433224029,0.0074123465374202,0.11766735341666744
2016-10-25,7017.60009765625,7067.2001953125,6985.89990234375,6986.39990234375,836098700,0.0044559050180004054,0.006736396496255927,0.10693697917092021
2016-10-26,6958.10009765625,7017.60009765625,6917.7998046875,7017.60009765625,911701300,-0.00851483054999817,0.007052330007799836,0.11195226818517943
2016-10-27,6986.60009765625,7003.89990234375,6924.10009765625,6958.10009765625,932928900,0.0040875801247857845,0.006993324550657723,0.11101558559161716
2016-10-28,6996.2998046875,7006.39990234375,6927.2001953125,6986.60009765625,927919200,0.0013873672349535705,0.006669266132660031,0.1058713176859437
2016-10-31,6954.2001953125,6996.2998046875,6945.2998046875,6996.2998046875,786510100,-0.006035588283781477,0.006783704922458845,0.10768797715482484
2016-11-01,6917.10009765625,6993.7998046875,6903.60009765625,6954.2001953125,757445500,-0.0053492009166644,0.0063264844500094865,0.10042982716825408
2016-11-02,6845.39990234375,6917.10009765625,6845.39990234375,6917.10009765625,773904700,-0.010419741184356955,0.0058949438751976415,0.09357933291873803
2016-11-03,6790.5,6873.2001953125,6790.5,6845.39990234375,1051387600,-0.008052303020288625,0.0059950256838017454,0.09516808237670618
2016-11-04,6693.2998046875,6790.5,6676.60009765625,6790.5,875842600,-0.014417579678949176,0.006585346257101419,0.10453913096124225
2016-11-07,6806.89990234375,6806.89990234375,6693.2998046875,6693.2998046875,862189600,0.01682979236869948,0.007583454424810067,0.12038360692103885
2016-11-08,6843.10009765625,6849.2998046875,6795.10009765625,6806.89990234375,807294400,0.00530407035623316,0.007464845058713704,0.1185007416059149
2016-11-09,6911.7998046875,6911.7998046875,6696.2998046875,6843.10009765625,1364332200,0.009989208032134591,0.007870665966874208,0.12494294880485335
2016-11-10,6828.0,6997.2998046875,6799.10009765625,6911.7998046875,1691621700,-0.012198262707909767,0.008154690721413588,0.12945170200503753
2016-11-11,6730.39990234375,6849.0,6709.7001953125,6828.0,1079211900,-0.01439724218745201,0.008572214204684254,0.13607968182461924
2016-11-14,6753.2001953125,6814.2001953125,6730.39990234375,6730.39990234375,1053182100,0.003381932797633127,0.008510582595557445,0.13510131036071757
2016-11-15,6792.7001953125,6820.5,6753.2001953125,6753.2001953125,1123112200,0.005832039335781323,0.00847695136068971,0.13456743105825342
2016-11-16,6749.7001953125,6810.5,6735.7001953125,6792.7001953125,850998000,-0.0063504464893755375,0.008312201650398298,0.1319521104862473
2016-11-17,6794.7001953125,6798.7998046875,6745.10009765625,6749.7001953125,826252500,0.006644836874135793,0.008449880198336058,0.13413768967851808
2016-11-18,6775.7998046875,6811.60009765625,6740.2998046875,6794.7001953125,866734900,-0.0027855131123845855,0.008437192231102843,0.13393627444286596
2016-11-21,6778.0,6820.89990234375,6754.2001953125,6775.7998046875,781736600,0.0003246610343271699,0.008447513108091219,0.13410011328580596
2016-11-22,6819.7001953125,6851.39990234375,6778.0,6778.0,896754300,0.00613343807266004,0.008579600977123517,0.13619694320181353
2016-11-23,6817.7001953125,6880.7001953125,6779.5,6819.7001953125,773975400,-0.0002933110353954393,0.008486532887413092,0.13471953307959575
2016-11-24,6829.2001953125,6831.2001953125,6790.7001953125,6817.7001953125,491417000,0.0016853647924333288,0.008348300398582626,0.13252516034826617
2016-11-25,6840.7998046875,6852.10009765625,6818.10009765625,6829.2001953125,477578100,0.0016970902939309111,0.008293144702840264,0.13164959082232797
2016-11-28,6799.5,6841.0,6769.7998046875,6840.7998046875,688383900,-0.006055575241611685,0.00834470780329842,0.1324681296661663
2016-11-29,6772.0,6800.89990234375,6729.39990234375,6799.5,772231500,-0.00405261579598776,0.008300239599521112,0.1317622188154993
2016-11-30,6783.7998046875,6845.7001953125,6765.2001953125,6772.0,1331987200,0.0017409238610433136,0.0082699155478152,0.13128083941815305
2016-12-01,6752.89990234375,6789.2998046875,6688.39990234375,6783.7998046875,938011500,-0.004565360343627569,0.008029069618762907,0.12745752882282502
2016-12-02,6730.7001953125,6752.89990234375,6678.7001953125,6752.89990234375,687199300,-0.003292848635301367,0.007875311380894891,0.12501669246626732
2016-12-05,6746.7998046875,6799.5,6697.7001953125,6730.7001953125,790521700,0.00238911029980971,0.007207494005088985,0.11441542028072615
2016-12-06,6779.7998046875,6785.2998046875,6723.10009765625,6746.7998046875,845397500,0.004879284731323816,0.0062521408423307735,0.09924965898334272
2016-12-07,6902.2001953125,6902.2001953125,6779.7998046875,6779.7998046875,1161379200,0.01789265547706799,0.007317908419946965,0.11616819477795173
2016-12-08,6931.60009765625,6937.5,6892.2001953125,6902.2001953125,1019417900,0.004250451211306555,0.007044321998094683,0.11182514497212087
2016-12-09,6954.2001953125,6962.2998046875,6929.5,6931.60009765625,803052200,0.0032551408107844397,0.006475592124542371,0.1027968381205651
2016-12-12,6890.39990234375,6976.7998046875,6875.39990234375,6954.2001953125,917840600,-0.009216697363267563,0.00594145995364209,0.09431775277191794
2016-12-13,6968.60009765625,6978.0,6877.5,6890.39990234375,905452400,0.011285233458782346,0.006329610247292793,0.10047944766181666
2016-12-14,6949.2001953125,6970.5,6942.0,6968.60009765625,971286400,-0.002787784635450442,0.006313777954386354,0.10022811780353044
2016-12-15,6999.0,7010.5,6925.89990234375,6949.2001953125,1064458500,0.0071407085640425305,0.006204850218659022,0.09849894360585912
2016-12-16,7011.60009765625,7038.39990234375,6990.39990234375,6999.0,1113082800,0.0017986525866643258,0.006102073394980332,0.09686741210988943
2016-12-19,7017.2001953125,7025.7001953125,6986.39990234375,7011.60009765625,626061400,0.0007983716122204285,0.006025974206984307,0.09565937495142082
2016-12-20,7044.0,7045.2001953125,6992.60009765625,7017.2001953125,721985200,0.0038118847276723726,0.006035175690934839,0.09580544398077599
2016-12-21,7041.39990234375,7057.0,7025.7001953125,7044.0,600551300,-0.00036919046726543753,0.005969966278790833,0.09477027665473345
2016-12-22,7063.7001953125,7063.7001953125,7020.10009765625,7041.39990234375,468663000,0.0031620210271338474,0.005965006366269556,0.09469154048439785
2016-12-23,7068.2001953125,7071.10009765625,7054.60009765625,7063.7001953125,186159300,0.0006368570436683397,0.005969415569998754,0.09476153442368151
2016-12-28,7106.10009765625,7109.39990234375,7060.89990234375,7068.2001953125,470755300,0.005347705619606492,0.006024127079870987,0.09563005271753021
2016-12-29,7120.2998046875,7120.2998046875,7074.5,7106.10009765625,383620400,0.0019962480802194205,0.005748271360167249,0.09125097892510523
2016-12-30,7142.7998046875,7142.7998046875,7087.5,7120.2998046875,316700000,0.0031549970595409955,0.005568947930624984,0.08840430773220893
2017-01-03,7177.89990234375,7205.5,7142.7998046875,7142.7998046875,795658400,0.004902018569149726,0.005588997762840355,0.0887225889514316
2017-01-04,7189.7001953125,7189.7001953125,7168.7998046875,7177.89990234375,742050400,0.0016426258445195138,0.005344958410609431,0.08484858433473369
2017-01-05,7195.2998046875,7212.0,7172.7998046875,7189.7001953125,768721000,0.000778534537064154,0.005177075925622308,0.0821835325061769
2017-01-06,7210.10009765625,7210.10009765625,7180.60009765625,7195.2998046875,694323700,0.0020548264229668448,0.005180137537968974,0.08223213409545788
2017-01-09,7237.7998046875,7243.7998046875,7207.39990234375,7210.10009765625,705536400,0.0038344314616273554,0.005167827673316948,0.08203672105220514
2017-01-10,7275.5,7284.7998046875,7237.2998046875,7237.7998046875,933682800,0.005195273386005112,0.003951867867578655,0.06273395755080154
2017-01-11,7290.5,7328.5,7257.2001953125,7275.5,878535700,0.002059591556006709,0.003932444919634308,0.06242562781087056
2017-01-12,7292.39990234375,7302.2998046875,7263.39990234375,7290.5,831909900,0.0002605657814594384,0.003954267191074822,0.06277204563051544
2017-01-13,7337.7998046875,7338.5,7292.39990234375,7292.39990234375,811899400,0.0062063470057443625,0.0030431646373401443,0.04830874097416852
2017-01-16,7327.10009765625,7354.10009765625,7320.5,7337.7998046875,633737000,-0.0014592269979493827,0.0025358721339646074,0.04025572213877413
2017-01-17,7220.39990234375,7329.2998046875,7220.39990234375,7327.10009765625,879279000,-0.014669477056335194,0.004393625393732416,0.06974664087476531
2017-01-18,7247.60009765625,7260.5,7218.39990234375,7220.39990234375,795536000,0.003760053546981239,0.004248582415956992,0.06744415498310506
2017-01-19,7208.39990234375,7249.60009765625,7191.7001953125,7247.60009765625,748413500,-0.005423393939687003,0.0045205654317939745,0.07176175150753306
2017-01-20,7198.39990234375,7221.0,7193.7001953125,7208.39990234375,819057000,-0.0013882335760284003,0.004558162365526037,0.07235858432781472
2017-01-23,7151.2001953125,7198.39990234375,7131.5,7198.39990234375,714162600,-0.006578563435032708,0.004818564921268111,0.07649234674736971
2017-01-24,7150.2998046875,7190.2001953125,7144.39990234375,7151.2001953125,1071108500,-0.00012591555098275548,0.004816109152992346,0.07645336263455806
2017-01-25,7164.39990234375,7205.7001953125,7150.2998046875,7150.2998046875,989914700,0.0019700171858292293,0.004792991579439643,0.07608638253134387
2017-01-26,7161.5,7184.7998046875,7151.2998046875,7164.39990234375,905662800,-0.0004048475004190028,0.004798782926177321,0.07617831731068812
2017-01-27,7184.5,7184.7001953125,7150.7998046875,7161.5,876491800,0.0032064714493414415,0.004715430737865812,0.07485514234165647
2017-01-30,7118.5,7184.7001953125,7105.7001953125,7184.5,890006700,-0.009228898615460791,0.00515569214016378,0.08184407543570235
2017-01-31,7099.2001953125,7162.5,7099.2001953125,7118.5,959011000,-0.0027148999172531135,0.0051344806478878045,0.08150735343470956
2017-02-01,7107.7001953125,7170.2001953125,7099.2001953125,7099.2001953125,785299200,0.0011966017611893679,0.00500921852105969,0.07951887881701623
2017-02-02,7140.7998046875,7163.89990234375,7093.60009765625,7107.7001953125,880030800,0.0046460566256411795,0.005114267878708671,0.08118648567137395
2017-02-03,7188.2998046875,7202.39990234375,7133.60009765625,7140.7998046875,786535500,0.006629889565295735,0.005332151752105787,0.08464528493357544
2017-02-06,7172.2001953125,7208.7001953125,7165.2001953125,7188.2998046875,614802900,-0.002242208296377142,0.005329936411588367,0.08461011749310493
2017-02-07,7186.2001953125,7227.2001953125,7159.60009765625,7172.2001953125,770251300,0.0019500785680482394,0.00527327919081231,0.08371071199620776
2017-02-08,7188.7998046875,7195.89990234375,7147.2001953125,7186.2001953125,935233800,0.0003616847865514629,0.005122905677829606,0.0813236064814675
2017-02-09,7229.5,7238.7001953125,7183.10009765625,7188.7998046875,781741400,0.005645645321284908,0.005272554544634893,0.08369920859476401
2017-02-10,7258.7998046875,7274.7998046875,7229.5,7229.5,875649700,0.00404462152569194,0.005360195393271095,0.08509046393585627
2017-02-13,7278.89990234375,7298.5,7257.7001953125,7258.7998046875,645414300,0.002765239462823597,0.00520424987356317,0.08261490555652493
2017-02-14,7268.60009765625,7292.7001953125,7251.7998046875,7278.89990234375,756312200,-0.0014160242527627084,0.005203812005124266,0.0826079546105471
2017-02-15,7302.39990234375,7313.39990234375,7268.60009765625,7268.60009765625,716447200,0.004639333650596226,0.004152772059839183,0.06592321273123151
2017-02-16,7277.89990234375,7302.39990234375,7260.7001953125,7302.39990234375,684054500,-0.003360702233482869,0.004167195972630863,0.06615218524830713
2017-02-17,7300.0,7307.10009765625,7253.2001953125,7277.89990234375,801785200,0.003032002515435421,0.004002038523946646,0.06353039202997703
2017-02-20,7299.89990234375,7329.60009765625,7283.2998046875,7300.0,635938500,-1.3712101715939001e-05,0.00397904680451099,0.06316540979893392
2017-02-21,7274.7998046875,7319.0,7267.5,7299.89990234375,896954200,-0.003444341629721272,0.0037456305390166315,0.059460041456200936
2017-02-22,7302.2998046875,7314.2998046875,7274.7001953125,7274.7998046875,1146291800,0.0037730458542228093,0.0037929404404249143,0.06021106285826474
2017-02-23,7271.39990234375,7310.10009765625,7262.89990234375,7302.2998046875,1065322800,-0.004240508486956863,0.003952429483603838,0.06274287292881119
2017-02-24,7243.7001953125,7271.89990234375,7192.5,7271.39990234375,855350300,-0.0038166792471440326,0.0040687825542918745,0.06458992066472677
2017-02-27,7253.0,7285.2001953125,7239.7001953125,7243.7001953125,831112100,0.0012830238382450462,0.004027275673335822,0.06393101935648071
2017-02-28,7263.39990234375,7284.2001953125,7246.60009765625,7253.0,981918400,0.0014328489423012934,0.003363116515479311,0.05338781958055419
2017-03-01,7382.89990234375,7383.10009765625,7263.39990234375,7263.39990234375,1035866400,0.016318476804811452,0.004644105781532916,0.07372289376128015
2017-03-02,7382.39990234375,7394.60009765625,7372.7001953125,7382.89990234375,927106800,-6.772635934321409e-05,0.004661379933301754,0.07399711241941974
2017-03-03,7374.2998046875,7382.39990234375,7353.60009765625,7382.39990234375,850603100,-0.0010978197877017533,0.004654896317539569,0.0738941882100003
2017-03-06,7350.10009765625,7374.2998046875,7338.89990234375,7374.2998046875,738066600,-0.003287024120590648,0.004614740205497532,0.07325672969350545
2017-03-07,7339.0,7363.7001953125,7335.2998046875,7350.10009765625,844760300,-0.0015113382978269676,0.004591287180387762,0.07288442446190982
2017-03-08,7334.60009765625,7354.5,7315.89990234375,7339.0,866234700,-0.0005997032011686633,0.004601241382988848,0.07304244252940437
2017-03-09,7315.0,7336.2998046875,7263.60009765625,7334.60009765625,1045803400,-0.002675855889669424,0.004668681013449898,0.07411301347366459
2017-03-10,7343.10009765625,7373.0,7315.0,7315.0,919722100,0.0038340756157984874,0.004591321763148955,0.07288497344622442
2017-03-13,7367.10009765625,7377.39990234375,7342.0,7343.10009765625,687295500,0.0032630448228117975,0.004566315074955546,0.07248800457778584
2017-03-14,7357.89990234375,7386.2001953125,7339.2998046875,7367.10009765625,842511400,-0.0012496022424013143,0.004559795837424343,0.0723845148903139
2017-03-15,7368.60009765625,7383.2998046875,7357.60009765625,7357.89990234375,833084500,0.0014531894469860611,0.004542023799227072,0.07210239253014959
2017-03-16,7416.0,7444.60009765625,7368.60009765625,7368.60009765625,1082219200,0.006412086148271494,0.0046353772188051055,0.07358433212359526
2017-03-17,7425.0,7447.0,7402.60009765625,7416.0,1516668800,0.0012128564252092296,0.00453977513307728,0.07206669606166585
2017-03-20,7429.7998046875,7433.7001953125,7400.0,7425.0,611042100,0.0006462294904874411,0.004514927318241351,0.07167224922959034
2017-03-21,7378.2998046875,7440.89990234375,7360.7001953125,7429.7998046875,846963600,-0.006955680876765999,0.004824055241859639,0.0765795028847889
2017-03-22,7324.7001953125,7378.39990234375,7301.7998046875,7378.2998046875,904591800,-0.007291008204543546,0.005049427889528605,0.0801571827530785
2017-03-23,7340.7001953125,7346.39990234375,7307.7001953125,7324.7001953125,786539600,0.0021820074354650673,0.005006870329453064,0.07948160243088506
2017-03-24,7336.7998046875,7351.60009765625,7322.89990234375,7340.7001953125,633190500,-0.0005314788917474768,0.00490493509879697,0.07786343080997286
2017-03-27,7293.5,7336.7998046875,7255.7998046875,7336.7998046875,779235000,-0.0059192130975278395,0.00501607539682809,0.07962772834534054
2017-03-28,7343.39990234375,7349.60009765625,7285.7998046875,7293.5,791143500,0.006818396791573608,0.005210535789649781,0.08271469138088929
2017-03-29,7373.7001953125,7373.7001953125,7313.89990234375,7343.39990234375,779343400,0.004117704653866303,0.005264909964959337,0.08357785465456917
2017-03-30,7369.5,7384.7998046875,7340.2998046875,7373.7001953125,760967600,-0.00056978069489533,0.003867022054832313,0.06138707202892968
2017-03-31,7322.89990234375,7369.60009765625,7322.89990234375,7369.5,957012600,-0.006343450250342143,0.004100918914489395,0.06510006956747937
2017-04-03,7282.7001953125,7350.2998046875,7280.7998046875,7322.89990234375,746218600,-0.005504711654827289,0.004249271515181335,0.06745509409416262
2017-04-04,7321.7998046875,7324.60009765625,7282.7001953125,7282.7001953125,786153000,0.005354473318729486,0.004391599566960454,0.06971448187173786
2017-04-05,7331.7001953125,7362.60009765625,7321.7998046875,7321.7998046875,749886800,0.0013512665412965803,0.004392756739774645,0.0697328514206795
2017-04-06,7303.2001953125,7331.7001953125,7258.10009765625,7331.7001953125,887193100,-0.0038948042373845356,0.004471614698521143,0.07098468270712806
2017-04-07,7349.39990234375,7349.39990234375,7284.7001953125,7303.2001953125,780587700,0.006306028939760753,0.004649413324492038,0.07380714839373592
2017-04-10,7348.89990234375,7359.2998046875,7337.0,7349.39990234375,668786200,-6.80350798169518e-05,0.004575280628687777,0.07263032833103467
2017-04-11,7365.5,7406.39990234375,7332.60009765625,7348.89990234375,796050600,0.002256307400764721,0.004544968394800676,0.07214913653574609
2017-04-12,7349.0,7402.39990234375,7348.7998046875,7365.5,888411200,-0.002242686726121776,0.004563635530216168,0.07244546812374225
2017-04-13,7327.60009765625,7349.0,7298.89990234375,7349.0,715928200,-0.0029161954903864414,0.004590833560808799,0.07287722347433521
2017-04-18,7147.5,7327.60009765625,7147.5,7327.60009765625,1039110900,-0.02488540884201799,0.006842542981711921,0.10862200238928077
2017-04-19,7114.39990234375,7151.2001953125,7114.39990234375,7147.5,1018754400,-0.00464175983759824,0.006834795223929521,0.1084990105474172
2017-04-20,7118.5,7127.60009765625,7096.7998046875,7114.39990234375,830708700,0.0005761436949319476,0.006833437576850825,0.10847745856818666
2017-04-21,7114.60009765625,7134.5,7104.2001953125,7118.5,896918700,-0.000548004639128552,0.006745372845009723,0.10707947428982378
2017-04-24,7264.7001953125,7273.89990234375,7114.60009765625,7114.60009765625,1027266000,0.02087800474749669,0.0082237005817646,0.13054719957603797
2017-04-25,7275.60009765625,7290.7998046875,7258.7001953125,7264.7001953125,835369300,0.0014992681259490663,0.008214361361753192,0.13039894405450095
2017-04-26,7288.7001953125,7302.60009765625,7262.2998046875,7275.60009765625,860455200,0.0017989331345233716,0.008228568510231583,0.1306244755447801
2017-04-27,7237.2001953125,7289.39990234375,7224.39990234375,7288.7001953125,1094741200,-0.007090812190398263,0.008272333523926385,0.1313192235989508
2017-04-28,7203.89990234375,7243.2998046875,7197.2998046875,7237.2001953125,1148718800,-0.004611885765889608,0.008150925773104707,0.12939193530349163
2017-05-02,7250.10009765625,7254.2998046875,7203.89990234375,7203.89990234375,910924000,0.006392742860333358,0.008235813954096425,0.130739493400408
2017-05-03,7234.5,7250.10009765625,7218.60009765625,7250.10009765625,766336200,-0.0021540261495501976,0.008240806249490376,0.1308187436329106
2017-05-04,7248.10009765625,7280.7001953125,7226.10009765625,7234.5,918713600,0.0018781298333532107,0.008163221507947566,0.12958712404297762
2017-05-05,7297.39990234375,7297.39990234375,7222.7998046875,7248.10009765625,881277700,0.006778727918498152,0.008225688456851881,0.1305787561147484
2017-05-08,7300.89990234375,7322.2998046875,7285.7998046875,7297.39990234375,716672700,0.0004795079035078335,0.008138191006920054,0.12918977715751678
2017-05-09,7342.2001953125,7359.60009765625,7300.89990234375,7300.89990234375,707206200,0.005640936988540887,0.0082307013383452,0.13065833314144737
2017-05-10,7385.2001953125,7398.60009765625,7331.2998046875,7342.2001953125,822815300,0.005839472147025337,0.00827036843542433,0.13128802878606677
2017-05-11,7386.60009765625,7396.2001953125,7369.2001953125,7385.2001953125,956757900,0.0001895371342932526,0.008163860612567027,0.1295972695142867
2017-05-12,7435.39990234375,7435.39990234375,7381.7001953125,7386.60009765625,852716600,0.006584803807296463,0.008279555491732066,0.13143386878369287
2017-05-15,7454.39990234375,7460.2001953125,7434.2001953125,7435.39990234375,831966500,0.0025520840523964284,0.008282841294627632,0.13148602928760594
2017-05-16,7522.0,7533.7001953125,7452.39990234375,7454.39990234375,1010009800,0.009027611068233741,0.00845473563319974,0.13421476731745635
2017-05-17,7503.5,7533.0,7478.89990234375,7522.0,989995900,-0.0024624816942374153,0.008444511496355988,0.1340524641767032
2017-05-18,7436.39990234375,7503.7001953125,7389.2998046875,7503.5,981827100,-0.008982730712176612,0.006479319111814468,0.10285600220933393
2017-05-19,7470.7001953125,7480.2998046875,7436.39990234375,7436.39990234375,820231400,0.004601881422458139,0.006325784761866647,0.10041871996332655
2017-05-22,7496.2998046875,7518.10009765625,7470.7001953125,7470.7001953125,672758000,0.003420810361296185,0.0063168679436599465,0.10027716986256113
2017-05-23,7485.2998046875,7521.89990234375,7485.2998046875,7496.2998046875,678940100,-0.0014684682895697515,0.006341945448263721,0.10067526290666312
2017-05-24,7514.89990234375,7519.60009765625,7475.10009765625,7485.2998046875,823078300,0.00394663226557718,0.004755743976280509,0.07549509516199013
2017-05-25,7517.7001953125,7529.7001953125,7497.10009765625,7514.89990234375,620554600,0.00037256269480318645,0.004763433592409999,0.0756171640337272
2017-05-26,7547.60009765625,7554.2001953125,7514.39990234375,7517.7001953125,773534000,0.003969378773841736,0.004792364052665611,0.07607642085263314
2017-05-30,7526.5,7547.7001953125,7497.10009765625,7547.60009765625,737736400,-0.0027995185517158397,0.004481911365200898,0.0711481372233334
2017-05-31,7520.0,7586.5,7519.7001953125,7526.5,1864745500,-0.0008639883566730779,0.004281168443172768,0.06796144212847621
2017-06-01,7543.7998046875,7558.60009765625,7518.2998046875,7520.0,859764100,0.0031598699928382904,0.004173787330655513,0.06625681981311962
2017-06-02,7547.60009765625,7599.0,7540.0,7543.7998046875,799553200,0.0005036369155505579,0.00408433764224844,0.06483685003085561
2017-06-05,7525.7998046875,7562.0,7519.10009765625,7547.60009765625,606693000,-0.002892553545981189,0.004222807752841922,0.06703499489073139
2017-06-06,7525.0,7527.60009765625,7502.7998046875,7525.7998046875,842102100,-0.0001062806892167869,0.004081043589284549,0.06478455856116802
2017-06-07,7478.60009765625,7555.60009765625,7476.2998046875,7525.0,874514700,-0.00618518888356188,0.004407403913044374,0.06996536808797016
2017-06-08,7450.0,7489.7001953125,7450.0,7478.60009765625,867765500,-0.00383158935990946,0.004409008347073017,0.06999083768857894
2017-06-09,7527.2998046875,7545.10009765625,7449.7001953125,7450.0,1079740000,0.010322353435998247,0.004764760241484092,0.07563822393488984
2017-06-12,7511.89990234375,7540.5,7483.60009765625,7527.2998046875,691742100,-0.002047969044395738,0.004806453535679732,0.07630008446157413
2017-06-13,7500.39990234375,7540.10009765625,7491.89990234375,7511.89990234375,759155200,-0.001532077349783192,0.004641623324778428,0.07368348598200307
2017-06-14,7474.39990234375,7545.10009765625,7474.39990234375,7500.39990234375,943048700,-0.0034725040021087116,0.0046888389286720445,0.07443301045742852
2017-06-15,7419.39990234375,7474.5,7377.89990234375,7474.39990234375,985057200,-0.007385657217417358,0.0044950770957737606,0.07135713671687904
2017-06-16,7463.5,7479.0,7419.39990234375,7419.39990234375,1889237700,0.005926294877395898,0.004694640108209817,0.07452510132763521
2017-06-19,7523.7998046875,7537.7998046875,7463.5,7463.5,551165300,0.008046830429511044,0.004581016070862577,0.07272137565295575
2017-06-20,7472.7001953125,7561.10009765625,7472.7001953125,7523.7998046875,1005340300,-0.00681489776179681,0.004751197397005105,0.07542292045351758
2017-06-21,7447.7998046875,7477.2001953125,7417.5,7472.7001953125,843652400,-0.003337745215238777,0.004737685528432848,0.07520842618957768
2017-06-22,7439.2998046875,7448.5,7398.7998046875,7447.7998046875,789287000,-0.0011419284006555623,0.004734224684285209,0.07515348699193164
2017-06-23,7424.10009765625,7441.7998046875,7396.7998046875,7439.2998046875,608960600,-0.0020452537682575326,0.0046456294287613295,0.0737470809111932
2017-06-26,7446.7998046875,7481.0,7424.10009765625,7424.10009765625,702710000,0.0030529053131764807,0.004709458066260415,0.07476032911927323
2017-06-27,7434.39990234375,7451.7001953125,7411.39990234375,7446.7998046875,704817400,-0.001666519562630675,0.004604359259102458,0.0730919372782963
2017-06-28,7387.7998046875,7445.2998046875,7381.39990234375,7434.39990234375,833666400,-0.006287899517688559,0.004743958554180419,0.07530800738615354
2017-06-29,7350.2998046875,7452.0,7341.7998046875,7387.7998046875,930392000,-0.0050888624613094095,0.004831763620426082,0.07670186960097901
2017-06-30,7312.7001953125,7377.39990234375,7302.7001953125,7350.2998046875,978353300,-0.005128512826287253,0.0048059700676250094,0.07629240964413629
2017-07-03,7377.10009765625,7386.10009765625,7312.2998046875,7312.7001953125,704804300,0.008768031373990688,0.005290596419748324,0.08398561448317654
2017-07-04,7357.2001953125,7383.5,7336.7998046875,7377.10009765625,597565700,-0.0027011685723416353,0.005287496493346205,0.0839364046771209
2017-07-05,7367.60009765625,7386.89990234375,7347.5,7357.2001953125,924489500,0.0014125697960067855,0.005311798523035867,0.08432218743859861
2017-07-06,7337.2998046875,7373.89990234375,7303.5,7367.60009765625,767506100,-0.004121120994235399,0.005229644783458746,0.08301803725342845
2017-07-07,7350.89990234375,7359.5,7314.7001953125,7337.2998046875,670643200,0.0018518404997342319,0.005217846841333056,0.082830750728347
2017-07-10,7370.0,7388.0,7344.2998046875,7350.89990234375,597132300,0.0025949647781103383,0.004647594595021032,0.07377827695844161
2017-07-11,7329.7998046875,7386.89990234375,7304.7998046875,7370.0,662989700,-0.005469502450897179,0.004744917172404023,0.075323224978685
2017-07-12,7416.89990234375,7439.10009765625,7329.7998046875,7329.7998046875,796874200,0.011812963206351463,0.005523552633182779,0.08768367972586566
2017-07-13,7413.39990234375,7428.2001953125,7403.7998046875,7416.89990234375,941748000,-0.0004720066500441298,0.005482370005347567,0.08702992577633709
2017-07-14,7378.39990234375,7419.7998046875,7363.7998046875,7413.39990234375,827118400,-0.0047323606027070576,0.005341865017524576,0.08479947824187432
2017-07-17,7404.10009765625,7426.39990234375,7378.2998046875,7378.39990234375,595711600,0.0034771143184354706,0.005225426261548447,0.08295107029417888
2017-07-18,7390.2001953125,7418.5,7357.7998046875,7404.10009765625,615471900,-0.0018790894004463846,0.004861253927409654,0.0771700137111719
2017-07-19,7430.89990234375,7442.7998046875,7379.2998046875,7390.2001953125,640610900,0.005492144181920402,0.0048484222439220135,0.07696631705070835
2017-07-20,7487.89990234375,7502.7001953125,7430.89990234375,7430.89990234375,706242700,0.0076414025395296166,0.005086844736967164,0.08075115679207731
2017-07-21,7452.89990234375,7515.10009765625,7433.89990234375,7487.89990234375,701091300,-0.004685166052771432,0.0051931721928996435,0.08243905282769044
2017-07-24,7377.7001953125,7453.2001953125,7357.5,7452.89990234375,1074177600,-0.010141241895332097,0.0056406097932950325,0.08954190453488461
2017-07-25,7434.7998046875,7453.7001953125,7377.7001953125,7377.7001953125,774939600,0.007709690086736075,0.00586598912421655,0.0931196904965194
2017-07-26,7452.2998046875,7487.10009765625,7434.7001953125,7434.7998046875,751804200,0.002351029887606254,0.005877053199292851,0.09329532724335245
2017-07-27,7443.0,7461.89990234375,7410.89990234375,7452.2998046875,982531200,-0.0012486899918521107,0.005702864542055764,0.09053016803380683
2017-07-28,7368.39990234375,7443.0,7339.39990234375,7443.0,798028700,-0.010073420335234725,0.006034820831968091,0.09579981076931689
2017-07-31,7372.0,7425.5,7367.89990234375,7368.39990234375,898503100,0.0004884667650379908,0.005913966974775088,0.09388131526262328
2017-08-01,7423.7001953125,7440.10009765625,7372.0,7372.0,718389600,0.0069885716863985455,0.0057994819512615595,0.09206392185627421
2017-08-02,7411.39990234375,7434.7001953125,7388.89990234375,7423.7001953125,709413000,-0.0016582693350837853,0.00577692015960737,0.09170576451717999
2017-08-03,7474.7998046875,7484.5,7384.2001953125,7411.39990234375,795756800,0.008517994777609344,0.006044195191654514,0.09594862411590135
2017-08-04,7511.7001953125,7519.10009765625,7465.10009765625,7474.7998046875,753461700,0.004924494070861397,0.006006546928483261,0.09535097646603348
2017-08-07,7531.89990234375,7533.7001953125,7511.7001953125,7511.7001953125,613223700,0.002685490047582264,0.0060143848512582525,0.0954753996327812
2017-08-08,7542.7001953125,7551.89990234375,7518.5,7531.89990234375,597542000,0.0014329129458491427,0.006005845640890198,0.09533984387062079
2017-08-09,7498.10009765625,7542.7001953125,7475.7998046875,7542.7001953125,779812300,-0.00593056586203928,0.006031860218647433,0.09575281248986876
2017-08-10,7389.89990234375,7498.10009765625,7376.7001953125,7498.10009765625,713176100,-0.014535478284756456,0.006416027641133119,0.10185128126012762
2017-08-11,7310.0,7390.0,7296.5,7389.89990234375,744594900,-0.010870916092311207,0.006828253726120848,0.10839516748899546
2017-08-14,7353.89990234375,7377.7001953125,7310.0,7310.0,536696000,0.005987497703538512,0.006909499629161466,0.10968490621592551
2017-08-15,7383.89990234375,7399.39990234375,7353.89990234375,7353.89990234375,495314400,0.004071169622822755,0.006926323597213389,0.10995197842910961
2017-08-16,7433.0,7445.0,7383.89990234375,7383.89990234375,568676900,0.006627604655107926,0.007066260607576498,0.11217340960091755
2017-08-17,7387.89990234375,7433.7001953125,7382.2001953125,7433.0,576511200,-0.006086032179085493,0.007090490381965573,0.11255804534505771
2017-08-18,7324.0,7387.89990234375,7302.5,7387.89990234375,719309100,-0.008686886751806722,0.007074077247343702,0.11229749491039073
2017-08-21,7318.89990234375,7332.0,7296.7998046875,7324.0,536324300,-0.0006965966982629419,0.0070250812629533725,0.11151970777076506
2017-08-22,7381.7001953125,7387.60009765625,7318.89990234375,7318.89990234375,656086900,0.008543960733897777,0.006974420454142723,0.11071549236278284
2017-08-23,7382.7001953125,7394.5,7360.2998046875,7381.7001953125,593602900,0.00013546097031671948,0.006749403609044396,0.10714346068519974
2017-08-24,7407.10009765625,7437.89990234375,7382.2001953125,7382.7001953125,734674100,0.0032995610484838948,0.006771414781358789,0.107492877213253
2017-08-25,7401.5,7439.5,7401.5,7407.10009765625,498099600,-0.0007563304952898616,0.006768780170559946,0.10745105406340189
2017-08-29,7337.39990234375,7401.60009765625,7289.2001953125,7401.5,734574500,-0.008698139239548378,0.006675154708041454,0.1059647959221579
2017-08-30,7365.2998046875,7381.2998046875,7337.39990234375,7337.39990234375,666133700,0.0037952126327849825,0.0067309950956953675,0.10685123459523209
2017-08-31,7430.60009765625,7443.7001953125,7365.0,7365.2998046875,761338600,0.008826866548272716,0.006838119666878518,0.10855178444316241
2017-09-01,7438.5,7460.5,7430.10009765625,7430.60009765625,536515100,0.0010625933022420178,0.006830020484168955,0.10842321390352815
2017-09-04,7411.5,7438.5,7404.10009765625,7438.5,389133300,-0.0036363676433838745,0.006598639180124994,0.10475014957234727
2017-09-05,7372.89990234375,7437.5,7369.60009765625,7411.5,541337100,-0.005221745301674804,0.006560246199357336,0.10414067989713702
2017-09-06,7354.10009765625,7372.89990234375,7322.39990234375,7372.89990234375,676234700,-0.0025531085624357235,0.006517020763458601,0.10345449737493452
2017-09-07,7397.0,7412.7001953125,7348.39990234375,7354.10009765625,643758300,0.005816518498063804,0.006671837297195757,0.10591213365759185
2017-09-08,7377.60009765625,7397.0,7358.39990234375,7397.0,600535800,-0.0026261168985677956,0.006586394312047715,0.10455576831773163
2017-09-11,7413.60009765625,7434.10009765625,7377.60009765625,7377.60009765625,614926800,0.004867768755763181,0.0058823368207881165,0.09337920213434206
2017-09-12,7400.7001953125,7435.7998046875,7387.0,7413.60009765625,745693800,-0.0017415477409095973,0.005339199723727673,0.08475716801452914
2017-09-13,7379.7001953125,7401.2998046875,7336.2001953125,7400.7001953125,844049500,-0.0028416028762056527,0.005239382690040251,0.0831726217280587
2017-09-14,7295.39990234375,7390.7001953125,7287.7001953125,7379.7001953125,1221676900,-0.011489014683523957,0.0057363150833813,0.09106117891521397
2017-09-15,7215.5,7295.39990234375,7196.60009765625,7295.39990234375,1416161300,-0.011012509268291556,0.005917690288373981,0.09394042103363794
2017-09-18,7253.2998046875,7257.5,7215.5,7215.5,712298700,0.005225020899442897,0.0059855737933505815,0.09501803826738695
2017-09-19,7275.2998046875,7285.7001953125,7243.60009765625,7253.2998046875,773526900,0.0030285116813212705,0.005762947825030696,0.09148396058203077
2017-09-20,7272.0,7289.89990234375,7249.60009765625,7275.2998046875,770407100,-0.0004536655995818343,0.005762393010463467,0.09147515317381891
2017-09-21,7263.89990234375,7289.2001953125,7260.10009765625,7272.0,786845200,-0.001114495634820873,0.005394398415863209,0.08563342008704902
2017-09-22,7310.60009765625,7320.2998046875,7242.2001953125,7263.89990234375,625557800,0.006408501854542109,0.005615952038994025,0.08915047482026581
2017-09-25,7301.2998046875,7312.5,7272.5,7310.60009765625,584594700,-0.001272975353897559,0.005550865923155802,0.08811726476239934
2017-09-26,7285.7001953125,7311.7998046875,7273.2998046875,7301.2998046875,686442500,-0.0021388380505747767,0.005559944142797744,0.08826137703151814
2017-09-27,7313.5,7327.5,7285.7001953125,7285.7001953125,832249800,0.0038084056545792137,0.005331229883043822,0.0846306507158995
2017-09-28,7322.7998046875,7323.2998046875,7289.7998046875,7313.5,725911000,0.0012707864778829917,0.0052657556014119415,0.08359127871708814
2017-09-29,7372.7998046875,7382.7001953125,7321.60009765625,7322.7998046875,728387400,0.006804784325483122,0.005107083283658308,0.08107243376073014
2017-10-02,7438.7998046875,7438.7998046875,7372.7001953125,7372.7998046875,864401100,0.00891199310944966,0.0054901927861310575,0.08715410857142163
2017-10-03,7468.10009765625,7469.7998046875,7426.7001953125,7438.7998046875,697184200,0.003931109874442899,0.005487799003173751,0.08711610844503544
2017-10-04,7467.60009765625,7476.2998046875,7456.60009765625,7468.10009765625,916914900,-6.695367390195362e-05,0.005338803152496656,0.0847508726414028
2017-10-05,7508.0,7508.0,7464.39990234375,7467.60009765625,756132200,0.005395443265899599,0.00538506708242695,0.08548528976101125
2017-10-06,7522.89990234375,7527.7001953125,7508.0,7508.0,673882500,0.0019825702148239407,0.005277026170563984,0.0837701934557509
2017-10-09,7507.89990234375,7523.7001953125,7493.7001953125,7522.89990234375,675841500,-0.0019959024369221798,0.00525830463412053,0.08347299827820842
2017-10-10,7538.2998046875,7543.89990234375,7504.60009765625,7507.89990234375,797063500,0.004040879996490754,0.00522960353024471,0.08301738237895773
2017-10-11,7533.7998046875,7550.2001953125,7519.60009765625,7538.2998046875,1212434400,-0.0005971298293321561,0.005207774124099662,0.08267085129938959
2017-10-12,7556.2001953125,7565.10009765625,7526.2998046875,7533.7998046875,701114100,0.0029689074988538838,0.005155997608809019,0.08184892460011413
2017-10-13,7535.39990234375,7556.2001953125,7521.10009765625,7556.2001953125,666480800,-0.002756540857841572,0.004381776480466172,0.06955854520791217
2017-10-16,7527.0,7557.0,7526.7001953125,7535.39990234375,715914400,-0.0011153472579403171,0.0033822619141628796,0.05369174336256163
2017-10-17,7516.2001953125,7550.39990234375,7506.2998046875,7527.0,1003303400,-0.0014358389707931276,0.003378265644296223,0.053628304545127174
2017-10-18,7542.89990234375,7555.2001953125,7516.2001953125,7516.2001953125,626374800,0.0035459934305632585,0.003390341376932712,0.053820000857857514
2017-10-19,7523.0,7542.89990234375,7485.39990234375,7542.89990234375,806162200,-0.0026417159340804417,0.003492566458249604,0.05544277371536462
2017-10-20,7523.2001953125,7560.0,7517.10009765625,7523.0,732296700,2.661074688796459e-05,0.0034566545381683905,0.05487268965753832
2017-10-23,7524.5,7542.0,7511.7998046875,7523.2001953125,548853900,0.00017275791966363282,0.003293240959850466,0.05227857952305589
2017-10-24,7526.5,7535.2001953125,7508.5,7524.5,657035000,0.00026576307378527056,0.0032482293695990433,0.05156404267953107
2017-10-25,7447.2001953125,7528.5,7437.39990234375,7526.5,894719200,-0.010591977271979061,0.004121216556607469,0.06542228464695185
2017-10-26,7486.5,7488.2998046875,7440.10009765625,7447.2001953125,988569400,0.005263249549193972,0.004181792523165192,0.06638389830458645
2017-10-27,7505.0,7520.7998046875,7485.2001953125,7486.5,844552500,0.0024680664897887535,0.0041921956486289,0.0665490428015951
2017-10-30,7487.7998046875,7507.0,7478.39990234375,7505.0,727471900,-0.002294461752643342,0.004048486966459346,0.06426773819602634
2017-10-31,7493.10009765625,7516.89990234375,7484.0,7487.7998046875,708732700,0.0007076067825642838,0.003590057991458039,0.05699040382618811
2017-11-01,7488.0,7532.39990234375,7488.0,7493.10009765625,1172721000,-0.0006808709400554227,0.003499728694466899,0.055556470690537
2017-11-02,7555.2998046875,7562.2998046875,7478.89990234375,7488.0,1002706700,0.008947538712097624,0.003992879822896268,0.06338500215810691
2017-11-03,7560.39990234375,7581.0,7541.89990234375,7555.2998046875,652248400,0.0006748080404656514,0.0038366283982693822,0.06090458768873315
2017-11-06,7562.2998046875,7572.89990234375,7544.2001953125,7560.39990234375,615052400,0.00025126497127527295,0.0038179244543499933,0.06060767178385234
2017-11-07,7513.10009765625,7582.89990234375,7507.7998046875,7562.2998046875,731355900,-0.006527174340344637,0.004070797565376797,0.06462190797404523
2017-11-08,7529.7001953125,7534.5,7504.7998046875,7513.10009765625,784072500,0.0022070497608559867,0.003999568729578947,0.06349118525985863
2017-11-09,7484.10009765625,7532.2001953125,7476.89990234375,7529.7001953125,834887900,-0.006074443109981129,0.0042098055022810315,0.06682859056192181
2017-11-10,7433.0,7500.2998046875,7421.7001953125,7484.10009765625,673856600,-0.006851237466503195,0.004369164302484931,0.06935833308933669
2017-11-13,7415.2001953125,7469.2998046875,7403.0,7433.0,745139300,-0.0023975718241925612,0.0043617521499141046,0.06924066881504423
2017-11-14,7414.39990234375,7436.60009765625,7396.89990234375,7415.2001953125,1141147200,-0.000107931834204142,0.00436325415379625,0.0692645123874867
2017-11-15,7372.60009765625,7415.10009765625,7357.10009765625,7414.39990234375,891890700,-0.0056536033036458724,0.004493104196040085,0.07132581790453721
2017-11-16,7386.89990234375,7393.2998046875,7368.10009765625,7372.60009765625,898881100,0.0019377091584145791,0.004426412162898563,0.07026711469980675
2017-11-17,7380.7001953125,7406.5,7356.2001953125,7386.89990234375,710733600,-0.0008396364141065079,0.0044103340361947045,0.07001188235096957
2017-11-20,7389.5,7397.39990234375,7350.39990234375,7380.7001953125,716131100,0.0011915621470684325,0.004429978137296371,0.07032372278843607
2017-11-21,7411.2998046875,7422.2001953125,7367.89990234375,7389.5,730690300,0.0029457624911064847,0.004502839481743091,0.07148036077401111
2017-11-22,7419.0,7460.89990234375,7410.39990234375,7411.2998046875,834065800,0.0010384410437920637,0.0045144548902378385,0.07166474966753228
2017-11-23,7417.2001953125,7422.7001953125,7373.2998046875,7419.0,560163700,-0.0002426234039221585,0.0039022683139858117,0.06194658904712263
2017-11-24,7409.60009765625,7425.2001953125,7389.5,7417.2001953125,545037100,-0.0010251838794236917,0.003698666306912993,0.058714507384232874
2017-11-27,7383.89990234375,7438.39990234375,7383.89990234375,7409.60009765625,636742900,-0.003474528835994536,0.0036882143089074374,0.058548587059674216
2017-11-28,7460.7001953125,7469.60009765625,7374.0,7383.89990234375,917737600,0.010347328684511685,0.004392247115491007,0.06972476138597998
2017-11-29,7393.60009765625,7460.7001953125,7386.7001953125,7460.7001953125,1085338600,-0.009034495430481347,0.004791005188617938,0.076054849554619
2017-11-30,7326.7001953125,7416.2998046875,7326.7001953125,7393.60009765625,1338402400,-0.009089537796890186,0.005133996916531443,0.08149967443748779
2017-12-01,7300.5,7355.39990234375,7288.7001953125,7326.7001953125,839825500,-0.003582397585706905,0.0046177427308400415,0.07330439330567413
2017-12-04,7339.0,7369.7001953125,7300.5,7300.5,745259400,0.005259754603444171,0.004835596550066699,0.07676271547271028
2017-12-05,7327.5,7373.89990234375,7326.60009765625,7339.0,881831300,-0.0015681999600153007,0.004820519399190584,0.07652337312252468
2017-12-06,7348.0,7369.7001953125,7289.39990234375,7327.5,672957500,0.0027937737499688473,0.004763461811298068,0.07561761199468783
2017-12-07,7320.7998046875,7371.7001953125,7314.60009765625,7348.0,803178700,-0.0037085824129680137,0.004735550967365842,0.0751745410831282
2017-12-08,7394.0,7412.2001953125,7314.2001953125,7320.7998046875,1004623500,0.009949275574528986,0.0052024434328322025,0.08258622919893102
2017-12-11,7453.5,7458.39990234375,7393.60009765625,7394.0,906705100,0.008014860213907729,0.0053161608353874705,0.08439143700033978
2017-12-12,7500.39990234375,7501.5,7448.2998046875,7453.5,991599100,0.0062726187049395145,0.005445066000333451,0.08643774305529274
2017-12-13,7496.5,7510.7998046875,7492.60009765625,7500.39990234375,998682800,-0.0005200944804666811,0.005448275331807291,0.08648868961302004
2017-12-14,7448.10009765625,7496.7001953125,7448.10009765625,7496.5,948434600,-0.006477265533422329,0.005497714780219327,0.08727351652574679
2017-12-15,7490.60009765625,7490.60009765625,7433.7998046875,7448.10009765625,1182118000,0.0056899347476023895,0.005607167889007138,0.08901103076219945
2017-12-18,7537.0,7544.2998046875,7490.60009765625,7490.60009765625,568259400,0.006175310694331964,0.005720922607213241,0.09081683093120094
2017-12-19,7544.10009765625,7563.5,7534.10009765625,7537.0,675779500,0.0009415888940258906,0.005720759545158032,0.09081424240132281
2017-12-20,7525.2001953125,7550.60009765625,7511.5,7544.10009765625,659315600,-0.002508399446060955,0.005751066218948878,0.09129534593281964
2017-12-21,7604.0,7609.7001953125,7517.89990234375,7525.2001953125,621347000,0.01041701031688502,0.006128294530098227,0.09728365972558406
2017-12-22,7592.7001953125,7614.39990234375,7585.5,7604.0,243831300,-0.0014871395269775661,0.006148650820217663,0.09760680581321553
2017-12-27,7620.7001953125,7632.7001953125,7586.39990234375,7592.7001953125,458380900,0.00368096952642264,0.006152562283341967,0.09766889836535138
2017-12-28,7622.89990234375,7633.60009765625,7609.7998046875,7620.7001953125,311875400,0.00028860728862300226,0.006059493086271076,0.09619147066433113
2017-12-29,7687.7998046875,7697.60009765625,7620.0,7622.89990234375,289238900,0.008477769441684905,0.005935738896849038,0.09422693381085258
2018-01-02,7648.10009765625,7691.2998046875,7624.10009765625,7687.7998046875,576251800,-0.005177367609814874,0.005648537490283967,0.0896677528230978
2018-01-03,7671.10009765625,7689.89990234375,7640.5,7648.10009765625,571662800,0.003002769986504129,0.005092046519654778,0.0808337325322711
2018-01-04,7695.89990234375,7702.5,7671.10009765625,7671.10009765625,705864000,0.0032276730939803685,0.004920174379594238,0.07810534689286719
2018-01-05,7724.2001953125,7727.7001953125,7689.7998046875,7695.89990234375,636035700,0.0036705760097497935,0.004887909168085814,0.07759315253896605
2018-01-08,7696.5,7733.39990234375,7691.7998046875,7724.2001953125,635135400,-0.0035926027683630605,0.0049897311656965015,0.07920952664100821
2018-01-09,7731.0,7733.10009765625,7696.5,7696.5,709674500,0.0044725402703456,0.005010775139303319,0.07954358936556968
2018-01-10,7748.5,7756.10009765625,7716.2001953125,7731.0,861758600,0.0022610559069149087,0.0048110901359852505,0.07637368820959738
2018-01-11,7762.89990234375,7769.0,7734.60009765625,7748.5,982791800,0.0018566868975236506,0.004516822973295265,0.07170234182065566
2018-01-12,7778.60009765625,7792.60009765625,7752.60009765625,7762.89990234375,1133867000,0.0020204228231926915,0.004324131239028416,0.06864345536924871
2018-01-15,7769.10009765625,7783.60009765625,7763.39990234375,7778.60009765625,551904700,-0.0012220458412409798,0.004265607667264728,0.06771442246891694
2018-01-16,7755.89990234375,7791.7998046875,7740.60009765625,7769.10009765625,824367900,-0.001700508662602225,0.004303603308881503,0.06831758458065089
2018-01-17,7725.39990234375,7755.89990234375,7711.10009765625,7755.89990234375,822508200,-0.00394024272450732,0.004095514025849331,0.06501426962024573
2018-01-18,7701.0,7739.5,7683.7001953125,7725.39990234375,765527900,-0.0031633981805053125,0.004124232641122406,0.06547016350430991
2018-01-19,7730.7998046875,7731.7998046875,7694.7001953125,7701.0,795594100,0.0038621343078592586,0.004017557580912233,0.06377674942185615
2018-01-22,7715.39990234375,7739.39990234375,7703.7001953125,7730.7998046875,730171300,-0.0019940059999764186,0.004077943709392183,0.0647353494934318
2018-01-23,7731.7998046875,7745.2001953125,7710.0,7715.39990234375,742420200,0.0021233503568966684,0.003999270203173271,0.0634864463000834
2018-01-24,7643.39990234375,7732.0,7643.39990234375,7731.7998046875,746643300,-0.011499151636779234,0.004343150014017289,0.06894536906241862
2018-01-25,7615.7998046875,7662.39990234375,7608.5,7643.39990234375,713251600,-0.0036175065907613057,0.004410024142574605,0.07000696294225955
2018-01-26,7665.5,7667.39990234375,7615.7998046875,7615.7998046875,713831300,0.0065047307740198155,0.004563614869042246,0.0724451401377743
2018-01-29,7671.5,7689.2001953125,7663.89990234375,7665.5,612924000,0.0007824216347515932,0.004564938255344035,0.07246614824403232
2018-01-30,7588.0,7671.7001953125,7587.10009765625,7671.5,798999000,-0.01094411133035555,0.004787835045741412,0.07600452509658802
2018-01-31,7533.60009765625,7599.0,7521.7998046875,7588.0,880751700,-0.007195023896291263,0.004902682038960467,0.07782766459387486
2018-02-01,7490.39990234375,7554.7001953125,7476.5,7533.60009765625,872509100,-0.005750840571455656,0.0049424545380990295,0.07845903344431586
2018-02-02,7443.39990234375,7494.7998046875,7432.2998046875,7490.39990234375,871574000,-0.006294467020337561,0.004958951833006902,0.078720919882105
2018-02-05,7335.0,7443.39990234375,7334.7998046875,7443.39990234375,888994600,-0.014670308989738215,0.005564525300261884,0.08833410065171979
2018-02-06,7141.39990234375,7335.0,7079.39990234375,7335.0,1354591000,-0.02674858970760734,0.007688654570561871,0.12205360746232097
2018-02-07,7279.39990234375,7311.5,7141.39990234375,7141.39990234375,1027400300,0.019139605926898035,0.009008190557007419,0.14300059185913225
2018-02-08,7170.7001953125,7279.39990234375,7161.2998046875,7279.39990234375,973611300,-0.01504512172076785,0.00930248867245025,0.1476724296077925
2018-02-09,7092.39990234375,7170.7001953125,7073.0,7170.7001953125,927291900,-0.010979531661911754,0.009341423950509421,0.14829050798562282
2018-02-12,7177.10009765625,7199.89990234375,7092.39990234375,7092.39990234375,718740600,0.011871640924310289,0.009905117848823648,0.15723887120864669
2018-02-13,7168.0,7203.0,7165.7998046875,7177.10009765625,718988800,-0.0012687396832370779,0.009904507789398853,0.15722918681550882
2018-02-14,7214.0,7243.2001953125,7145.7001953125,7168.0,940537000,0.006396906808717998,0.010146411694237982,0.16106929225578742
2018-02-15,7234.7998046875,7268.0,7206.7001953125,7214.0,747830200,0.0028791068236213293,0.010238611671938003,0.16253292152706716
2018-02-16,7294.7001953125,7308.0,7234.7998046875,7234.7998046875,651756200,0.008245394541165284,0.010534833492959259,0.16723529715506472
2018-02-19,7247.7001953125,7306.2001953125,7240.0,7294.7001953125,511199000,-0.006463879742348282,0.010459776684919235,0.16604380726540743
2018-02-20,7246.7998046875,7264.7998046875,7202.10009765625,7247.7001953125,679057900,-0.0001242389356180506,0.010477361746412832,0.16632296146241843
2018-02-21,7281.60009765625,7291.7998046875,7220.60009765625,7246.7998046875,902872700,0.0047906665234455584,0.010558225162271607,0.16760662839357152
2018-02-22,7252.39990234375,7281.60009765625,7187.7998046875,7281.60009765625,926221400,-0.004018196587466423,0.010376691984658933,0.1647248785375488
2018-02-23,7244.39990234375,7262.10009765625,7220.7998046875,7252.39990234375,674864300,-0.0011036919761427686,0.010377661303331853,0.1647402659944471
2018-02-26,7289.60009765625,7313.0,7244.2998046875,7244.39990234375,585774600,0.006219945099321535,0.010365648542304803,0.16454956932502618
2018-02-27,7282.5,7326.0,7272.89990234375,7289.60009765625,718147000,-0.0009744783758727457,0.010345797734983373,0.164234447528048
2018-02-28,7231.89990234375,7293.39990234375,7231.89990234375,7282.5,919954800,-0.006972427794345374,0.01021881666905586,0.1622186855980994
2018-03-01,7175.60009765625,7231.89990234375,7153.39990234375,7231.89990234375,859756500,-0.007815386604819795,0.010234593289082284,0.1624691316768139
2018-03-02,7069.89990234375,7175.60009765625,7063.39990234375,7175.60009765625,910442200,-0.014840073728367879,0.010573586079227025,0.16785047539061523
2018-03-05,7116.0,7119.2001953125,7062.10009765625,7069.89990234375,941867700,0.006499448079669111,0.01072669688866435,0.17028103413945703
2018-03-06,7146.7998046875,7197.7998046875,7115.60009765625,7116.0,786141900,0.004318906944621373,0.010413583097361961,0.1653105067963528
2018-03-07,7157.7998046875,7180.7001953125,7109.60009765625,7146.7998046875,862383600,0.0015379671530298547,0.008624541975158677,0.136910359428646
2018-03-08,7203.2001953125,7212.10009765625,7145.7001953125,7157.7998046875,712676800,0.006322754943720846,0.00760356725409162,0.12070288818768415
2018-03-09,7224.5,7225.2998046875,7189.7001953125,7203.2001953125,651119000,0.002952628606568167,0.006860246119433129,0.10890303098829583
2018-03-12,7214.7998046875,7254.89990234375,7198.2001953125,7224.5,613077900,-0.001343582708712117,0.006368804882193106,0.10110164320186187
2018-03-13,7138.7998046875,7224.10009765625,7125.60009765625,7214.7998046875,766738500,-0.010589777102383992,0.006304836812699711,0.10008618157949133
2018-03-14,7132.7001953125,7176.5,7122.7998046875,7138.7998046875,752181500,-0.0008547958864033987,0.006302154808152032,0.10004360607720152
2018-03-15,7139.7998046875,7162.60009765625,7127.10009765625,7132.7001953125,808062300,0.0009948656452021486,0.006125695620317569,0.09724240331182697
2018-03-16,7164.10009765625,7187.2998046875,7131.2998046875,7139.7998046875,1380663300,0.0033977190154479194,0.00614099348638149,0.09748524940699763
2018-03-19,7042.89990234375,7164.2001953125,7034.89990234375,7164.10009765625,728214400,-0.01706245311308007,0.00679414447261686,0.1078536998759298
2018-03-20,7061.2998046875,7081.5,7042.60009765625,7042.89990234375,742142200,0.002609139570372838,0.006762647178685122,0.10735369583564051
2018-03-21,7039.0,7065.7001953125,7016.7998046875,7061.2998046875,762202300,-0.0031630282459776523,0.0067700700423415205,0.10747153014314512
2018-03-22,6952.60009765625,7039.0,6914.5,7039.0,861231600,-0.012350410242092165,0.007017024374548054,0.11139180863239623
2018-03-23,6921.89990234375,6952.7998046875,6877.0,6952.60009765625,879273700,-0.004425420075113234,0.0070228556365444445,0.11148437704682888
2018-03-26,6888.7001953125,6958.5,6866.89990234375,6921.89990234375,765318100,-0.004807867978081539,0.007039885480030213,0.11175471743120706
2018-03-27,7000.10009765625,7042.39990234375,6888.7001953125,6888.7001953125,690975500,0.01604203228754502,0.007913155734763233,0.12561745295944865
2018-03-28,7044.7001953125,7044.7001953125,6923.2998046875,7000.10009765625,763193100,0.006351140157958615,0.008116235131558947,0.12884123844138345
2018-03-29,7056.60009765625,7109.89990234375,7042.7001953125,7044.7001953125,876227900,0.0016877741656922192,0.008048321245417928,0.1277631389216009
2018-04-03,7030.5,7065.0,6996.7998046875,7056.60009765625,790532700,-0.0037055358931700234,0.007927674905152582,0.12584793764400778
2018-04-04,7034.0,7046.2998046875,6971.7998046875,7030.5,794337900,0.0004977070030572903,0.0072650502309726745,0.11532909704127636
2018-04-05,7199.5,7199.5,7034.0,7034.0,794899100,0.023256045114397387,0.008800492821847802,0.13970349252851005
2018-04-06,7183.60009765625,7214.0,7163.10009765625,7199.5,656250500,-0.002210915409410935,0.008776198164219762,0.13931782679488253
2018-04-09,7194.7998046875,7209.7001953125,7145.60009765625,7183.60009765625,671088200,0.001557851968559312,0.00877634576240448,0.1393201698434269
2018-04-10,7266.7998046875,7266.7998046875,7194.7998046875,7194.7998046875,755081700,0.009957486979742261,0.008936569042785423,0.1418636355682126
2018-04-11,7257.10009765625,7270.2998046875,7243.2998046875,7266.7998046875,766200800,-0.0013356892485551959,0.008924757301803584,0.14167612999308066
2018-04-12,7258.2998046875,7266.60009765625,7240.7998046875,7257.10009765625,666773400,0.00016530127203569664,0.008917658210293306,0.14156343540905655
2018-04-13,7264.60009765625,7275.0,7249.10009765625,7258.2998046875,662868400,0.000867635721012961,0.008562393438556217,0.13592378199546576
2018-04-16,7198.2001953125,7265.7998046875,7195.5,7264.60009765625,862881700,-0.009182228549252623,0.00883296726467936,0.14021900832669618
2018-04-17,7226.10009765625,7240.39990234375,7189.89990234375,7198.2001953125,714046100,0.003868463158779572,0.008864272483635671,0.1407159632712771
2018-04-18,7317.2998046875,7325.60009765625,7226.10009765625,7226.10009765625,877056200,0.012541895720422925,0.009227177638036084,0.14647690399955904
2018-04-19,7328.89990234375,7340.7001953125,7309.39990234375,7317.2998046875,788416300,0.0015840423200362383,0.008246411514563389,0.13090772445740534
2018-04-20,7368.2001953125,7368.2001953125,7323.2998046875,7328.89990234375,769512800,0.005348046400787823,0.008279854026281572,0.1314386078727474
2018-04-23,7398.89990234375,7404.10009765625,7359.7001953125,7368.2001953125,777571800,0.004157857813071244,0.008204228981580911,0.13023809750575085
2018-04-24,7425.39990234375,7439.60009765625,7397.2998046875,7398.89990234375,836399400,0.0035752148265224275,0.00747906314579857,0.11872644674118857
2018-04-25,7379.2998046875,7427.10009765625,7334.60009765625,7425.39990234375,879795200,-0.0062277854423231655,0.007579799595676852,0.12032558830721332
2018-04-26,7421.39990234375,7421.39990234375,7355.0,7379.2998046875,814899700,0.00568894877052826,0.007379362748204882,0.1171437519953056
2018-04-27,7502.2001953125,7507.10009765625,7421.2998046875,7421.39990234375,750485000,0.010828631427671856,0.0070167695633040076,0.11138776362929816
2018-04-30,7509.2998046875,7546.2001953125,7497.10009765625,7502.2001953125,991178200,0.0009458894719834253,0.006998313145307407,0.11109477707662578
2018-05-01,7520.39990234375,7549.10009765625,7506.60009765625,7509.2998046875,567569600,0.0014770886831799235,0.007000501180028968,0.11112951105102514
2018-05-02,7543.2001953125,7573.0,7519.60009765625,7520.39990234375,829699300,0.0030272060108756838,0.006828607823257336,0.1084007886067741
2018-05-03,7502.7001953125,7555.2001953125,7492.39990234375,7543.2001953125,723643100,-0.005383539271748551,0.007067925453059014,0.11219983820362607
2018-05-04,7567.10009765625,7570.2001953125,7502.7001953125,7502.7001953125,880646600,0.008546934017189511,0.005528930696378052,0.08776905383236495
2018-05-08,7565.7998046875,7598.5,7550.39990234375,7567.10009765625,876829900,-0.00017184980807920944,0.005461932874692704,0.08670549638499006
2018-05-09,7662.5,7662.5,7565.7998046875,7565.7998046875,891351200,0.012700235263112213,0.005893226928150126,0.09355207722932608
2018-05-10,7701.0,7706.89990234375,7631.60009765625,7662.5,878774100,0.005011889294783212,0.0056967943333705124,0.09043380645828218
2018-05-11,7724.60009765625,7728.89990234375,7691.7001953125,7701.0,731924200,0.003059863593034249,0.005618867600924116,0.08919675793105998
2018-05-14,7711.0,7728.0,7688.60009765625,7724.60009765625,749899600,-0.0017621732993236179,0.0056824055018888375,0.09020539083973822
2018-05-15,7723.0,7752.0,7687.5,7711.0,1027698700,0.0015550087363031262,0.005672198343046154,0.09004335721639656
2018-05-16,7734.2001953125,7745.5,7717.7998046875,7723.0,933498300,0.0014491883563838859,0.004969536120350629,0.0788889402348031
2018-05-17,7788.0,7788.2001953125,7713.89990234375,7734.2001953125,781296600,0.006932009566442511,0.005027979957516948,0.0798167073876417
2018-05-18,7778.7998046875,7791.39990234375,7753.2998046875,7788.0,899946200,-0.0011820279696705765,0.004683044026090736,0.07434101923081658
2018-05-21,7859.2001953125,7868.10009765625,7778.10009765625,7778.7998046875,691927400,0.01028278540174195,0.004937472017984573,0.07837993838956449
2018-05-22,7877.5,7903.5,7854.60009765625,7859.2001953125,807636300,0.0023257497072680807,0.004919620540734007,0.07809655497352373
2018-05-23,7788.39990234375,7877.5,7765.2998046875,7877.5,918822700,-0.011375159928643082,0.005846131364399478,0.09280445833209446
2018-05-24,7716.7001953125,7803.5,7716.7001953125,7788.39990234375,890463600,-0.009248597901052718,0.006368386693439225,0.10109500466119874
2018-05-25,7730.2998046875,7753.2998046875,7703.2998046875,7716.7001953125,844360200,0.0017608095926383823,0.006095599485491673,0.09676464198278543
2018-05-29,7632.60009765625,7730.2998046875,7610.7001953125,7730.2998046875,1288493000,-0.012719086209527785,0.006847877212503787,0.10870668067794738
2018-05-30,7689.60009765625,7689.60009765625,7618.10009765625,7632.60009765625,923820700,0.007440219057087948,0.006650092937237317,0.10556695264438204
2018-05-31,7678.2001953125,7727.5,7651.10009765625,7689.60009765625,1549063100,-0.001483609133050597,0.006675360555389911,0.10596806364751027
2018-06-01,7701.7998046875,7746.7001953125,7678.2001953125,7678.2001953125,783469400,0.003068872288259081,0.006689365835170691,0.10619039057156122
2018-06-04,7741.2998046875,7772.10009765625,7701.7001953125,7701.7998046875,722966000,0.0051155645095507084,0.006734274763601916,0.10690329770921374
2018-06-05,7686.7998046875,7744.5,7686.60009765625,7741.2998046875,933666200,-0.007065060257237732,0.006826267349584884,0.1083636347390497
2018-06-06,7712.39990234375,7730.5,7671.60009765625,7686.7998046875,884617800,0.003324863853547958,0.006635965962601676,0.1053426938744003
2018-06-07,7704.39990234375,7756.7001953125,7698.2001953125,7712.39990234375,1056744900,-0.0010378289683215486,0.006645680360186701,0.105496905155281
2018-06-08,7681.10009765625,7714.2998046875,7637.5,7704.39990234375,755489900,-0.0030288027687772503,0.00610979530569475,0.096989993642269
2018-06-11,7737.39990234375,7756.0,7681.10009765625,7681.10009765625,736070400,0.007302922451023103,0.006221039565806525,0.09875594152450384
2018-06-12,7703.7998046875,7762.7998046875,7701.2998046875,7737.39990234375,773837800,-0.0043520129686729315,0.00626225425606454,0.09941020444921543
2018-06-13,7703.7001953125,7746.7001953125,7677.2001953125,7703.7998046875,852427100,-1.2929985396915311e-05,0.006251059800357333,0.09923249797403144
2018-06-14,7765.7998046875,7793.5,7650.2001953125,7703.7001953125,1119081700,0.00802869426325213,0.006489010496530683,0.10300984817224768
2018-06-15,7633.89990234375,7781.0,7633.89990234375,7765.7998046875,1711560200,-0.01713061039181372,0.0075061427135487725,0.11915632155245753
2018-06-18,7631.2998046875,7645.5,7601.60009765625,7633.89990234375,664167900,-0.00034065688380044683,0.007305296302133478,0.11596798361450973
2018-06-19,7603.89990234375,7631.2998046875,7548.7998046875,7631.2998046875,897872000,-0.003596924544737549,0.0073278076488825054,0.11632534016556015
2018-06-20,7627.39990234375,7705.2001953125,7603.89990234375,7603.89990234375,844000100,0.003085753540189598,0.00692700403951192,0.10996278011573027
2018-06-21,7556.39990234375,7670.7998046875,7548.10009765625,7627.39990234375,777562300,-0.009352140886896605,0.007077891317359583,0.1123580413948608
2018-06-22,7682.2998046875,7689.39990234375,7556.2001953125,7556.39990234375,716273100,0.016524082690698903,0.00780734506627508,0.12393776067018575
2018-06-25,7509.7998046875,7682.2998046875,7508.2998046875,7682.2998046875,791358000,-0.02271014781232271,0.009008586293641856,0.14300687398344866
2018-06-26,7537.89990234375,7564.10009765625,7509.7998046875,7509.7998046875,1088107300,0.0037348074279597594,0.009052250506024137,0.1437000218663908
2018-06-27,7621.7001953125,7633.89990234375,7512.0,7537.89990234375,1643638600,0.011055851871551413,0.009026278061700817,0.14328772209467094
2018-06-28,7615.60009765625,7632.2001953125,7576.0,7621.7001953125,790762300,-0.0008006796302303343,0.00886115849387241,0.14066653021628436
2018-06-29,7636.89990234375,7706.60009765625,7615.60009765625,7615.60009765625,898931000,0.0027929609616116078,0.00888557746744265,0.14105416940431426
2018-07-02,7547.89990234375,7636.89990234375,7540.7001953125,7636.89990234375,778437000,-0.011722382948501907,0.009189804692599963,0.14588362688324327
2018-07-03,7593.2998046875,7632.10009765625,7545.0,7547.89990234375,1015952400,0.005996887866294921,0.009220903140385043,0.14637729943723998
2018-07-04,7573.10009765625,7593.2998046875,7560.7998046875,7593.2998046875,574163100,-0.0026637460577731563,0.009123734284165467,0.14483479166481444
2018-07-05,7603.2001953125,7624.7998046875,7572.7001953125,7573.10009765625,614456600,0.003966729248075068,0.009138988211545539,0.1450769402550027
2018-07-06,7617.7001953125,7631.2001953125,7569.7001953125,7603.2001953125,663475300,0.001905275511200505,0.009155762370021015,0.14534322176567366
2018-07-09,7688.0,7697.5,7617.7001953125,7617.7001953125,676761100,0.00918615916251465,0.009375052090663206,0.14882433816102605
2018-07-10,7692.0,7715.10009765625,7677.10009765625,7688.0,701511200,0.0005201560585420083,0.009228107012781652,0.1464916573662684
2018-07-11,7592.0,7692.0,7578.2001953125,7692.0,793208100,-0.0130857664189066,0.009609706509354174,0.15254936157641844
2018-07-12,7651.2998046875,7663.0,7592.0,7592.0,746183900,0.007780481207376968,0.009786273632893175,0.15535227776798372
2018-07-13,7661.89990234375,7716.2001953125,7651.2998046875,7651.2998046875,574401200,0.0013844395099815129,0.009608482385811933,0.15252992921761768
2018-07-16,7600.5,7667.7001953125,7565.0,7661.89990234375,591161000,-0.008045947423048238,0.009015159307900558,0.1431112173500043
2018-07-17,7626.2998046875,7641.10009765625,7581.7998046875,7600.5,724367500,0.0033887395523530166,0.009049100920961863,0.14365002375354388
2018-07-18,7676.2998046875,7685.7001953125,7625.7998046875,7626.2998046875,651377100,0.0065348606395290365,0.009119307190191696,0.14476451372670257
2018-07-19,7684.0,7702.89990234375,7660.0,7676.2998046875,695398600,0.001002610112491024,0.009100527578252443,0.1444663966292452
2018-07-20,7678.7998046875,7705.7998046875,7631.7001953125,7684.0,685061200,-0.0006769853903220345,0.008830899609345211,0.14018618531582924
2018-07-23,7655.7998046875,7678.7998046875,7621.7998046875,7678.7998046875,573514400,-0.0029997545202435955,0.008085095252260173,0.1283469081824967
2018-07-24,7709.10009765625,7740.60009765625,7648.60009765625,7655.7998046875,852532800,0.006937956915988886,0.006354758157189892,0.10087865835530135
2018-07-25,7658.2998046875,7710.2998046875,7640.60009765625,7709.10009765625,677528100,-0.006611460408067885,0.006550318376040349,0.10398308058779542
2018-07-26,7663.2001953125,7684.7001953125,7640.89990234375,7658.2998046875,588851200,0.0006396750699470066,0.006110908730744596,0.09700766871698141
2018-07-27,7701.2998046875,7717.2001953125,7663.2001953125,7663.2001953125,765238000,0.004959443843500501,0.006189750523455287,0.09825924337556736
2018-07-30,7700.89990234375,7718.10009765625,7659.89990234375,7701.2998046875,732990700,-5.192795203891605e-05,0.006168909245607003,0.09792839834641921
2018-07-31,7748.7998046875,7782.89990234375,7695.7998046875,7700.89990234375,915075400,0.0062007749962373696,0.005624062812966596,0.08927922936549589
2018-08-01,7652.89990234375,7751.10009765625,7634.7001953125,7748.7998046875,975009600,-0.012453319250784975,0.006251689146404566,0.09924248853280891
2018-08-02,7575.89990234375,7652.89990234375,7549.2998046875,7652.89990234375,1006803400,-0.01011250488186091,0.006632284194618743,0.10528424761959301
2018-08-03,7659.10009765625,7665.2001953125,7575.89990234375,7575.89990234375,649947700,0.01092235279870636,0.0070027066844433215,0.11116452234820015
2018-08-06,7663.7998046875,7681.89990234375,7636.60009765625,7659.10009765625,813731500,0.00061342268220399,0.006994018920294746,0.11102660836788227
2018-08-07,7718.5,7752.10009765625,7663.2001953125,7663.7998046875,675716300,0.007112125830182749,0.006875717230188957,0.10914862725769098
2018-08-08,7776.7001953125,7790.2001953125,7707.2998046875,7718.5,604063500,0.007512064157988804,0.007059411525282881,0.11206468379017
2018-08-09,7741.7998046875,7776.7998046875,7714.5,7776.7001953125,565689200,-0.004497915322335927,0.006454575393660197,0.10246320786085028
2018-08-10,7667.0,7741.7998046875,7657.7001953125,7741.7998046875,664153400,-0.00970878889865452,0.006651824418889833,0.10559443906349542
2018-08-13,7642.5,7667.2998046875,7614.5,7667.0,595242100,-0.003200629793904838,0.006682651987358149,0.10608381154164728
2018-08-14,7611.60009765625,7665.2001953125,7599.7001953125,7642.5,763645300,-0.004051362507213779,0.006500144853833579,0.10318660061483965
2018-08-15,7497.89990234375,7632.10009765625,7477.10009765625,7611.60009765625,967014400,-0.015050443965173112,0.007233402240917507,0.11482670077419026
2018-08-16,7556.39990234375,7565.2001953125,7497.89990234375,7497.89990234375,771423800,0.007771905066447112,0.007300917232177802,0.11589846803405089
2018-08-17,7558.60009765625,7577.7001953125,7514.2998046875,7556.39990234375,602739600,0.00029112740033613834,0.007294026796090156,0.11578908575217471
2018-08-20,7591.2998046875,7616.2001953125,7558.60009765625,7558.60009765625,559541000,0.004316828232787411,0.007378588491545336,0.11713146105187304
2018-08-21,7565.7001953125,7601.7001953125,7557.2998046875,7591.2998046875,543548500,-0.003377928840379699,0.0073853356815379145,0.11723856937248624
2018-08-22,7574.2001953125,7607.2001953125,7531.2001953125,7565.7001953125,611259200,0.0011228608740837562,0.007196605235065036,0.1142425664153257
2018-08-23,7563.2001953125,7602.10009765625,7560.89990234375,7574.2001953125,574932100,-0.0014533541628496277,0.0070768240106758844,0.11234109842651457
2018-08-24,7577.5,7587.2001953125,7557.7001953125,7563.2001953125,507869800,0.0018889230689307268,0.007092954138885038,0.11259715627365663
2018-08-28,7617.2001953125,7636.7001953125,7577.5,7577.5,585715100,0.00522554379368654,0.007103491520604707,0.11276443202265664
2018-08-29,7563.2001953125,7635.7001953125,7545.10009765625,7617.2001953125,688677800,-0.007114466862617287,0.007245840192685312,0.11502414713737003
2018-08-30,7516.0,7563.2001953125,7497.5,7563.2001953125,623166000,-0.006260325329671573,0.00714835352561623,0.11347659427411398
2018-08-31,7432.39990234375,7516.5,7428.7001953125,7516.0,812932000,-0.011185273314018284,0.0070555354634269235,0.11200315321574698
2018-09-03,7504.60009765625,7516.10009765625,7432.2001953125,7432.39990234375,455166900,0.009667370639232698,0.007152799029369539,0.11354716445841595
2018-09-04,7457.89990234375,7535.10009765625,7437.7001953125,7504.60009765625,652803100,-0.006242318724522313,0.006758075427867966,0.1072811215413304
2018-09-05,7383.2998046875,7457.89990234375,7358.0,7457.89990234375,769494800,-0.010053193465033515,0.007005929936366806,0.11121568988621486
2018-09-06,7319.0,7397.7001953125,7313.10009765625,7383.2998046875,723693100,-0.008746960067787477,0.0068530763389774004,0.1087892142520511
2018-09-07,7277.7001953125,7328.2998046875,7227.10009765625,7319.0,863004900,-0.005658801556992147,0.006480580227015705,0.1028760217925164
2018-09-10,7279.2998046875,7307.89990234375,7256.5,7277.7001953125,696321800,0.00021977184604502726,0.006513494364056562,0.10339851751988682
2018-09-11,7273.5,7280.5,7220.5,7279.2998046875,644115800,-0.0007970706767633335,0.006337928456668463,0.10061149514198499
2018-09-12,7313.39990234375,7325.2998046875,7250.7998046875,7273.5,677165600,0.005470662323271633,0.006568873079378355,0.10427762737189307
2018-09-13,7281.60009765625,7319.60009765625,7275.10009765625,7313.39990234375,660719700,-0.00435763686303838,0.006573769648393784,0.10435535799524681
2018-09-14,7304.0,7323.7998046875,7281.60009765625,7281.60009765625,577288900,0.003071511601054518,0.005950065679958649,0.09445436444202614
2018-09-17,7302.10009765625,7318.7998046875,7267.7998046875,7304.0,620997300,-0.00026015190115948067,0.005588453205468312,0.08871394437114541
2018-09-18,7300.2001953125,7320.10009765625,7282.0,7302.10009765625,700366200,-0.00026021959778294745,0.005580264893891463,0.08858395895460629
2018-09-19,7331.10009765625,7346.10009765625,7279.89990234375,7300.2001953125,762448100,0.00422381437936943,0.005575321429664005,0.0885054838928403
2018-09-20,7367.2998046875,7368.39990234375,7324.0,7331.10009765625,864910500,0.004925676326997876,0.005739487535611491,0.09111154003309786
2018-09-21,7490.2001953125,7495.2998046875,7367.2998046875,7367.2998046875,1504423700,0.016544263017968148,0.00692455866589999,0.10992396101309142
2018-09-24,7458.39990234375,7491.2998046875,7450.5,7490.2001953125,689612600,-0.004254624611171989,0.006970046253697295,0.11064605408340274
2018-09-25,7507.60009765625,7515.89990234375,7455.2001953125,7458.39990234375,767955100,0.006574952900721555,0.007129076027585446,0.11317057347998002
2018-09-26,7511.5,7522.10009765625,7490.2001953125,7507.60009765625,672358800,0.0005193257127313751,0.0070150887893038055,0.11136108216921034
2018-09-27,7545.39990234375,7552.0,7490.89990234375,7511.5,646428000,0.004502913593606553,0.006938745950367833,0.11014917717197888
2018-09-28,7510.2001953125,7548.39990234375,7474.7001953125,7545.39990234375,915815000,-0.004675970527754195,0.006876892279272767,0.10916728058361531
2018-10-01,7495.7001953125,7526.2001953125,7466.7001953125,7510.2001953125,728276800,-0.0019325737390595505,0.0064072651139813015,0.10171218045392666
2018-10-02,7474.60009765625,7495.7001953125,7444.7998046875,7495.7001953125,817840400,-0.002818929642791565,0.006075401685428431,0.09644401184679778
2018-10-03,7510.2998046875,7524.10009765625,7474.60009765625,7474.60009765625,824628100,0.004764766505582253,0.006001567475675094,0.09527193010325992
2018-10-04,7418.2998046875,7510.2998046875,7411.2998046875,7510.2998046875,801963200,-0.0123254916210596,0.006214887812575475,0.09865828546944547
2018-10-05,7318.5,7421.10009765625,7318.5,7418.2998046875,743757800,-0.013544505147000523,0.006635155332156548,0.10532982551502239
2018-10-08,7233.2998046875,7319.7998046875,7233.2998046875,7318.5,675287300,-0.011710052370962374,0.007013650789712778,0.11133825463339071
2018-10-09,7237.60009765625,7247.60009765625,7184.2998046875,7233.2998046875,765996800,0.0005943366513977436,0.007015491806979211,0.11136747987646886
2018-10-10,7145.7001953125,7242.2998046875,7145.7001953125,7237.60009765625,1029488500,-0.012778868697587247,0.0075286604174363315,0.11951377901995358
2018-10-11,7006.89990234375,7145.7001953125,6998.0,7145.7001953125,1172373200,-0.01961544061815145,0.008414667604073675,0.13357870707390399
2018-10-12,6995.89990234375,7074.0,6994.7998046875,7006.89990234375,876577500,-0.0015711146936513525,0.008398226277017579,0.13331770909821813
2018-10-15,7029.2001953125,7038.2001953125,6961.2998046875,6995.89990234375,657640100,0.004748679911522737,0.008455706205775779,0.1342301746794496
2018-10-16,7059.39990234375,7062.10009765625,6998.89990234375,7029.2001953125,766800500,0.004287119100017623,0.008555449825927621,0.13581355556217198
2018-10-17,7054.60009765625,7089.0,7019.39990234375,7059.39990234375,685937100,-0.0006801480618581719,0.008552628476239268,0.13576876802435037
2018-10-18,7027.0,7078.7998046875,7026.7001953125,7054.60009765625,672072000,-0.003920027952531264,0.00845805612481318,0.13426747848769416
2018-10-19,7049.7998046875,7070.39990234375,7012.60009765625,7027.0,793925800,0.0032393477127015415,0.008396623996980738,0.13329227369116914
2018-10-22,7042.7998046875,7114.10009765625,7042.10009765625,7049.7998046875,784032400,-0.0009934292848334594,0.007242636694946504,0.11497329318731536
2018-10-23,6955.2001953125,7042.7998046875,6928.7001953125,7042.7998046875,983305900,-0.012516181304031189,0.007536440835005332,0.11963728931985647
2018-10-24,6963.0,7049.7998046875,6955.2001953125,6955.2001953125,778187100,0.0011208066265122256,0.007267340378913666,0.11536545201278083
2018-10-25,7004.10009765625,7004.10009765625,6886.0,6963.0,831568200,0.005885289859681137,0.0075092108318184315,0.11920502642006425
2018-10-26,6939.60009765625,7004.2001953125,6851.60009765625,7004.10009765625,779028300,-0.009251555777738285,0.0073907171297496925,0.11732399721445666
2018-10-29,7026.2998046875,7085.89990234375,6939.60009765625,6939.60009765625,780563900,0.01241607364062752,0.008206933031592936,0.13028102296893784
2018-10-30,7035.89990234375,7060.10009765625,6983.7001953125,7026.2998046875,751498500,0.001365376590814175,0.008263187957641955,0.13117404223502604
2018-10-31,7128.10009765625,7161.5,7035.89990234375,7035.89990234375,895391200,0.013019132677181237,0.008974126249946125,0.14245983774872473
2018-11-01,7114.7001953125,7165.60009765625,7085.7001953125,7128.10009765625,1024684600,-0.0018816392874606766,0.008830026522630884,0.14017232549391462
2018-11-02,7094.10009765625,7196.39990234375,7094.10009765625,7114.7001953125,800219300,-0.0028996272260882476,0.008544657205579325,0.135642228025554
2018-11-05,7103.7998046875,7140.39990234375,7077.39990234375,7094.10009765625,553382600,0.0013663582088937868,0.008159374136147453,0.12952604890907182
2018-11-06,7040.7001953125,7117.5,7027.5,7103.7998046875,646543100,-0.008922199860708843,0.008004759995411122,0.12707162551569817
2018-11-07,7117.2998046875,7136.7998046875,7040.7001953125,7040.7001953125,678581300,0.010820787793573922,0.008424857477271466,0.1337404662961398
2018-11-08,7140.7001953125,7171.7001953125,7115.0,7117.2998046875,676867200,0.003282425534474105,0.00800123134225131,0.127015609883355
2018-11-09,7105.2998046875,7140.7001953125,7070.7998046875,7140.7001953125,652724100,-0.004969881158212028,0.0067494098532070715,0.10714355980820926
2018-11-12,7053.10009765625,7186.2998046875,7053.10009765625,7105.2998046875,708713400,-0.00737370662023845,0.0069609525242636085,0.11050169560397288
2018-11-13,7053.7998046875,7104.0,7016.60009765625,7053.10009765625,1048825300,9.92006800455642e-05,0.006888880354864362,0.10935758538389694
2018-11-14,7033.7998046875,7113.60009765625,6979.7001953125,7053.7998046875,925587100,-0.002839378459261737,0.0068511634271508064,0.10875884771821212
2018-11-15,7038.0,7081.89990234375,6979.60009765625,7033.7998046875,1257540400,0.0005969663434006353,0.00685210472952679,0.10877379043018433
2018-11-16,7013.89990234375,7092.39990234375,6969.0,7038.0,1010040200,-0.003430158406173254,0.0068393151547039765,0.10857076222405182
2018-11-19,7000.89990234375,7070.5,6997.7998046875,7013.89990234375,776442400,-0.0018551822230327233,0.006805628848568823,0.10803600869231979
2018-11-20,6947.89990234375,7010.10009765625,6904.2001953125,7000.89990234375,826183700,-0.007599256681382923,0.006987977112616313,0.11093069764436378
2018-11-21,7050.2001953125,7058.60009765625,6947.89990234375,6947.89990234375,841306700,0.0146165713304268,0.007188969936953157,0.11412135981538646
2018-11-22,6960.2998046875,7050.39990234375,6945.0,7050.2001953125,763217400,-0.012833464114485743,0.00776474198656421,0.1232614577461832
2018-11-23,6952.89990234375,6987.5,6912.2998046875,6960.2998046875,686823000,-0.001063724117718893,0.007647754812654622,0.121404343933689
2018-11-26,7036.0,7051.0,6952.89990234375,6952.89990234375,802145500,0.01188100218828507,0.00780650509743572,0.1239244265782378
2018-11-27,7016.89990234375,7043.7001953125,6984.0,7036.0,829960500,-0.0027183157284612746,0.0073520008922124975,0.11670939599711554
2018-11-28,7004.5,7057.0,6987.2998046875,7016.89990234375,800840600,-0.0017687114928189296,0.007353349937144177,0.11673081142149559
2018-11-29,7039.0,7078.39990234375,7004.5,7004.5,777115000,0.004913314971963021,0.006817243778152872,0.1082203899833693
2018-11-30,6980.2001953125,7042.10009765625,6965.60009765625,7039.0,1189062500,-0.008388516986150922,0.007023217702160023,0.11149012466029154
2018-12-03,7062.39990234375,7145.5,6980.2001953125,6980.2001953125,864783000,0.011707325612807067,0.00752182089752371,0.11940520500729836
2018-12-04,7022.7998046875,7095.0,7002.7001953125,7062.39990234375,822570700,-0.005622952150935288,0.007602628164163938,0.12068798059723992
2018-12-05,6921.7998046875,7028.7001953125,6921.7998046875,7022.7998046875,789059300,-0.0144861479064104,0.007995908171955751,0.12693110717462402
2018-12-06,6704.10009765625,6921.7998046875,6673.60009765625,6921.7998046875,1029779500,-0.03195652909234646,0.010065523184001215,0.15978522696373348
2018-12-07,6778.10009765625,6868.2998046875,6704.10009765625,6704.10009765625,819982500,0.010977546995317103,0.010433215790599384,0.16562216613958866
2018-12-10,6721.5,6815.7998046875,6719.2001953125,6778.10009765625,864359000,-0.008385497186105473,0.010500353851077565,0.16668794980878354
2018-12-11,6806.89990234375,6857.60009765625,6721.5,6721.5,841263500,0.012625445339565741,0.010947372158449039,0.17378414544557125
2018-12-12,6880.2001953125,6902.2001953125,6806.89990234375,6806.89990234375,1063865300,0.010710960426059629,0.011274218955542105,0.1789726774971287
2018-12-13,6877.5,6908.5,6849.0,6880.2001953125,735372600,-0.00039253586120322213,0.011268926410499846,0.17888866094922215
2018-12-14,6845.2001953125,6877.5,6788.7001953125,6877.5,714141000,-0.004707508562665861,0.01128912291296885,0.17920927048653987
2018-12-17,6773.2001953125,6845.2001953125,6761.39990234375,6845.2001953125,734851100,-0.010574027608804118,0.011462115035977083,0.18195543530405714
2018-12-18,6701.60009765625,6773.2001953125,6701.60009765625,6773.2001953125,855040800,-0.010627359215580142,0.011628117696742461,0.1845906458482184
2018-12-19,6765.89990234375,6785.2001953125,6698.2001953125,6701.60009765625,754065600,0.009548957604899582,0.01182169654814612,0.18766361484759206
2018-12-20,6711.89990234375,6765.89990234375,6646.5,6765.89990234375,903273100,-0.008013220219156599,0.01132259507957364,0.17974062465861265
2018-12-21,6721.2001953125,6733.0,6653.7001953125,6711.89990234375,1596669300,0.001384683265535046,0.011086485426050053,0.17599250010642242
2018-12-24,6686.0,6721.2001953125,6661.0,6721.2001953125,192808000,-0.005250951082913564,0.011112761719973894,0.17640962334101595
2018-12-27,6584.7001953125,6728.5,6536.5,6686.0,590127000,-0.015266982265460517,0.011012472338256163,0.1748175787620227
2018-12-28,6734.0,6742.5,6584.7001953125,6584.7001953125,499812000,0.022420515006436416,0.012347874480383568,0.19601643057201495
2018-12-31,6728.10009765625,6752.5,6718.2998046875,6734.0,225303900,-0.0008765204059822208,0.012350098889930683,0.1960517419788687
2019-01-02,6734.2001953125,6753.2998046875,6599.5,6728.10009765625,614252000,0.0009062489977184277,0.012269985005190874,0.19477997348535975
2019-01-03,6692.7001953125,6753.10009765625,6685.10009765625,6734.2001953125,674099100,-0.006181639983127057,0.012222864177142596,0.19403195352983665
2019-01-04,6837.39990234375,6850.39990234375,6692.5,6692.7001953125,639136700,0.021390118782479976,0.012928197794915875,0.20522877759360617
2019-01-07,6810.89990234375,6874.10009765625,6778.0,6837.39990234375,736559900,-0.0038832724486498028,0.012906293947917234,0.20488106480212206
2019-01-08,6861.60009765625,6901.5,6804.89990234375,6810.89990234375,651977000,0.007416409245037757,0.012683982401608278,0.20135197841145178
2019-01-09,6906.60009765625,6938.2998046875,6861.60009765625,6861.60009765625,860684900,0.006536825380129173,0.010489620923348573,0.1665175698631203
2019-01-10,6942.89990234375,6948.2001953125,6860.7998046875,6906.60009765625,611434300,0.005242050299471617,0.010301223408347333,0.16352685202922526
2019-01-11,6918.2001953125,7001.89990234375,6902.7001953125,6942.89990234375,680478600,-0.0035638921875583273,0.010130524571646569,0.16081709200323577
2019-01-14,6855.0,6918.2001953125,6841.7001953125,6918.2001953125,683449700,-0.00917733540412482,0.010036507949341827,0.15932462439288797
2019-01-15,6895.0,6910.5,6849.60009765625,6855.0,687341200,0.005818198230987481,0.009838439475244992,0.15618038484275437
2019-01-16,6862.7001953125,6912.39990234375,6848.60009765625,6895.0,787626400,-0.004695532476286823,0.009893913900609428,0.15706101404458545
2019-01-17,6834.89990234375,6862.7001953125,6799.0,6862.7001953125,582654200,-0.004059153565884007,0.009879827272843856,0.15683739576130998
2019-01-18,6968.2998046875,6984.39990234375,6834.89990234375,6834.89990234375,795742900,0.01932943935256045,0.010430109770888176,0.16557285960524995
2019-01-21,6970.60009765625,6987.89990234375,6954.5,6968.2998046875,474827100,0.0003300537353375131,0.010068664055352363,0.1598350867507046
2019-01-22,6901.39990234375,6970.60009765625,6880.7001953125,6970.60009765625,565967800,-0.009977042868389784,0.01022484366076494,0.16231436112539585
2019-01-23,6842.89990234375,6901.60009765625,6834.2998046875,6901.39990234375,646039700,-0.008512671303821339,0.010247277089556691,0.16267048076722054
2019-01-24,6819.0,6854.60009765625,6802.0,6842.89990234375,599978600,-0.0034987705802652707,0.010291530920868172,0.16337298856049243
2019-01-25,6809.2001953125,6858.2001953125,6806.7998046875,6819.0,727497200,-0.0014381658966186937,0.010214866747667911,0.1621559825399548
2019-01-28,6747.10009765625,6812.5,6734.0,6809.2001953125,648213700,-0.009161870230529287,0.00981156936247916,0.15575383502628246
2019-01-29,6833.89990234375,6860.2998046875,6747.10009765625,6747.10009765625,697035900,0.012782709165940091,0.008955434652181073,0.14216311783296803
2019-01-30,6941.60009765625,6967.7001953125,6833.89990234375,6833.89990234375,748772100,0.015636802988097078,0.009517332740251645,0.15108297345215246
2019-01-31,6968.89990234375,6994.89990234375,6941.10009765625,6941.60009765625,866316300,0.003925069513860492,0.009530901843284822,0.15129837628499246
2019-02-01,7020.2001953125,7024.5,6968.89990234375,6968.89990234375,630712300,0.007334356402611306,0.009432773039121328,0.14974062981137987
2019-02-04,7034.10009765625,7046.60009765625,7002.39990234375,7020.2001953125,611990600,0.0019780290140471975,0.008355534318696688,0.13263999527002168
2019-02-05,7177.39990234375,7180.7001953125,7033.60009765625,7034.10009765625,662979300,0.02016742238629892,0.009207156792761722,0.14615908293375945
2019-02-06,7173.10009765625,7184.2001953125,7146.7001953125,7177.39990234375,599487700,-0.0005992550526008128,0.009158992828598264,0.14539450370577026
2019-02-07,7093.60009765625,7187.5,7093.60009765625,7173.10009765625,649638500,-0.011144948979151291,0.009537030391443522,0.15139566397094728
2019-02-08,7071.2001953125,7115.7998046875,7064.89990234375,7093.60009765625,532300500,-0.003162758465028004,0.00953845822062216,0.15141833005647543
2019-02-11,7129.10009765625,7149.2001953125,7071.2001953125,7071.2001953125,548318300,0.008154788562718418,0.00960850570986136,0.1525302994754238
2019-02-12,7133.10009765625,7168.60009765625,7121.7001953125,7129.10009765625,526735100,0.0005609232867440881,0.009301053889804182,0.14764965313939096
2019-02-13,7190.7998046875,7205.10009765625,7133.10009765625,7133.10009765625,561646800,0.008056467793775583,0.009360906851867407,0.14859978945649022
2019-02-14,7197.0,7232.7998046875,7183.0,7190.7998046875,519107200,0.0008618684969860528,0.009239921295086323,0.1466792032836496
2019-02-15,7236.7001953125,7261.60009765625,7185.2001953125,7197.0,688422300,0.005501055847252007,0.009147812133453403,0.14521701567274148
2019-02-18,7219.5,7242.10009765625,7209.7001953125,7236.7001953125,440062500,-0.0023796299437825502,0.008370624973632146,0.13287955199050352
2019-02-19,7179.2001953125,7219.5,7162.7998046875,7219.5,624124300,-0.005597714984225942,0.008517313734031381,0.13520816387137183
2019-02-20,7228.60009765625,7234.2001953125,7178.0,7179.2001953125,861254900,0.006857409864258684,0.008178033851015308,0.12982226269952613
2019-02-21,7167.39990234375,7228.7998046875,7141.89990234375,7228.60009765625,798796000,-0.008502440122231324,0.008177363659736541,0.12981162374279936
2019-02-22,7178.60009765625,7220.5,7162.39990234375,7167.39990234375,646718000,0.0015614383923170882,0.008074759077402183,0.12818282649340518
2019-02-25,7183.7001953125,7210.7001953125,7158.2001953125,7178.60009765625,644937500,0.0007102062715006589,0.008036591015818138,0.12757692729954448
2019-02-26,7151.10009765625,7183.7998046875,7091.60009765625,7183.7001953125,865719700,-0.004548393167983609,0.00775869214784254,0.12316541953380566
2019-02-27,7107.2001953125,7151.10009765625,7082.60009765625,7151.10009765625,870721000,-0.006157822483866558,0.007636376039066796,0.12122371150285921
2019-02-28,7074.7001953125,7107.2001953125,7041.0,7107.2001953125,979616900,-0.004583314788307433,0.0070669158171699515,0.11218381073076296
2019-03-01,7106.7001953125,7129.7001953125,7074.7001953125,7074.7001953125,700825200,0.004512961122323426,0.00708063123751917,0.11240153627898743
2019-03-04,7134.39990234375,7166.2001953125,7106.7001953125,7106.7001953125,634698800,0.0038901126700717024,0.0069638530239081705,0.11054773960839694
2019-03-05,7183.39990234375,7191.7001953125,7127.2001953125,7134.39990234375,795291200,0.006844653783335685,0.007086024352693457,0.11248714932824598
2019-03-06,7196.0,7211.7998046875,7170.2998046875,7183.39990234375,791979200,0.001752521101957524,0.005573456362192843,0.08847587686459799
2019-03-07,7157.60009765625,7196.0,7126.60009765625,7196.0,691317400,-0.005350573193323246,0.005699271828135807,0.09047313546842278
2019-03-08,7104.2998046875,7157.60009765625,7077.89990234375,7157.60009765625,622101900,-0.007474535859167791,0.005391694708230369,0.08559050005896308
2019-03-11,7130.60009765625,7181.60009765625,7104.2998046875,7104.2998046875,674285200,0.0036951890178992465,0.005393675924528535,0.08562195089267334
2019-03-12,7151.2001953125,7166.60009765625,7083.2001953125,7130.60009765625,752033900,0.0028848060496601347,0.005130946912170939,0.08145125711927446
2019-03-13,7159.2001953125,7181.89990234375,7128.7001953125,7151.2001953125,744627600,0.001118068064486083,0.005134631189471004,0.08150974320825628
2019-03-14,7185.39990234375,7215.5,7148.10009765625,7159.2001953125,791259700,0.0036529057605430167,0.004880236362382047,0.07747135052446434
2019-03-15,7228.2998046875,7243.7998046875,7185.39990234375,7185.39990234375,1335709200,0.005952674177080011,0.005050523568763804,0.08017457612171669
2019-03-18,7299.2001953125,7299.2001953125,7228.2001953125,7228.2998046875,642988100,0.009760929760536316,0.005350444859760942,0.08493567901494788
2019-03-19,7324.0,7350.10009765625,7294.5,7299.2001953125,598904100,0.0033918469462633303,0.0053482435910931075,0.0849007349581643
2019-03-20,7291.0,7341.60009765625,7291.0,7324.0,748851100,-0.004515915987971065,0.005289597959489234,0.08396976441793934
2019-03-21,7355.2998046875,7370.60009765625,7290.60009765625,7291.0,709429100,0.008780404422492095,0.005416005094818001,0.08597641548208337
2019-03-22,7207.60009765625,7356.39990234375,7192.7998046875,7355.2998046875,694767600,-0.020285076827197112,0.0068510669554751906,0.10875731627783868
2019-03-25,7177.60009765625,7208.10009765625,7146.7998046875,7207.60009765625,586169600,-0.004170959470139347,0.006910824499146246,0.10970593787492085
2019-03-26,7196.2998046875,7221.0,7169.39990234375,7177.60009765625,629605500,0.00260189895683936,0.006932928978092223,0.11005683559983116
2019-03-27,7194.2001953125,7222.60009765625,7160.10009765625,7196.2998046875,678742500,-0.0002918049254575619,0.0068524965158777325,0.1087800098456943
2019-03-28,7234.2998046875,7265.5,7190.89990234375,7194.2001953125,568044400,0.005558403523245224,0.006778161934542963,0.10759998494955089
2019-03-29,7279.2001953125,7287.7001953125,7223.2998046875,7234.2998046875,794400900,0.006187416387856378,0.006754407785178021,0.10722289951859777
2019-04-01,7317.39990234375,7352.2001953125,7279.2001953125,7279.2001953125,697005200,0.005234067383343661,0.006773061950192349,0.1075190252078586
2019-04-02,7391.10009765625,7403.60009765625,7316.7998046875,7317.39990234375,720842000,0.010021526617506982,0.007014036160507438,0.111344372205102
2019-04-03,7418.2998046875,7418.2998046875,7380.89990234375,7391.10009765625,880770400,0.0036733071960819634,0.0069310007837139545,0.1100262264630054
2019-04-04,7401.89990234375,7418.39990234375,7367.39990234375,7418.2998046875,675670900,-0.002213183271762294,0.006978560867218226,0.11078121938272001
2019-04-05,7446.89990234375,7461.39990234375,7400.7998046875,7401.89990234375,679960600,0.006061114481436781,0.00687478191175843,0.109133779537908
2019-04-08,7451.89990234375,7459.89990234375,7420.39990234375,7446.89990234375,571379100,0.0006711950295669588,0.006541925292151505,0.10384984451157869
2019-04-09,7425.60009765625,7477.60009765625,7413.2998046875,7451.89990234375,652297100,-0.0035355176720380218,0.006652770011736568,0.1056094498845793
2019-04-10,7421.89990234375,7441.39990234375,7409.39990234375,7425.60009765625,569746800,-0.0004984267235700294,0.006669445742338444,0.10587416890119654
2019-04-11,7418.0,7441.89990234375,7383.5,7421.89990234375,629602900,-0.0005255968650993197,0.006687091530769482,0.10615428710845368
2019-04-12,7437.10009765625,7454.7998046875,7415.0,7418.0,696895600,0.002571521976424936,0.006675381801026174,0.10596840091153026
2019-04-15,7436.89990234375,7447.10009765625,7420.2998046875,7437.10009765625,511603500,-2.6918826477381916e-05,0.00660940793398705,0.10492109824024168
2019-04-16,7469.89990234375,7485.89990234375,7436.89990234375,7436.89990234375,623807300,0.004427516883616508,0.0063683169285126155,0.10109389717732248
2019-04-17,7471.2998046875,7479.0,7445.10009765625,7469.89990234375,646326400,0.0001873882118297729,0.006349037966684185,0.10078785314612128
2019-04-18,7459.89990234375,7475.89990234375,7437.89990234375,7471.2998046875,520513300,-0.0015269911035319021,0.006253200024300517,0.09926647297585334
2019-04-23,7523.10009765625,7528.89990234375,7459.89990234375,7459.89990234375,772087000,0.008436303830783975,0.006232458592586442,0.09893721295494812
2019-04-24,7471.7998046875,7523.7998046875,7456.7001953125,7523.10009765625,682647400,-0.0068423922069775515,0.004328514703821297,0.06871304071558533
2019-04-25,7434.10009765625,7473.2998046875,7406.0,7471.7998046875,674377600,-0.005058371203856429,0.004392698775566033,0.06973193126739392
2019-04-26,7428.2001953125,7442.2001953125,7398.60009765625,7434.10009765625,839779200,-0.0007939420597570603,0.00441918106979903,0.07015232465551562
2019-04-29,7440.7001953125,7456.5,7406.5,7428.2001953125,491223900,0.0016813621204497307,0.00439988322398943,0.06984598085040679
2019-04-30,7418.2001953125,7451.2998046875,7394.10009765625,7440.7001953125,751088200,-0.0030284902119984405,0.0044130242332306785,0.07005458790497926
2019-05-01,7385.2998046875,7446.5,7379.7001953125,7418.2001953125,336726900,-0.004444954881540721,0.0044215682236120836,0.07019021954749922
2019-05-02,7351.2998046875,7393.89990234375,7339.5,7385.2998046875,618376400,-0.004614369831537097,0.004437658033877566,0.0704456373671273
2019-05-03,7380.60009765625,7418.2001953125,7350.0,7351.2998046875,462290200,0.003977807587308051,0.003938078271171957,0.06251505449416908
2019-05-07,7260.5,7380.60009765625,7251.0,7380.60009765625,880585900,-0.01640625236348053,0.005214992928340408,0.08278544626409522
2019-05-08,7271.0,7278.2998046875,7222.89990234375,7260.5,809211600,0.0014451366792646062,0.005234344405682196,0.08309264144338366
2019-05-09,7207.39990234375,7271.0,7192.2001953125,7271.0,854458400,-0.008785571219543785,0.005256856005555084,0.08345000201265079
2019-05-10,7203.2998046875,7268.2001953125,7189.89990234375,7207.39990234375,618170400,-0.0005690352099814207,0.005237506824883679,0.08314284329187441
2019-05-13,7163.7001953125,7217.10009765625,7150.89990234375,7203.2998046875,773553600,-0.005512592699463846,0.00529123556245499,0.08399576055910125
2019-05-14,7241.60009765625,7241.60009765625,7163.7001953125,7163.7001953125,721546200,0.010815555403602505,0.005955107876047285,0.09453440682349905
2019-05-15,7297.0,7303.7001953125,7223.10009765625,7241.60009765625,811266000,0.00762111484094987,0.006256964013844911,0.09932622445748482
2019-05-16,7353.5,7353.5,7265.7998046875,7297.0,655973100,0.007713085574748306,0.006491014321540504,0.10304165790812894
2019-05-17,7348.60009765625,7354.2001953125,7307.2998046875,7353.5,741020200,-0.0006665581777599004,0.006489995285793171,0.10302548121714178
2019-05-20,7310.89990234375,7360.2998046875,7268.60009765625,7348.60009765625,732464200,-0.00514346033988398,0.006457567405340258,0.10251070457380172
2019-05-21,7328.89990234375,7370.0,7310.89990234375,7310.89990234375,749358400,0.0024590512589709236,0.0064977858294614005,0.10314915226388652
2019-05-22,7334.2001953125,7373.2998046875,7313.60009765625,7328.89990234375,800943900,0.0007229430562839951,0.006505758224293967,0.10327571010837003
2019-05-23,7231.0,7334.2001953125,7211.2998046875,7334.2001953125,795078400,-0.01417102696302744,0.006764681323769939,0.1073859868877908
2019-05-24,7277.7001953125,7303.0,7231.0,7231.0,633553800,0.006437565869283103,0.006897571507355517,0.10949555315248574
2019-05-28,7269.0,7314.89990234375,7262.7998046875,7277.7001953125,1155168300,-0.0011961745595996179,0.006842312709305596,0.10861834692815515
2019-05-29,7185.2998046875,7269.0,7151.39990234375,7269.0,652877900,-0.01158148537195848,0.007215365551672596,0.11454037720888834
2019-05-30,7218.2001953125,7236.7001953125,7180.60009765625,7185.2998046875,638457200,0.0045683962710330595,0.007307590692938672,0.11600440593939536
2019-05-31,7161.7001953125,7218.2001953125,7130.89990234375,7218.2001953125,853980400,-0.007858231171695942,0.0074347910595943196,0.1180236491604778
2019-06-03,7184.7998046875,7186.7001953125,7079.7001953125,7161.7001953125,711561100,0.0032202459606006967,0.0074800586049800465,0.1187422491657956
2019-06-04,7214.2998046875,7224.0,7138.10009765625,7184.7998046875,829550400,0.004097484158615845,0.007529093375610467,0.1195206520178947
2019-06-05,7220.2001953125,7259.2001953125,7201.39990234375,7216.7001953125,744999500,0.0008175400538483826,0.007458058656568952,0.11839301081168355
2019-06-06,7259.89990234375,7275.7001953125,7218.7001953125,7220.2001953125,621265600,0.005483360782756296,0.006694565462137122,0.10627293209074211
2019-06-07,7331.89990234375,7347.39990234375,7258.2001953125,7259.89990234375,592558500,0.009868636535959761,0.007029698375620574,0.11159300216212054
2019-06-10,7375.5,7380.10009765625,7331.89990234375,7331.89990234375,447077300,0.005929018816308747,0.006798165119436936,0.10791752566550306
2019-06-11,7398.5,7420.7001953125,7375.5,7375.5,669773500,0.003113580422485148,0.006800513379765146,0.10795480314255555
2019-06-12,7367.60009765625,7398.5,7329.2998046875,7398.5,800128100,-0.00418525504281594,0.006740190611566303,0.10699720888426074
2019-06-13,7368.60009765625,7398.60009765625,7351.0,7367.60009765625,608751100,0.0001357201976468128,0.006382633717664726,0.10132116915933907
2019-06-14,7345.7998046875,7368.7998046875,7316.39990234375,7368.60009765625,610719800,-0.003099047377817902,0.006239233069092042,0.09904475443552692
2019-06-17,7357.2998046875,7370.7001953125,7324.5,7345.7998046875,531721100,0.001564296325345028,0.00601505944653608,0.09548610850082571
2019-06-18,7443.0,7469.2001953125,7345.60009765625,7357.2998046875,798973400,0.011581002314963956,0.0065174709412437444,0.10346164372572605
2019-06-19,7403.5,7454.89990234375,7399.2001953125,7443.0,751391800,-0.005321132011137091,0.006525420643933508,0.10358784134361014
2019-06-20,7424.39990234375,7460.7998046875,7403.5,7403.5,698596800,0.002818998822749976,0.006531020093810946,0.10367672985473698
2019-06-21,7407.5,7456.7998046875,7382.89990234375,7424.39990234375,1451918700,-0.0022788597238032745,0.006561353299711663,0.10415825457042067
2019-06-24,7416.7001953125,7435.5,7399.60009765625,7407.5,627473100,0.0012412401846299155,0.005638445708693795,0.08950755075685875
2019-06-25,7422.39990234375,7429.7001953125,7373.2001953125,7416.7001953125,607355800,0.0007682012081648568,0.0055097636724101146,0.08746478675961068
2019-06-26,7416.39990234375,7435.89990234375,7405.5,7422.39990234375,654431900,-0.0008086907844251763,0.005502905498865,0.08735591662971973
2019-06-27,7402.2998046875,7439.39990234375,7375.5,7416.39990234375,645884500,-0.0019030147300724447,0.004754813865569217,0.0754803301121871
2019-06-28,7425.60009765625,7436.2001953125,7398.89990234375,7402.2998046875,708530400,0.0031427663121879447,0.004717599021146854,0.07488956277165791
2019-07-01,7497.5,7530.2001953125,7425.60009765625,7425.60009765625,634652500,0.009636128984958761,0.004552176257787301,0.07226355781342712
2019-07-02,7559.2001953125,7565.2998046875,7497.5,7497.5,556375200,0.008195758682972627,0.004734736335891959,0.07516160920938784
2019-07-03,7609.2998046875,7621.0,7558.5,7559.2001953125,682521500,0.006605767419906948,0.004810233797028143,0.07636009425008648
2019-07-04,7603.60009765625,7622.60009765625,7601.2998046875,7609.2998046875,487717900,-0.0007493255506224248,0.004850246379811358,0.0769952743102331
2019-07-05,7553.10009765625,7603.60009765625,7541.89990234375,7603.60009765625,550648200,-0.006663744248048485,0.0051849063266419075,0.08230783626875951
2019-07-08,7549.2998046875,7571.2998046875,7538.7001953125,7553.10009765625,538297100,-0.0005032700860174992,0.0048709071374273,0.07732325366953291
2019-07-09,7536.5,7553.2998046875,7517.89990234375,7549.2998046875,542926500,-0.0016969345907712362,0.004799446826512349,0.07618885640177901
2019-07-10,7530.7001953125,7559.10009765625,7515.60009765625,7536.5,542296300,-0.0007698583544084541,0.004789888237115348,0.07603711849920476
2019-07-11,7509.7998046875,7558.2998046875,7501.7001953125,7530.7001953125,593132000,-0.0027792166587495694,0.004725476238035359,0.07501460971311973
2019-07-12,7506.0,7537.10009765625,7493.7998046875,7509.7998046875,501138900,-0.0005061075424596345,0.004732806584801773,0.07513097536052651
2019-07-15,7531.7001953125,7548.2998046875,7487.39990234375,7506.0,482521800,0.00341810516248181,0.004672145734329852,0.07416801421252825
2019-07-16,7577.2001953125,7590.10009765625,7524.5,7531.7001953125,607182100,0.006022958173017556,0.004789826484438989,0.07603613820585814
2019-07-17,7535.5,7577.2001953125,7519.2001953125,7577.2001953125,576654300,-0.0055185771707345795,0.004411472211551351,0.07002995032462198
2019-07-18,7493.10009765625,7535.5,7482.60009765625,7535.5,504046800,-0.005642576762247623,0.0044335040576035795,0.07037969503808912
2019-07-19,7508.7001953125,7546.7001953125,7475.5,7493.10009765625,575615700,0.0020797641582578673,0.004417684579693883,0.07012856861156949
2019-07-22,7514.89990234375,7549.7001953125,7491.7998046875,7508.7001953125,513122700,0.000825329127888326,0.00437041163255605,0.06937813384036265
2019-07-23,7556.89990234375,7598.60009765625,7514.89990234375,7514.89990234375,634924300,0.005573336862419564,0.004498325900001159,0.07140870988514322
2019-07-24,7501.5,7558.0,7479.10009765625,7556.89990234375,637416200,-0.007358039718981036,0.004845606056254645,0.07692161145742948
2019-07-25,7489.10009765625,7542.60009765625,7462.7001953125,7501.5,633546500,-0.0016543574094534845,0.004860558555515375,0.0771589750245661
2019-07-26,7549.10009765625,7553.60009765625,7486.7001953125,7489.10009765625,775744000,0.007979720658070982,0.005092753464348657,0.08084495493137517
2019-07-29,7686.60009765625,7711.2998046875,7548.89990234375,7549.10009765625,759258200,0.018050202019496857,0.006309486808359704,0.10015999797217456
2019-07-30,7646.7998046875,7727.5,7643.7001953125,7686.60009765625,822322600,-0.005191331682049315,0.006199196055671535,0.09840918655103642
2019-07-31,7586.7998046875,7648.2001953125,7576.10009765625,7646.7998046875,1092686800,-0.007877364746692024,0.006250456300285476,0.09922291770739337
2019-08-01,7584.89990234375,7610.0,7535.89990234375,7586.7998046875,817813900,-0.00025045346142732347,0.006074256851347988,0.09642583816918207
2019-08-02,7407.10009765625,7585.2001953125,7397.89990234375,7584.89990234375,1031592200,-0.023720403056177057,0.007962017329576299,0.1263931067306729
2019-08-05,7223.89990234375,7407.10009765625,7200.5,7407.10009765625,1243484900,-0.02504405311272216,0.009457147876520158,0.1501275683594095
2019-08-06,7171.7001953125,7241.60009765625,7167.0,7223.89990234375,791750700,-0.007252206988490324,0.009513889771631328,0.1510283180197055
2019-08-07,7198.7001953125,7237.89990234375,7153.89990234375,7171.7001953125,735519300,0.0037577285304849183,0.009609272281267662,0.1525424684192433
2019-08-08,7285.89990234375,7285.89990234375,7191.2998046875,7198.7001953125,726060600,0.012040478840792034,0.01009771190919036,0.16029620713495757
2019-08-09,7253.89990234375,7297.2998046875,7237.10009765625,7285.89990234375,794807200,-0.004401718331316327,0.010113592026935939,0.1605482961890289
2019-08-12,7226.7001953125,7305.60009765625,7207.5,7253.89990234375,585461200,-0.003756714340111726,0.010120067706451583,0.1606510944144402
2019-08-13,7250.89990234375,7281.10009765625,7166.89990234375,7226.7001953125,698409600,0.0033430581596508653,0.01011814386708067,0.160620554411213
2019-08-14,7147.89990234375,7268.7001953125,7112.10009765625,7250.89990234375,811517700,-0.01430699201514708,0.010302193015519334,0.16354224406590448
2019-08-15,7067.0,7148.7998046875,7020.2001953125,7147.89990234375,877816600,-0.011382531901122492,0.010458490719577423,0.16602339319847292
2019-08-16,7117.2001953125,7125.89990234375,7067.0,7067.0,651943200,0.007078355384149389,0.010667533521672946,0.16934184480475
2019-08-19,7189.7001953125,7214.2001953125,7117.2001953125,7117.2001953125,612867100,0.010135056317666024,0.01097887601959772,0.17428425373719758
2019-08-20,7125.0,7231.7001953125,7121.2001953125,7189.7001953125,766076800,-0.009039747255818374,0.011059674933252118,0.1755668967275999
2019-08-21,7204.0,7215.5,7122.10009765625,7125.0,605372900,0.01102670115899551,0.011320576340700246,0.17970857817248678
2019-08-22,7128.2001953125,7204.0,7103.7001953125,7204.0,653343400,-0.010577651777463806,0.01141423865242167,0.18119542127669258
2019-08-23,7095.0,7188.60009765625,7095.0,7128.2001953125,643009300,-0.004668464924239825,0.011422935894621554,0.1813334857164105
2019-08-27,7089.60009765625,7110.7998046875,7044.7001953125,7095.0,851399100,-0.0007613753743398397,0.011175714414433996,0.17740896638443313
2019-08-28,7114.7001953125,7131.2001953125,7050.0,7089.60009765625,675638900,0.0035341584258485213,0.010217042841138467,0.16219052695287114
2019-08-29,7184.2998046875,7199.2001953125,7103.10009765625,7114.7001953125,635681800,0.00973496874394328,0.010618092384142198,0.168556991078095
2019-08-30,7207.2001953125,7240.39990234375,7179.7001953125,7184.2998046875,727868800,0.0031824910472711947,0.010636832346634281,0.16885447876009138
2019-09-02,7281.89990234375,7315.2998046875,7206.89990234375,7207.2001953125,497764900,0.010311250302326876,0.010989591151104712,0.1744543511765947
2019-09-03,7268.2001953125,7301.5,7239.10009765625,7281.89990234375,626095300,-0.0018831088429189554,0.009793847575289843,0.15547251037613918
2019-09-04,7311.2998046875,7334.60009765625,7268.2001953125,7268.2001953125,677444300,0.005912374899650232,0.008174099913437888,0.1297598133765075
2019-09-05,7271.2001953125,7330.7001953125,7250.60009765625,7311.2998046875,711302800,-0.005499703130254643,0.00809881764771122,0.12856474445703
2019-09-06,7282.2998046875,7284.10009765625,7244.10009765625,7271.2001953125,692287900,0.001525352874170987,0.008070672978517915,0.12811796168452405
2019-09-09,7235.7998046875,7325.2001953125,7206.0,7282.2998046875,794831900,-0.006405818979037266,0.0077551847604247146,0.12310974148465094
2019-09-10,7268.0,7270.5,7199.39990234375,7235.7998046875,1031549500,0.004440249955258356,0.007763008820288285,0.12323394458450228
2019-09-11,7338.0,7346.7001953125,7268.0,7268.0,829121400,0.009585175399165537,0.007975289424681696,0.126603794708827
2019-09-12,7344.7001953125,7369.2998046875,7303.2001953125,7338.0,725259800,0.0009126653392706196,0.007953043917628902,0.1262506582321256
2019-09-13,7367.5,7380.2998046875,7318.2001953125,7344.7001953125,1003827600,0.003099444357351863,0.0071909633108466955,0.11415300364494009
2019-09-16,7321.39990234375,7378.2998046875,7321.39990234375,7367.5,908260500,-0.0062768824516142374,0.006812052010886661,0.10813797323306139
2019-09-17,7320.39990234375,7350.2001953125,7292.2001953125,7321.39990234375,698421800,-0.00013659522939724324,0.006707528381912034,0.1064787120626803
2019-09-18,7314.10009765625,7350.5,7300.39990234375,7320.39990234375,642716000,-0.0008609525541205445,0.006409224722436714,0.10174328827376714
2019-09-19,7356.39990234375,7373.10009765625,7290.7001953125,7314.10009765625,632737400,0.0057666639731027165,0.006076474731050941,0.0964610459179733
2019-09-20,7344.89990234375,7376.2998046875,7322.0,7356.39990234375,1656288000,-0.001564487834194179,0.005701347509249511,0.0905060858845904
2019-09-23,7326.10009765625,7362.2998046875,7284.7998046875,7344.89990234375,489660300,-0.002562853926467644,0.005132955588045989,0.08148314386025396
2019-09-24,7291.39990234375,7349.0,7281.89990234375,7326.10009765625,588772200,-0.004747769522122522,0.005137596437721275,0.08155681506493101
2019-09-25,7290.0,7292.0,7213.0,7291.39990234375,704553100,-0.00019201206433220802,0.005127665420415896,0.08139916505259553
2019-09-26,7351.10009765625,7387.10009765625,7277.2001953125,7290.0,704707500,0.00834642915478024,0.005334574223891666,0.08468374048099649
2019-09-27,7426.2001953125,7440.7998046875,7351.0,7351.10009765625,584318800,0.010164338917010345,0.0053682044867949695,0.08521760435400365
2019-09-30,7408.2001953125,7439.60009765625,7402.2001953125,7426.2001953125,655556100,-0.0024267929083754127,0.005423589474450695,0.08609681377622425
2019-10-01,7360.2998046875,7433.2001953125,7352.7998046875,7408.2001953125,734563400,-0.006486854940276889,0.00526608524454785,0.08359651163964223
2019-10-02,7122.5,7360.2998046875,7119.7001953125,7360.2998046875,747799600,-0.03284187885377889,0.008987798162560094,0.14267687263306372
2019-10-03,7077.60009765625,7129.0,7004.39990234375,7122.5,635551800,-0.006323906404954349,0.00891604637601168,0.1415378483330736
2019-10-04,7155.39990234375,7157.7998046875,7077.39990234375,7077.60009765625,588776100,0.0109324217744742,0.009265987944322478,0.14709299851199933
2019-10-07,7197.89990234375,7206.89990234375,7133.0,7155.39990234375,551391300,0.005922000485576981,0.009369407214869315,0.14873472853583114
2019-10-08,7143.2001953125,7223.89990234375,7143.2001953125,7197.89990234375,692866200,-0.007628420681716254,0.00941128463180999,0.1493995119204799
2019-10-09,7166.5,7196.39990234375,7139.89990234375,7143.2001953125,582025200,0.0032565078178263865,0.009383005400442386,0.14895059303967947
2019-10-10,7186.39990234375,7212.89990234375,7130.5,7166.5,700021400,0.002772946962690185,0.009124952836247412,0.14485413557942486
2019-10-11,7247.10009765625,7250.10009765625,7144.7001953125,7186.39990234375,1507692000,0.008411064976637714,0.009347296805646655,0.148383736670697
2019-10-14,7213.5,7251.7998046875,7194.2001953125,7247.10009765625,780579200,-0.004647131916771328,0.009345323070741783,0.14835240460042343
2019-10-15,7211.60009765625,7242.39990234375,7176.7001953125,7213.5,1123687400,-0.00026341617623079627,0.009267544050847372,0.1471177009372697
2019-10-16,7168.0,7217.60009765625,7149.7998046875,7211.60009765625,1000484300,-0.00606417855482981,0.009338895636650787,0.14825037224738524
2019-10-17,7182.2998046875,7237.7998046875,7162.0,7168.0,1126096700,0.0019929631596890753,0.009361785311646106,0.14861373457315746
2019-10-18,7150.60009765625,7197.10009765625,7146.10009765625,7182.2998046875,869346100,-0.00442335590617311,0.009264394270061082,0.14706769971740033
2019-10-21,7163.60009765625,7197.5,7139.39990234375,7150.60009765625,853632700,0.0018163786165885023,0.009289842642535413,0.14747168010643086
2019-10-22,7212.5,7230.2001953125,7146.7001953125,7163.60009765625,800741400,0.00680297029148385,0.009444184541842282,0.14992178180109095
2019-10-23,7260.7001953125,7265.89990234375,7194.10009765625,7212.5,764933300,0.006660637987236089,0.009530102935194846,0.1512856940122336
2019-10-24,7328.2998046875,7338.89990234375,7255.5,7260.7001953125,733646100,0.009267268925215545,0.009751520075601419,0.15480058214937079
2019-10-25,7324.5,7331.2001953125,7279.7998046875,7328.2998046875,580305100,-0.0005186455589819811,0.009573742001056639,0.15197844270653843
2019-10-28,7331.2998046875,7346.89990234375,7291.60009765625,7324.5,676041800,0.000927933687146221,0.009282851730682497,0.14736070282122854
2019-10-29,7306.2998046875,7335.7001953125,7264.7001953125,7331.2998046875,710020700,-0.0034158639361306724,0.00929501863149875,0.1475538463839457
2019-10-30,7330.7998046875,7334.0,7278.2001953125,7306.2998046875,672191900,0.0033476608801544833,0.009234289594392995,0.14658980280669223
2019-10-31,7248.39990234375,7335.2001953125,7245.2001953125,7330.7998046875,847657500,-0.01130388243579289,0.006085963029307964,0.09661166798329304
2019-11-01,7302.39990234375,7307.2001953125,7248.39990234375,7248.39990234375,582078600,0.007422306489328246,0.00601639695970271,0.09550734086411078
2019-11-04,7369.7001953125,7392.7001953125,7302.39990234375,7302.39990234375,582661700,0.009173978439360936,0.005889286641285999,0.09348952711450567
2019-11-05,7388.10009765625,7402.7998046875,7369.60009765625,7369.7001953125,673186900,0.002493584614595546,0.005804728642601597,0.09214721049922414
2019-11-06,7396.7001953125,7398.7998046875,7363.60009765625,7388.10009765625,618514700,0.001163370279720255,0.005438470139820309,0.08633303701569126
2019-11-07,7406.39990234375,7431.89990234375,7396.0,7396.7001953125,668773400,0.0013104969034124433,0.005426483947774486,0.0861427621157718
2019-11-08,7359.39990234375,7406.7998046875,7349.10009765625,7406.39990234375,551986100,-0.006366083700499251,0.0056853070331142905,0.09025145122000124
2019-11-11,7328.5,7359.39990234375,7258.5,7359.39990234375,828425100,-0.004207537923764495,0.005542639968857103,0.0879866817861761
2019-11-12,7365.39990234375,7390.0,7328.2001953125,7328.5,754644000,0.005022489625880387,0.005492304317998065,0.08718762810065457
2019-11-13,7351.2001953125,7365.39990234375,7301.7001953125,7365.39990234375,695720800,-0.001929754337769446,0.005523303418144714,0.08767972355978348
2019-11-14,7292.7998046875,7351.2998046875,7292.7998046875,7351.2001953125,675226500,-0.007976058485653184,0.005658170394130249,0.08982067043098176
2019-11-15,7302.89990234375,7335.60009765625,7243.2001953125,7292.7998046875,770473200,0.0013839828814147664,0.005653427226495249,0.08974537497904835
2019-11-18,7307.7001953125,7335.39990234375,7293.39990234375,7302.89990234375,764459700,0.0006570973278834472,0.00552632036904479,0.08772761617057924
2019-11-19,7323.7998046875,7404.5,7307.7001953125,7307.7001953125,605672300,0.002200678791992033,0.0055296729375920485,0.0877808365463553
2019-11-20,7262.5,7323.7998046875,7219.10009765625,7323.7998046875,814232500,-0.00840517011093669,0.005731195538726744,0.09097990866332291
2019-11-21,7238.60009765625,7262.5,7197.2998046875,7262.5,608185000,-0.0032962911535304824,0.005591349058494861,0.08875991461279525
2019-11-22,7326.7998046875,7343.2998046875,7238.5,7238.60009765625,611242800,0.012111000822153365,0.005858746797748858,0.09300472212803708
2019-11-25,7396.2998046875,7401.7998046875,7326.7998046875,7326.7998046875,570982800,0.009441016915004428,0.0062081909400413735,0.09855197591372267
2019-11-26,7403.10009765625,7421.2998046875,7385.0,7396.2998046875,1058651500,0.0009189958366181837,0.0062081578879209275,0.09855145122757665
2019-11-27,7429.7998046875,7446.0,7400.39990234375,7403.10009765625,626246700,0.0036000695809756448,0.006177623974889813,0.09806674038497262
2019-11-28,7416.39990234375,7429.7998046875,7385.2998046875,7429.7998046875,605369500,-0.0018051631052979102,0.00617362950150033,0.0980033300857292
2019-11-29,7346.5,7421.39990234375,7346.5,7416.39990234375,627336500,-0.009469741740088897,0.006008261803177445,0.09537819925785616
2019-12-02,7285.89990234375,7400.2998046875,7277.0,7346.5,928558400,-0.0082830491971,0.006098625185894906,0.09681267348763789
2019-12-03,7158.7998046875,7285.89990234375,7134.89990234375,7285.89990234375,824932200,-0.017598618258502736,0.006817309823320562,0.10822143841790334
2019-12-04,7188.5,7190.0,7139.89990234375,7158.7998046875,688011100,0.004140185002248858,0.006873359861143547,0.10911120518423563
2019-12-05,7137.89990234375,7194.7998046875,7131.2001953125,7188.5,650618500,-0.007063925118523841,0.006959611627745832,0.11048040953165343
2019-12-06,7239.7001953125,7241.5,7137.89990234375,7137.89990234375,516373000,0.014161194291018513,0.007756516222400668,0.123130877788262
2019-12-09,7233.89990234375,7255.7001953125,7217.7998046875,7239.7001953125,619399300,-0.0008014997291792367,0.007661514645620328,0.12162277451034328
2019-12-10,7213.7998046875,7234.39990234375,7137.7998046875,7233.89990234375,703527300,-0.002782465171887197,0.007636270628561688,0.12122203816296667
2019-12-11,7216.2998046875,7250.7001953125,7195.5,7213.7998046875,820837400,0.0003464979581135629,0.0075268882126878454,0.11948564614173289
2019-12-12,7273.5,7307.39990234375,7216.10009765625,7216.2998046875,727087300,0.007895277121327506,0.007766054392410943,0.12328229154312105
2019-12-13,7353.39990234375,7429.0,7223.39990234375,7273.5,1906667700,0.010925171787484934,0.007950124812176568,0.12620431886965974
2019-12-16,7519.10009765625,7552.7001953125,7353.2001953125,7353.39990234375,1045291600,0.022283684917253146,0.00927756856503424,0.14727683516658585
2019-12-17,7525.2998046875,7537.7001953125,7497.2001953125,7519.10009765625,1096514900,0.0008241880596688837,0.009276980857100926,0.1472675055923753
2019-12-18,7540.7998046875,7557.10009765625,7515.2001953125,7525.2998046875,679287600,0.00205760029077577,0.009276413809808464,0.1472585039956705
2019-12-19,7573.7998046875,7575.89990234375,7526.10009765625,7540.7998046875,661933000,0.004366645930257508,0.009017132705332219,0.1431425440630567
2019-12-20,7582.5,7599.5,7564.60009765625,7573.7998046875,1159724000,0.0011480633637790468,0.00893845771250675,0.14189361727056082
2019-12-23,7623.60009765625,7628.2001953125,7559.60009765625,7582.5,539145700,0.005405751307480586,0.008683218989418845,0.13784182815309515
2019-12-24,7632.2001953125,7636.2001953125,7608.2001953125,7623.60009765625,185671600,0.0011274529558721546,0.008509565192623683,0.1350851595898423
2019-12-27,7644.89990234375,7665.39990234375,7622.5,7632.2001953125,311117100,0.0016625812327498814,0.008508595287513798,0.13506976282354577
2019-12-30,7587.10009765625,7644.89990234375,7587.10009765625,7644.89990234375,304247900,-0.007589296496044621,0.008720231681351763,0.13842938642234046
2019-12-31,7542.39990234375,7587.39990234375,7532.39990234375,7587.10009765625,212142200,-0.005909028768618361,0.008831458630081753,0.14019505949490896
2020-01-02,7604.2998046875,7624.7998046875,7542.39990234375,7542.39990234375,482206700,0.008173430270932633,0.008642603081632031,0.1371970706054329
2020-01-03,7622.39990234375,7626.39990234375,7551.0,7604.2998046875,475628900,0.002377416844072245,0.008338184284096882,0.13236457200928495
2020-01-06,7575.2998046875,7622.39990234375,7528.10009765625,7622.39990234375,516783400,-0.0061983391382383225,0.0072938466452913365,0.11578622594690172
2020-01-07,7573.89990234375,7604.60009765625,7562.10009765625,7575.2998046875,511576100,-0.00018481535326052395,0.007311975507070941,0.1160740127058307
2020-01-08,7574.89990234375,7579.5,7525.0,7573.89990234375,606225000,0.00013202366053351904,0.007004143893810007,0.11118733733959724
2020-01-09,7598.10009765625,7627.7998046875,7574.89990234375,7574.89990234375,653838100,0.0030580917937175823,0.006507446970774722,0.10330251812766313
2020-01-10,7587.89990234375,7632.0,7585.10009765625,7598.10009765625,651315600,-0.001343368477080557,0.006521422866622117,0.1035243785962324
2020-01-13,7617.60009765625,7635.7998046875,7582.5,7587.89990234375,659019400,0.003906511865220501,0.006424684480884581,0.10198870433086026
2020-01-14,7622.39990234375,7650.7001953125,7588.7998046875,7617.60009765625,697648200,0.0006298956491078235,0.006420024368607627,0.1019147273418615
2020-01-15,7642.7998046875,7642.7998046875,7609.39990234375,7622.39990234375,730575200,0.0026727347010419076,0.006305056943583945,0.10008967604894474
2020-01-16,7609.7998046875,7653.60009765625,7595.2998046875,7642.7998046875,573564200,-0.004327137974701516,0.006145339435231977,0.0975542392062116
2020-01-17,7674.60009765625,7689.7001953125,7609.7998046875,7609.7998046875,631970100,0.008479322922486111,0.004281507414605323,0.0679668231331488
2020-01-20,7651.39990234375,7682.7998046875,7639.60009765625,7674.60009765625,358980900,-0.0030275627083182145,0.0043698710977164625,0.06936955311579955
2020-01-21,7610.7001953125,7651.39990234375,7550.5,7651.39990234375,656519300,-0.005333447330090374,0.004556444021495837,0.07233130646199017
2020-01-22,7571.89990234375,7637.39990234375,7563.5,7610.7001953125,604636000,-0.00511116372523354,0.0046169857393396204,0.07329237643814591
2020-01-23,7507.7001953125,7572.10009765625,7503.2001953125,7571.89990234375,668616300,-0.008514827250121036,0.004964062038266752,0.07880204187570133
2020-01-24,7586.0,7642.2001953125,7507.60009765625,7507.7001953125,605760000,0.010375256704600398,0.005360867916502412,0.08510113991118215
2020-01-27,7412.10009765625,7586.0,7392.7998046875,7586.0,679457100,-0.023190630124171822,0.00732018056502151,0.11620426396281118
2020-01-28,7480.7001953125,7491.39990234375,7410.39990234375,7412.10009765625,535852000,0.009212583461798879,0.007655504594543545,0.1215273679072475
2020-01-29,7483.60009765625,7514.7001953125,7462.2001953125,7480.7001953125,525036700,0.0003875760741600089,0.007510501650344725,0.11922551752891397
2020-01-30,7382.0,7483.60009765625,7357.60009765625,7483.60009765625,685501900,-0.013669368070687532,0.007959485951921006,0.12635292235617115
2020-01-31,7286.0,7398.2998046875,7275.0,7382.0,714049600,-0.013089906021434783,0.008082537642872076,0.1283063073921462
2020-02-03,7326.2998046875,7360.0,7285.2001953125,7286.0,645846700,0.005515888313678977,0.008196441173916623,0.13011446989172218
2020-02-04,7439.7998046875,7442.10009765625,7326.2998046875,7326.2998046875,696703600,0.015373353610813179,0.008946488665965605,0.142021104704418
2020-02-05,7482.5,7512.39990234375,7408.5,7439.7998046875,818911400,0.005723020233852616,0.009060919516019474,0.14383763813375555
2020-02-06,7504.7998046875,7533.60009765625,7482.5,7482.5,673947900,0.002975829059876257,0.009093257294898202,0.14435098445894742
2020-02-07,7466.7001953125,7506.2998046875,7441.10009765625,7504.7998046875,705974200,-0.0050896291781522785,0.009110223000753932,0.14462030669001302
2020-02-10,7446.89990234375,7466.7001953125,7427.89990234375,7466.7001953125,612817500,-0.0026553353279013554,0.009118409173062055,0.14475025814671394
2020-02-11,7499.39990234375,7529.5,7446.89990234375,7446.89990234375,700689800,0.007025179021679549,0.009225258840322497,0.14644644403016072
2020-02-12,7534.39990234375,7547.7001953125,7499.0,7499.39990234375,573044200,0.004656183225550191,0.009296816553341284,0.14758238750837815
2020-02-13,7452.0,7534.39990234375,7406.89990234375,7534.39990234375,823565400,-0.010996734806427157,0.009535160097435047,0.1513659739739973
2020-02-14,7409.10009765625,7472.89990234375,7403.7001953125,7452.0,629855000,-0.005773465117201351,0.009564027152116525,0.15182422426061784
2020-02-17,7433.2998046875,7450.0,7409.10009765625,7409.10009765625,394565700,0.003260891585493027,0.009363670382948826,0.1486436591523812
2020-02-18,7382.0,7433.2998046875,7353.39990234375,7433.2998046875,786827200,-0.00692527459982693,0.009433391508224703,0.1497504477040265
2020-02-19,7457.0,7462.0,7382.0,7382.0,602975900,0.010108583953850952,0.009733640031679626,0.15451674525148293
2020-02-20,7436.60009765625,7480.5,7436.60009765625,7457.0,780481500,-0.0027394202835374468,0.009696896248424689,0.1539334557751616
2020-02-21,7403.89990234375,7436.7001953125,7370.60009765625,7436.60009765625,872594700,-0.004406893060776168,0.009575397613194408,0.15200472473444315
2020-02-24,7156.7998046875,7403.89990234375,7114.5,7403.89990234375,1081479400,-0.033943948811376946,0.011674787336693422,0.18533150341474142
2020-02-25,7017.89990234375,7198.2001953125,7004.89990234375,7156.7998046875,976469000,-0.019598912335582648,0.01138339470460795,0.18070578878449323
2020-02-26,7042.5,7044.7001953125,6871.89990234375,7017.89990234375,982409600,0.0034992066980060487,0.011152836374766458,0.17704578876376328
2020-02-27,6796.39990234375,7042.5,6730.0,7042.5,1224827000,-0.03557017490774444,0.013199462525291673,0.20953497168983026
2020-02-28,6580.60009765625,6796.39990234375,6460.10009765625,6796.39990234375,1979835300,-0.032267104430200755,0.014407906633937496,0.22871842719861807
2020-03-02,6654.89990234375,6775.2001953125,6496.0,6580.60009765625,1770844200,0.011227469333377732,0.014738473274888858,0.23396600994076577
2020-03-03,6718.2001953125,6846.2998046875,6654.89990234375,6654.89990234375,1277190200,0.00946687982039283,0.014894625250273866,0.23644484570236704
2020-03-04,6815.60009765625,6856.2998046875,6700.2001953125,6718.2001953125,1115783100,0.014393826103073111,0.014831908684538242,0.23544925108624404
2020-03-05,6705.39990234375,6834.10009765625,6662.60009765625,6815.60009765625,1146893100,-0.016300959324467033,0.014875777724580706,0.236145650507489
2020-03-06,6462.60009765625,6705.39990234375,6431.39990234375,6705.39990234375,1377953500,-0.036881428649195136,0.016256189170303963,0.25805900286147426
2020-03-09,5965.7998046875,6462.60009765625,5891.60009765625,6462.60009765625,2098798700,-0.07998859922037567,0.02271993821566084,0.36066783792834695
2020-03-10,5960.2001953125,6231.10009765625,5927.89990234375,5965.7998046875,1729622400,-0.0009390591625847602,0.022753333297715346,0.3611979684211199
2020-03-11,5876.5,6088.5,5860.7998046875,5960.2001953125,1507518600,-0.014142723739894895,0.022399398788778495,0.35557943227481587
2020-03-12,5237.5,5876.5,5237.5,5876.5,2209275500,-0.1151170613425157,0.0314643209453236,0.49948061035708186
2020-03-13,5366.10009765625,5696.5,5237.5,5237.5,1935105000,0.02425712063565485,0.03273322075921087,0.519623770434293
2020-03-16,5151.10009765625,5366.10009765625,4898.7998046875,5366.10009765625,2111567500,-0.040891102824500786,0.03309910539700945,0.5254320089952169
2020-03-17,5294.89990234375,5309.0,4978.7998046875,5151.10009765625,1941164900,0.02753377163090126,0.03425692326672952,0.5438117978759323
2020-03-18,5080.60009765625,5294.89990234375,5006.2001953125,5294.89990234375,1837075100,-0.0413146906167643,0.034613825163634836,0.5494774398458844
2020-03-19,5151.60009765625,5181.0,4942.39990234375,5080.60009765625,1963412200,0.013877980919320196,0.03477513504194712,0.5520381547780787
2020-03-20,5190.7998046875,5419.2998046875,5151.60009765625,5151.60009765625,2585565700,0.007580425261403983,0.03506749744801613,0.5566792640930571
2020-03-23,4993.89990234375,5194.7998046875,4922.7998046875,5190.7998046875,1629604900,-0.03867064218111542,0.035243063254887345,0.5594662848753029
2020-03-24,5446.0,5446.0,4993.89990234375,4993.89990234375,1582421000,0.08666424617841197,0.041851255055455415,0.6643680775960185
2020-03-25,5688.2001953125,5741.39990234375,5400.5,5446.0,1860995600,0.04351249371166749,0.04358445215184924,0.6918817285367223
2020-03-26,5815.7001953125,5815.7001953125,5503.39990234375,5688.2001953125,1536739000,0.022167302678063487,0.04406139223409354,0.699452917624105
2020-03-27,5510.2998046875,5815.7001953125,5407.10009765625,5815.7001953125,1457210400,-0.05394215794263597,0.04478932538549443,0.7110084981622227
2020-03-30,5563.7001953125,5567.2001953125,5351.7998046875,5510.2998046875,1136875400,0.00964435696911705,0.044680645659007936,0.7092832609891959
2020-03-31,5672.0,5702.7001953125,5545.89990234375,5563.7001953125,1602112800,0.019278399562046467,0.04488787447635965,0.7125729164803879
2020-04-01,5454.60009765625,5672.0,5414.7001953125,5672.0,1670362100,-0.03908248195262928,0.045213424595595034,0.7177408644090935
2020-04-02,5480.2001953125,5552.39990234375,5395.10009765625,5454.60009765625,1554286900,0.0046823250067822815,0.04500145109665503,0.7143758894327047
2020-04-03,5415.5,5486.2998046875,5396.7001953125,5480.2001953125,1180517400,-0.011876419990324532,0.04498271906214869,0.7140785276035804
2020-04-06,5582.39990234375,5590.60009765625,5415.5,5415.5,1207951800,0.03035356166312167,0.045377744559285595,0.7203493629653037
2020-04-07,5704.5,5780.2001953125,5582.39990234375,5582.39990234375,1563928500,0.021636563097510574,0.04253118585551494,0.6751616444301626
2020-04-08,5677.7001953125,5704.5,5589.7001953125,5704.5,1133735000,-0.004709081504879209,0.042533851908634616,0.675203966711383
2020-04-09,5842.7001953125,5842.7001953125,5677.7001953125,5677.7001953125,1290301300,0.02864679664530168,0.04296154568976021,0.6819933950042664
2020-04-14,5791.2998046875,5894.7001953125,5779.0,5842.7001953125,1056846100,-0.00883629449376017,0.034103175230510416,0.5413711234655304
2020-04-15,5597.7001953125,5791.7001953125,5576.39990234375,5791.2998046875,1375971300,-0.034000923720211254,0.034802477645795984,0.552472205157965
2020-04-16,5628.39990234375,5657.60009765625,5577.7998046875,5597.7001953125,1073687700,0.005469358600601893,0.03338650035954225,0.529994262588704
2020-04-17,5787.0,5839.2998046875,5628.39990234375,5628.39990234375,1204085900,0.027788830010361934,0.03339545100148171,0.5301363496245812
2020-04-20,5812.7998046875,5823.89990234375,5707.7001953125,5787.0,822613800,0.004448326292681916,0.0317261337852125,0.5036367603434195
2020-04-21,5641.0,5812.7998046875,5641.0,5812.7998046875,888662400,-0.030000994126544462,0.03264150195742571,0.5181677795938588
2020-04-22,5770.60009765625,5777.10009765625,5641.0,5641.0,866999300,0.022714723414234514,0.03288322709734549,0.522005047229019
2020-04-23,5826.60009765625,5843.60009765625,5735.89990234375,5770.60009765625,882116400,0.009657578434570381,0.03132522319989553,0.4972725021030872
2020-04-24,5752.2001953125,5827.2001953125,5728.7998046875,5826.60009765625,808821600,-0.012851232323375528,0.025758377238113365,0.4089015620918085
2020-04-27,5846.7998046875,5855.60009765625,5752.2001953125,5752.2001953125,792246400,0.01631204534470685,0.0242374690171736,0.3847578925744467
2020-04-28,5958.5,5977.7998046875,5835.89990234375,5846.7998046875,1196850700,0.018924301920748798,0.02410791459594556,0.3827012798955369
2020-04-29,6115.2998046875,6129.60009765625,5950.7998046875,5958.5,1288097400,0.025975024137977705,0.021095043051344988,0.3348734268603599
2020-04-30,5901.2001953125,6151.60009765625,5897.89990234375,6115.2998046875,1933348900,-0.035638042528345425,0.02283494657110027,0.3624935389714705
2020-05-01,5763.10009765625,5901.2001953125,5746.10009765625,5901.2001953125,781328900,-0.0236802118357094,0.02320652854996616,0.36839222001798494
2020-05-04,5753.7998046875,5792.89990234375,5702.0,5763.10009765625,1038977200,-0.0016150691712565324,0.02135687552046891,0.3390298884511433
2020-05-05,5849.39990234375,5869.5,5753.7998046875,5753.7998046875,969041200,0.01647860303466501,0.021570028660168866,0.34241358964405544
2020-05-06,5853.7998046875,5897.39990234375,5839.60009765625,5849.39990234375,973242800,0.0007519144612060486,0.02130590510160813,0.3382207581359848
2020-05-07,5936.0,5941.89990234375,5853.60009765625,5853.7998046875,967707400,0.013944516217818064,0.020567868650780405,0.3265047926916393
2020-05-11,5939.7001953125,5999.10009765625,5898.2998046875,5936.0,1041393600,0.0006231540660987024,0.020118246624021948,0.3193672642909611
2020-05-12,5994.7998046875,6013.0,5911.39990234375,5939.7001953125,939767700,0.009233734277205892,0.02011846794014163,0.3193707775754439
2020-05-13,5904.10009765625,5994.7998046875,5893.39990234375,5994.7998046875,1055705500,-0.015245352843864045,0.019547731032464422,0.31031061004488436
2020-05-14,5741.5,5904.10009765625,5661.10009765625,5904.10009765625,1152459900,-0.027926541130412878,0.02042760362292262,0.3242781544035318
2020-05-15,5799.7998046875,5837.89990234375,5741.5,5741.5,927433300,0.01010290028937133,0.01902024571477579,0.30193704021983225
2020-05-18,6048.60009765625,6058.2001953125,5799.60009765625,5799.7998046875,930325200,0.04200345592760054,0.020955673591973357,0.33266100528123077
2020-05-19,6002.2001953125,6112.0,5965.10009765625,6048.60009765625,1001641500,-0.007700755222000253,0.020314125323417736,0.32247674224537726
2020-05-20,6067.2001953125,6074.5,5961.60009765625,6002.2001953125,925383600,0.010771144600969989,0.020402957374266735,0.323886907335367
2020-05-21,6015.2998046875,6093.7001953125,6004.10009765625,6067.2001953125,1135941900,-0.008591054804704745,0.019222629812633812,0.3051497881733112
2020-05-22,5993.2998046875,6015.2998046875,5888.60009765625,6015.2998046875,986007000,-0.003664044989181434,0.01872955052972341,0.29732239721799725
2020-05-26,6067.7998046875,6130.10009765625,5993.2998046875,5993.2998046875,1252539600,0.01235392292952492,0.01879521460621223,0.29836478211675815
2020-05-27,6144.2998046875,6168.0,6067.7998046875,6067.7998046875,1559401400,0.012528722025037548,0.018612224670583884,0.2954599069441562
2020-05-28,6218.7998046875,6234.0,6144.2998046875,6144.2998046875,1210102000,0.012052139695940801,0.018484261448863983,0.29342855377435534
2020-05-29,6076.60009765625,6218.7998046875,6060.2001953125,6218.7998046875,2246313300,-0.023131585580557765,0.01893823372470041,0.30063514023824256
2020-06-01,6166.39990234375,6179.2998046875,6076.60009765625,6076.60009765625,742112200,0.014669838294968842,0.01834213969980201,0.29117244095088624
2020-06-02,6220.10009765625,6238.2998046875,6165.10009765625,6166.39990234375,1192259900,0.00867081609130242,0.01643957133982723,0.26097010455412656
2020-06-03,6382.39990234375,6394.7001953125,6220.10009765625,6220.10009765625,1232836600,0.025758187375759627,0.016037032615589017,0.2545800004096815
2020-06-04,6341.39990234375,6402.60009765625,6314.60009765625,6382.39990234375,1041769100,-0.006444638006712507,0.016168626869469033,0.2566689944280712
2020-06-05,6484.2998046875,6490.0,6341.39990234375,6341.39990234375,1398374600,0.022284291556819602,0.01642888378151291,0.26080044482559345
2020-06-08,6472.60009765625,6511.7998046875,6423.10009765625,6484.2998046875,1305560800,-0.001805942825713704,0.01647065756622802,0.2614635830996622
2020-06-09,6335.7001953125,6475.0,6325.10009765625,6472.60009765625,1322614400,-0.021377561858935034,0.01727256302731098,0.2741934376497228
2020-06-10,6329.10009765625,6387.39990234375,6293.7998046875,6335.7001953125,1115769600,-0.0010422743511254735,0.017288335006328093,0.2744438100546985
2020-06-11,6076.7001953125,6329.10009765625,6076.7001953125,6329.10009765625,1117426600,-0.040696243770322056,0.019662010552739362,0.3121247411884559
2020-06-12,6105.2001953125,6184.2998046875,5993.2001953125,6076.7001953125,1059920700,0.004679081437851381,0.019334830459310646,0.30693091822159635
2020-06-15,6064.7001953125,6105.2001953125,5952.39990234375,6105.2001953125,907815700,-0.006655789811070221,0.018236947168136907,0.2895025612794834
2020-06-16,6242.7998046875,6299.0,6064.7001953125,6064.7001953125,1028926100,0.02894365916128886,0.019068587788494643,0.30270444684935965
2020-06-17,6253.2998046875,6309.7001953125,6233.2001953125,6242.7998046875,863307200,0.0016805247716279808,0.016905611735014803,0.2683682664735861
2020-06-18,6224.10009765625,6285.0,6184.89990234375,6253.2998046875,782893800,-0.004680423896761644,0.01683536573189137,0.26725314574442083
2020-06-19,6292.60009765625,6319.7998046875,6224.10009765625,6224.10009765625,1685754500,0.010945486080036603,0.016840090081864056,0.2673281424752258
2020-06-22,6244.60009765625,6309.0,6225.5,6292.60009765625,793214300,-0.007657249431430989,0.016812665393157022,0.2668927890386128
2020-06-23,6320.10009765625,6342.2001953125,6244.60009765625,6244.60009765625,685327800,0.012017940346399476,0.016906707661095633,0.26838566376077716
2020-06-24,6123.7001953125,6320.10009765625,6123.7001953125,6320.10009765625,768655700,-0.03156852536987128,0.01829059085121117,0.2903541283484278
2020-06-25,6147.10009765625,6162.39990234375,6029.2998046875,6123.7001953125,813511600,0.0038139208771440854,0.018100395205744742,0.2873348660783183
2020-06-26,6159.2998046875,6262.10009765625,6147.10009765625,6147.10009765625,698906500,0.001982661237148926,0.017898005014513996,0.28412202139554615
2020-06-29,6225.7998046875,6252.0,6123.0,6159.2998046875,720430800,0.010738813763788773,0.01726760928280215,0.2741147993935493
2020-06-30,6169.7001953125,6237.5,6147.0,6225.7998046875,827284200,-0.009051670752673971,0.01711452558123071,0.2716846709687378
2020-07-01,6158.0,6202.0,6084.5,6169.7001953125,724502100,-0.001898196523318833,0.017002616204198313,0.26990816468271445
2020-07-02,6240.39990234375,6258.60009765625,6158.0,6158.0,806189500,0.013292217739611605,0.016241405902263365,0.25782432575667286
2020-07-03,6157.2998046875,6262.7001953125,6137.10009765625,6240.39990234375,504568000,-0.01340592919192848,0.01642654299303651,0.2607632859605113
2020-07-06,6285.89990234375,6304.2001953125,6157.2998046875,6157.2998046875,697122600,0.020670676295280525,0.016313586338685696,0.25897015466245843
2020-07-07,6189.89990234375,6285.89990234375,6180.0,6285.89990234375,600362300,-0.015390098644824352,0.016594074506918292,0.26342276629549544
2020-07-08,6156.2001953125,6208.39990234375,6144.5,6189.89990234375,625796600,-0.005459179896433875,0.016024523217548856,0.2543814198720892
2020-07-09,6049.60009765625,6176.7998046875,6040.2998046875,6156.2001953125,670967000,-0.017467565506886638,0.016404160961757248,0.2604079822289029
2020-07-10,6095.39990234375,6108.2001953125,6003.2001953125,6049.60009765625,685330800,0.007542202024986623,0.01392717089582065,0.22108698394222856
2020-07-13,6176.2001953125,6187.2998046875,6095.39990234375,6095.39990234375,614241100,0.013168854919127183,0.014186137958902634,0.2251979586222588
2020-07-14,6179.7998046875,6179.7998046875,6093.2001953125,6176.2001953125,717546900,0.0005826496401477723,0.014089897735537352,0.22367019243938374
2020-07-15,6292.7001953125,6323.60009765625,6179.7998046875,6179.7998046875,747302000,0.018104385548482614,0.013180195812837272,0.20922912211141345
2020-07-16,6250.7001953125,6296.7998046875,6227.2998046875,6292.7001953125,521796200,-0.006696773706593526,0.013265338229043468,0.21058071606724194
2020-07-17,6290.2998046875,6293.7001953125,6230.0,6250.7001953125,687096800,0.006315244555497935,0.013289164717631167,0.21095894984775576
2020-07-20,6261.5,6297.60009765625,6222.2001953125,6290.2998046875,494263500,-0.0045889602568260825,0.013110023053622879,0.20811516409325845
2020-07-21,6269.7001953125,6315.7001953125,6253.89990234375,6261.5,753531600,0.0013087647400370334,0.013001800195753536,0.2063971794846886
2020-07-22,6207.10009765625,6271.0,6197.5,6269.7001953125,745230100,-0.01003472388466156,0.012888886471221514,0.2046047296763819
2020-07-23,6211.39990234375,6273.60009765625,6202.89990234375,6207.10009765625,605739200,0.0006924837716834176,0.010798718202892514,0.17142433705871957
2020-07-24,6123.7998046875,6211.39990234375,6099.10009765625,6211.39990234375,679819200,-0.014203510674079918,0.011243624678089564,0.1784870083990419
2020-07-27,6104.89990234375,6127.60009765625,6086.60009765625,6123.7998046875,704383900,-0.003091075559166982,0.011249321749394468,0.17857744660228697
2020-07-28,6129.2998046875,6149.89990234375,6083.7001953125,6104.89990234375,612575200,0.003988807650591889,0.011008316339113049,0.17475160432093262
2020-07-29,6131.5,6155.10009765625,6116.7001953125,6129.2998046875,718093000,0.0003588991535897059,0.010843523750170652,0.17213560307144418
2020-07-30,5990.0,6145.7998046875,5924.7001953125,6131.5,1229813400,-0.023348006092585683,0.011955269569791776,0.18978402083044318
2020-07-31,5897.7998046875,6046.2998046875,5897.7998046875,5990.0,1007598800,-0.015512045225318474,0.011847195155416082,0.188068392689281
2020-08-03,6032.89990234375,6038.7998046875,5857.10009765625,5897.7998046875,948540800,0.02264844073051964,0.012791284293668558,0.20305534314104098
2020-08-04,6036.0,6056.5,5986.7998046875,6032.89990234375,766666900,0.0005137332730433093,0.011804228339642415,0.1873863156342883
2020-08-05,6104.7001953125,6111.5,6036.0,6036.0,715558400,0.011317457394304852,0.011720166301807267,0.18605187215340968
2020-08-06,6026.89990234375,6104.7001953125,5980.39990234375,6104.7001953125,629266500,-0.01282623214270038,0.011978411095063627,0.1901513811554114
2020-08-07,6032.2001953125,6046.0,5996.7001953125,6026.89990234375,540972400,0.0008790528757763483,0.011371817930933635,0.1805220131997329
2020-08-10,6050.60009765625,6099.5,6028.5,6032.2001953125,558064500,0.0030456377860420803,0.011261793044750473,0.17877542227851992
2020-08-11,6154.2998046875,6206.0,6050.60009765625,6050.60009765625,758790700,0.016993535937980614,0.011519356917914026,0.18286412200915197
2020-08-12,6280.10009765625,6297.2001953125,6151.60009765625,6154.2998046875,680848000,0.02023492671331205,0.012351683955342349,0.19607690411221493
2020-08-13,6185.60009765625,6280.10009765625,6185.60009765625,6280.10009765625,515765800,-0.015161893650767422,0.012148471522366238,0.19285100674638792
2020-08-14,6090.0,6185.60009765625,6036.10009765625,6185.60009765625,513442300,-0.015575944097745136,0.012512393492017592,0.19862808891636957
2020-08-17,6127.39990234375,6140.2001953125,6061.5,6090.0,500314600,0.006122418758080561,0.012506641111425897,0.19853677270541625
2020-08-18,6076.60009765625,6162.7001953125,6062.60009765625,6127.39990234375,502242600,-0.008325155373778675,0.01258286547502345,0.199746796964956
2020-08-19,6112.0,6114.7998046875,6045.0,6076.60009765625,425040900,0.005808706758111674,0.012669806701985892,0.20112694615628468
2020-08-20,6013.2998046875,6112.0,6009.60009765625,6112.0,505170900,-0.016280401630552183,0.012957286339922153,0.2056905439301301
2020-08-21,6001.89990234375,6036.5,5948.7998046875,6013.2998046875,545211700,-0.0018975807381414265,0.012947591887332202,0.20553664926623058
2020-08-24,6104.7001953125,6119.7998046875,6001.89990234375,6001.89990234375,452722200,0.016982928804381556,0.013219445808899982,0.20985219648266662
2020-08-25,6037.0,6173.5,6032.10009765625,6104.7001953125,538992400,-0.011151798485618192,0.013424586877741064,0.21310870999370352
2020-08-26,6045.60009765625,6050.7998046875,5992.2001953125,6037.0,405657200,0.0014235510633605944,0.01339302191270619,0.21260763170795516
2020-08-27,6000.0,6062.5,6000.0,6045.60009765625,496427000,-0.00757128164959472,0.01347456302668493,0.2139020567632447
2020-08-28,5963.60009765625,6033.0,5962.5,6000.0,928308900,-0.006085127280562498,0.012539196949158187,0.19905358060759434
2020-09-01,5862.10009765625,5972.5,5824.0,5963.60009765625,1041226100,-0.017166424121152567,0.012644891236454051,0.20073142540270475
2020-09-02,5941.0,5974.7001953125,5862.10009765625,5862.10009765625,670603500,0.013369551547264335,0.011946115000246048,0.18963869654417614
2020-09-03,5850.89990234375,5996.2001953125,5838.0,5941.0,698951400,-0.015281990499907354,0.012354139075362218,0.19611587793428328
2020-09-04,5799.10009765625,5904.2001953125,5778.39990234375,5850.89990234375,672211400,-0.008892728935703554,0.012091508276137733,0.19194674324603855
2020-09-07,5937.39990234375,5946.89990234375,5798.5,5799.10009765625,542562600,0.023568560728027658,0.013095782745388555,0.20788910620817289
2020-09-08,5930.2998046875,5985.2998046875,5868.89990234375,5937.39990234375,741088100,-0.0011965416514796838,0.013091002309329946,0.20781321913835574
2020-09-09,6012.7998046875,6031.2998046875,5923.39990234375,5930.2998046875,670411100,0.013815728739680521,0.01345555091549664,0.21360024885462955
2020-09-10,6003.2998046875,6028.7998046875,5950.60009765625,6012.7998046875,602947200,-0.0015812122549215054,0.012859317622415994,0.20413533875341866
2020-09-11,6032.10009765625,6057.7001953125,5992.89990234375,6003.2998046875,532206600,0.004785939507701816,0.01198494525431404,0.1902551077178323
2020-09-14,6026.2998046875,6080.0,6011.7998046875,6032.10009765625,599027600,-0.0009620336799369608,0.011594625607887018,0.18405897542022093
2020-09-15,6105.5,6123.7001953125,6026.2001953125,6026.2998046875,696475100,0.013056812963874143,0.011508008729299255,0.18268397509971754
2020-09-16,6078.5,6119.2001953125,6057.60009765625,6105.5,712218600,-0.0044320492772278825,0.011463190757656783,0.1819725118563236
2020-09-17,6049.89990234375,6078.5,5998.7001953125,6078.5,614989900,-0.004716228174981363,0.011364777178877227,0.18041024472582817
2020-09-18,6007.10009765625,6055.2001953125,6006.2998046875,6049.89990234375,1606438900,-0.007099607607584413,0.01137206755635569,0.180525975880459
2020-09-21,5804.2998046875,6007.10009765625,5779.2001953125,6007.10009765625,989724600,-0.034343130703934695,0.013144505014182403,0.20866254824740907
2020-09-22,5829.5,5871.2998046875,5794.5,5804.2998046875,793986600,0.004332244863997984,0.013209595040725573,0.20969582038579201
2020-09-23,5899.2998046875,5974.89990234375,5829.5,5829.5,745841800,0.011902433306161921,0.012899195769644631,0.20476838471529663
2020-09-24,5822.7998046875,5899.2998046875,5805.2998046875,5899.2998046875,707125700,-0.013052454531714082,0.012975788362859751,0.2059842544387971
2020-09-25,5842.7001953125,5843.7001953125,5771.5,5822.7998046875,742745800,0.0034118400290526073,0.013007091187749228,0.20648117137874522
2020-09-28,5927.89990234375,5954.39990234375,5842.7001953125,5842.7001953125,915339300,0.014476950086970605,0.013387458371131202,0.21251931322345805
2020-09-29,5897.5,5927.89990234375,5862.89990234375,5927.89990234375,677894800,-0.005141469981986994,0.013369612698497065,0.21223602195284647
2020-09-30,5866.10009765625,5931.39990234375,5854.5,5897.5,831982500,-0.0053384978504303045,0.012873689894780284,0.20436349150412345
2020-10-01,5879.5,5925.7998046875,5849.7998046875,5866.10009765625,729252500,0.00228168983207062,0.012521910833120407,0.1987791720225733
2020-10-02,5902.10009765625,5902.10009765625,5809.60009765625,5879.5,708115400,0.0038365120509075267,0.012080326803400432,0.19176924286911246
2020-10-05,5942.89990234375,5974.2001953125,5902.10009765625,5902.10009765625,637260500,0.006888976959698207,0.011962666377409852,0.18990144151116248
2020-10-06,5949.89990234375,5971.5,5903.39990234375,5942.89990234375,911383000,0.0011771829885845891,0.010808275164239024,0.17157604911679353
2020-10-07,5946.2998046875,5977.2001953125,5929.2001953125,5949.89990234375,762006800,-0.0006052517366574173,0.01080549808607708,0.17153196436766616
2020-10-08,5978.0,6004.2001953125,5929.39990234375,5946.2998046875,741665900,0.005316919317879804,0.010419482691967002,0.16540415995731902
2020-10-09,6016.7001953125,6040.5,5978.0,5978.0,676779000,0.006452904861623486,0.010516224982683554,0.16693989621231128
2020-10-12,6001.39990234375,6037.10009765625,5995.10009765625,6016.7001953125,600961600,-0.002546209652214552,0.010474718832458247,0.1662810065040562
2020-10-13,5969.7001953125,6008.0,5950.0,6001.39990234375,786877800,-0.005296051468257151,0.010532133616084988,0.16719243793838584
2020-10-14,5935.10009765625,6009.7998046875,5926.5,5969.7001953125,613220800,-0.005812814029530397,0.010119069783572939,0.1606352528798531
2020-10-15,5832.5,5935.10009765625,5786.2001953125,5935.10009765625,667215200,-0.017438168659919415,0.01069869332269118,0.16983649131112902
2020-10-16,5919.60009765625,5933.7998046875,5832.5,5832.5,669807200,0.01482317062921064,0.011281448703835795,0.1790874461932889
2020-10-19,5884.7001953125,5959.7001953125,5872.0,5919.60009765625,522720700,-0.0059131000002341115,0.011252500451406593,0.17862790693238334
2020-10-20,5889.2001953125,5915.5,5861.7998046875,5884.7001953125,576524900,0.0007644026312129365,0.00825726526657672,0.13108002242912078
2020-10-21,5776.5,5903.39990234375,5769.60009765625,5889.2001953125,632347400,-0.019322235232701154,0.009285197945491867,0.14739794782667612
2020-10-22,5785.7001953125,5796.39990234375,5716.39990234375,5776.5,664916300,0.0015914267351919771,0.008863213732711896,0.1406991561214091
2020-10-23,5860.2998046875,5885.39990234375,5781.7998046875,5785.7001953125,852798000,0.012811373813573937,0.008890830323759,0.14113755591322916
2020-10-26,5792.0,5868.39990234375,5782.39990234375,5860.2998046875,870052100,-0.011723108406286934,0.009233290995143204,0.14657395053504607
2020-10-27,5729.0,5806.2001953125,5728.2001953125,5792.0,756732600,-0.010936659656974478,0.008840963180608615,0.1403459395570141
2020-10-28,5582.7998046875,5729.0,5525.5,5729.0,1107558600,-0.025850587758774236,0.010289159277886609,0.16333533989532537
2020-10-29,5581.7998046875,5616.60009765625,5534.7001953125,5582.7998046875,964959700,-0.00017913763818889648,0.01028237961861679,0.1632277161409152
2020-10-30,5577.2998046875,5593.39990234375,5534.10009765625,5581.7998046875,823613300,-0.0008065167265189205,0.010234562921850966,0.16246864961196145
2020-11-02,5655.0,5665.2998046875,5554.7001953125,5577.2998046875,755064600,0.013835356265125236,0.010763622689351632,0.17086721305293992
2020-11-03,5786.7998046875,5787.60009765625,5655.0,5655.0,803790300,0.023039318453831194,0.011945346077057252,0.18962649026696693
2020-11-04,5883.2998046875,5885.7001953125,5711.2001953125,5786.7998046875,781517600,0.01653836775307038,0.012557193657053321,0.19933926948864472
2020-11-05,5906.2001953125,5933.10009765625,5881.89990234375,5883.2998046875,900001200,0.0038848839096937943,0.012594129314054193,0.19992560486625527
2020-11-06,5910.0,5950.2001953125,5858.5,5906.2001953125,848478100,0.0006431517333275688,0.012530630047156816,0.198917585254383
2020-11-09,6186.2998046875,6258.2998046875,5910.0,5910.0,2067706200,0.04569130670240628,0.016055878340748272,0.25487916702196983
2020-11-10,6296.89990234375,6307.0,6180.5,6186.2998046875,1717346100,0.017720295173418336,0.016416664068863045,0.26060646290100814
2020-11-11,6382.10009765625,6397.2998046875,6293.2001953125,6296.89990234375,1283397300,0.013439778810304618,0.016492780217639735,0.2618147693035228
2020-11-12,6338.89990234375,6382.10009765625,6295.7998046875,6382.10009765625,1014492200,-0.006791975691295494,0.016520838111548513,0.262260174561092
2020-11-13,6316.39990234375,6339.0,6280.39990234375,6338.89990234375,1010712500,-0.003555826263234664,0.015923433465043265,0.252776669800728
2020-11-16,6421.2998046875,6463.5,6316.39990234375,6316.39990234375,1293581100,0.016471148848972085,0.015984442717895366,0.25374516166505107
2020-11-17,6365.2998046875,6424.5,6309.0,6421.2998046875,1225248200,-0.0087592260265983,0.016083334363858667,0.2553150178768155
2020-11-18,6385.2001953125,6395.89990234375,6326.7001953125,6365.2998046875,979740000,0.003121510024520434,0.01606976104741903,0.2550995481582215
2020-11-19,6334.39990234375,6385.2001953125,6314.2998046875,6385.2001953125,929024200,-0.007987761043582378,0.015430154276506493,0.24494610544197573
2020-11-20,6351.5,6386.7001953125,6324.60009765625,6334.39990234375,821112500,0.002695923528460839,0.015422017155280809,0.24481693264706886
2020-11-23,6333.7998046875,6392.10009765625,6325.2001953125,6351.5,943708400,-0.002790664323613448,0.015374450925994081,0.24406184216608232
2020-11-24,6432.2001953125,6432.39990234375,6333.7001953125,6333.7998046875,1301560700,0.015416315127643566,0.015152230785172499,0.24053420679254037
2020-11-25,6391.10009765625,6468.7001953125,6375.2998046875,6432.2001953125,1129314000,-0.006410243456040228,0.014945086574530322,0.23724589439122448
2020-11-26,6362.89990234375,6412.7001953125,6349.5,6391.10009765625,736272500,-0.004422179907266717,0.013366668360260252,0.21218928203234488
2020-11-27,6367.60009765625,6375.89990234375,6302.2001953125,6362.89990234375,1448127900,0.0007384149131719935,0.013346160483684096,0.21186372958431376
2020-11-30,6266.2001953125,6404.0,6266.2001953125,6367.60009765625,1355075300,-0.016052506356262503,0.014141443868573769,0.2244884619337522
2020-12-01,6384.7001953125,6400.2001953125,6263.60009765625,6266.2001953125,839858300,0.018734392370986806,0.014324256283840273,0.22739051905797364
2020-12-02,6463.39990234375,6468.60009765625,6367.5,6384.7001953125,936842800,0.012250946169295649,0.013860225641798245,0.2200242609806326
2020-12-03,6490.2998046875,6491.5,6430.2998046875,6463.39990234375,943214500,0.004153244496858517,0.013617953161696107,0.21617830458944198
2020-12-04,6550.2001953125,6559.2001953125,6489.7998046875,6490.2998046875,1073110600,0.009186888833781227,0.013651665006847398,0.2167134635404866
2020-12-07,6555.39990234375,6601.10009765625,6519.7998046875,6550.2001953125,1058250500,0.000793509227405038,0.013649344473771037,0.21667662621991168
2020-12-08,6558.7998046875,6567.60009765625,6518.39990234375,6555.39990234375,758186800,0.0005185070375431837,0.009968415300377875,0.15824368710126652
2020-12-09,6564.2998046875,6623.0,6558.7998046875,6558.7998046875,769345300,0.0008382166539525859,0.009366210605251434,0.14868398393130633
2020-12-10,6599.7998046875,6640.7001953125,6561.10009765625,6564.2998046875,1109877200,0.005393469680396248,0.009032626167376953,0.1433884951481634
2020-12-11,6546.7998046875,6607.39990234375,6520.5,6599.7998046875,1069085700,-0.008062965132916515,0.009095686934286477,0.14438955378852908
2020-12-14,6531.7998046875,6583.7001953125,6524.7001953125,6546.7998046875,870265400,-0.002293824572209759,0.009064473566309362,0.14389405693303992
2020-12-15,6513.2998046875,6558.2001953125,6484.0,6531.7998046875,737394700,-0.002836316004659915,0.008437858504797693,0.133946851209876
2020-12-16,6570.89990234375,6598.39990234375,6513.2998046875,6513.2998046875,860333700,0.008804584314748705,0.00832544304827853,0.13216231116105903
2020-12-17,6551.10009765625,6601.60009765625,6551.10009765625,6570.89990234375,725533900,-0.00301780516905104,0.008373815547272389,0.13293020077685386
2020-12-18,6529.2001953125,6604.5,6518.2998046875,6551.10009765625,1200513100,-0.0033485351737043366,0.00817761025605282,0.12981553833796194
2020-12-21,6416.2998046875,6529.2001953125,6315.2998046875,6529.2001953125,1118314800,-0.017442857075663974,0.00914667412830431,0.14519895040105021
2020-12-23,6495.7998046875,6497.2998046875,6431.2001953125,6453.2001953125,807695400,0.012314187004791751,0.00946471748695183,0.15024773219975257
2020-12-24,6502.10009765625,6530.2998046875,6479.60009765625,6495.7998046875,477470700,0.0009694325251776111,0.008887363739692221,0.1410825255971916
2020-12-29,6602.7001953125,6676.60009765625,6502.10009765625,6502.10009765625,824116800,0.015353469201557115,0.009298881664789014,0.1476151701363001
2020-12-30,6555.7998046875,6623.0,6552.5,6602.7001953125,425493000,-0.0071285616497141205,0.009403965809306069,0.1492833292150687
2020-12-31,6460.5,6555.7998046875,6439.39990234375,6555.7998046875,316943900,-0.014643410037448356,0.010037580829377456,0.15934165583545323
2021-01-04,6571.89990234375,6662.7001953125,6460.5,6460.5,965097800,0.017096254951282447,0.009878277332254009,0.15681279121722402
2021-01-05,6612.2998046875,6622.7998046875,6544.2998046875,6571.89990234375,718950800,0.006128552311137965,0.00918642431434095,0.1458299650419792
2021-01-06,6841.89990234375,6859.10009765625,6611.89990234375,6612.2998046875,1249709500,0.03413393512330993,0.011417191056465626,0.1812422892379131
2021-01-07,6857.0,6903.60009765625,6795.10009765625,6841.89990234375,939652600,0.002204571736359204,0.01141279261633838,0.18117246616551327
2021-01-08,6873.2998046875,6886.2998046875,6836.10009765625,6857.0,850778500,0.002374283530075448,0.011313100580046549,0.17958990415118242
2021-01-11,6798.5,6873.2998046875,6768.7001953125,6873.2998046875,707799500,-0.010942312218699278,0.011674944445225289,0.1853339974353664
2021-01-12,6754.10009765625,6816.7001953125,6738.2001953125,6798.5,648158800,-0.006552257260161277,0.011812894835777561,0.18752389199535968
2021-01-13,6745.5,6772.60009765625,6736.0,6754.10009765625,619448200,-0.0012741264567076914,0.011826878113905655,0.187745869654002
2021-01-14,6802.0,6802.0,6736.7998046875,6745.5,685978100,0.008341070688268878,0.01189522401039051,0.18883082712538615
2021-01-15,6735.7001953125,6802.10009765625,6676.60009765625,6802.0,740665600,-0.009794918457259055,0.011970152379824083,0.190020278115375
2021-01-18,6720.7001953125,6741.5,6709.2998046875,6735.7001953125,359826900,-0.0022294232896577977,0.011969179150548789,0.19000482857958853
2021-01-19,6713.0,6770.7001953125,6697.7001953125,6720.7001953125,618144700,-0.0011463998814723634,0.011945229274206846,0.18962463607919935
2021-01-20,6740.39990234375,6751.7998046875,6697.5,6713.0,687499600,0.004073310899437706,0.011843528146388537,0.18801018072562714
2021-01-21,6715.39990234375,6776.89990234375,6715.39990234375,6740.39990234375,621554400,-0.0037158740660466734,0.011856967908682584,0.18822353033788633
2021-01-22,6695.10009765625,6715.7001953125,6651.7001953125,6715.39990234375,693954900,-0.003027451652400399,0.011851042491833219,0.18812946726149948
2021-01-25,6638.89990234375,6714.60009765625,6610.2998046875,6695.10009765625,761260500,-0.008429657733141189,0.011292349275418962,0.179260487402634
2021-01-26,6654.0,6702.39990234375,6636.2998046875,6638.89990234375,683485900,0.0022719051918209873,0.011026516026486485,0.17504051540130802
2021-01-27,6567.39990234375,6661.2998046875,6505.7998046875,6654.0,982451100,-0.013100176498600756,0.01145681516318824,0.1818713024317798
2021-01-28,6526.2001953125,6567.39990234375,6439.60009765625,6567.39990234375,869048100,-0.00629312682451587,0.011016656778965024,0.17488400469897195
2021-01-29,6407.5,6526.2001953125,6397.2001953125,6526.2001953125,870670500,-0.01835569501707922,0.01160815773947956,0.18427379134963573
2021-02-01,6466.39990234375,6495.60009765625,6407.5,6407.5,746038100,0.009150345079303622,0.011377997552958598,0.18062011165817948
2021-02-02,6516.7001953125,6523.5,6466.39990234375,6466.39990234375,719054200,0.00774861847537821,0.010848012443909183,0.1722068588755063
2021-02-03,6507.7998046875,6573.10009765625,6489.5,6516.7001953125,717525200,-0.0013667153457603623,0.010745231431773774,0.17057526088984748
2021-02-04,6503.7001953125,6553.39990234375,6478.2001953125,6507.7998046875,989919900,-0.0006301517135856349,0.007190895393094742,0.11415192548405242
2021-02-05,6489.2998046875,6518.7001953125,6457.60009765625,6503.7001953125,984403300,-0.0022166391936190833,0.007113214416780612,0.11291877821448512
2021-02-08,6523.5,6567.7001953125,6489.2998046875,6489.2998046875,818871300,0.005256405165859978,0.007241139093506872,0.11494951950148122
2021-02-09,6531.60009765625,6541.0,6501.0,6523.5,544655300,0.0012409094737035943,0.007014364010197709,0.11134957665758922
2021-02-10,6524.39990234375,6577.0,6481.0,6531.60009765625,782043000,-0.0011029712074827253,0.006934268687070198,0.11007810282054069
2021-02-11,6528.7001953125,6554.2001953125,6514.89990234375,6524.39990234375,673184700,0.0006588922312943654,0.006952281463357131,0.11036404677940308
2021-02-12,6589.7998046875,6589.7998046875,6485.10009765625,6528.7001953125,495851300,0.009315097180428545,0.0070244827326080925,0.11151020639609063
2021-02-15,6756.10009765625,6775.39990234375,6589.7998046875,6589.7998046875,825488200,0.024922845546716064,0.008830267336864605,0.14017614830136216
2021-02-16,6748.89990234375,6799.89990234375,6736.89990234375,6756.10009765625,817289800,-0.0010663007767074664,0.008818275590679797,0.13998578523221972
2021-02-17,6710.89990234375,6760.2998046875,6701.60009765625,6748.89990234375,755390100,-0.0056464585673770325,0.008906846139932157,0.14139179911305658
2021-02-18,6617.2001953125,6721.7998046875,6591.39990234375,6710.89990234375,847018200,-0.014060706337634983,0.009358285682704833,0.1485581796859998
2021-02-19,6624.0,6646.2001953125,6600.60009765625,6617.2001953125,976444700,0.0010270678163522412,0.009343604180295567,0.14832511806051352
2021-02-22,6612.2001953125,6624.7001953125,6545.89990234375,6624.0,846468100,-0.0017829600095639253,0.009331727463857527,0.148136581031991
2021-02-23,6625.89990234375,6675.39990234375,6555.89990234375,6612.2001953125,1154639900,0.0020697398902835814,0.009170760065401653,0.1455813027989713
2021-02-24,6659.0,6669.89990234375,6572.2998046875,6625.89990234375,1141083000,0.004983126164807071,0.00922464871020154,0.14643675851475607
2021-02-25,6652.0,6702.89990234375,6644.7001953125,6659.0,852469800,-0.001051761797804124,0.008728115357978471,0.13855453590896719
2021-02-26,6483.39990234375,6652.0,6465.60009765625,6652.0,1279039900,-0.025672512273359305,0.01036536092017723,0.16454500346529946
2021-03-01,6588.5,6612.7001953125,6483.39990234375,6483.39990234375,708419900,0.016080655945847885,0.010088557886154498,0.16015089152426568
2021-03-02,6613.7998046875,6660.7998046875,6560.89990234375,6588.5,682614300,0.0038326406809611325,0.00994811951147992,0.1579215014407514
2021-03-03,6675.5,6705.2998046875,6613.7998046875,6613.7998046875,937329300,0.009285762163881543,0.01000518328071765,0.15882736069440145
2021-03-04,6650.89990234375,6675.5,6581.2001953125,6675.5,938807000,-0.003691938674956223,0.01004716504397296,0.1594938005254427
2021-03-05,6630.5,6710.7998046875,6560.7998046875,6650.89990234375,1027477500,-0.0030719530375398515,0.010081479501302925,0.16003852564825807
2021-03-08,6719.10009765625,6726.39990234375,6612.7001953125,6630.5,972755300,0.013274015393007613,0.01040215699054906,0.16512912297386925
2021-03-09,6730.2998046875,6786.7998046875,6689.89990234375,6719.10009765625,952946800,0.0016654586377592361,0.01036949516580998,0.16461063258011813
2021-03-10,6725.60009765625,6740.7998046875,6677.0,6730.2998046875,725796800,-0.0006985348072533417,0.010380419297017022,0.16478404778689779
2021-03-11,6737.0,6755.2998046875,6699.2998046875,6725.60009765625,714706900,0.0016935666194927744,0.010364713785814557,0.1645347305257686
2021-03-12,6761.5,6766.39990234375,6709.0,6737.0,706134500,0.0036300369527546682,0.010372547854375311,0.16465909250876212
2021-03-15,6749.7001953125,6804.89990234375,6723.7001953125,6761.5,670767900,-0.0017466705424961512,0.0102448997704552,0.162632741996443
2021-03-16,6803.60009765625,6812.7998046875,6749.60009765625,6749.7001953125,8494800,0.007953809822632553,0.008849600629688693,0.1404830548103813
2021-03-17,6762.7001953125,6805.7001953125,6753.7998046875,6803.60009765625,8378200,-0.006029650733927635,0.00895451563319903,0.14214852885890825
2021-03-18,6779.7001953125,6791.7998046875,6740.5,6762.7001953125,825204500,0.002510634516672779,0.008869420447774497,0.1407976846684948
2021-03-19,6708.7001953125,6779.7001953125,6664.60009765625,6779.7001953125,1819149000,-0.010527661352948421,0.008609396406498106,0.13666993097980284
2021-03-22,6726.10009765625,6732.7001953125,6651.0,6708.7001953125,811558900,0.0025902747630137542,0.008619535705037311,0.1368308873542231
2021-03-23,6699.2001953125,6726.10009765625,6664.7998046875,6726.10009765625,861618700,-0.004007349966882343,0.00866548507331959,0.13756031096247567
2021-03-24,6712.89990234375,6722.60009765625,6649.39990234375,6699.2001953125,942724200,0.00204288839123195,0.008665262819416817,0.13755678279114777
2021-03-25,6674.7998046875,6729.89990234375,6618.60009765625,6712.89990234375,768539700,-0.0056918217991399865,0.008709582838301843,0.13826034127957657
2021-03-26,6740.60009765625,6742.10009765625,6674.7998046875,6674.7998046875,748208300,0.009809744191949393,0.008955982166336036,0.14217180935072798
2021-03-29,6736.2001953125,6758.7998046875,6705.39990234375,6740.60009765625,624496600,-0.0006529595162693049,0.006649076490717295,0.1055508170561042
2021-03-30,6772.10009765625,6792.2001953125,6729.5,6736.2001953125,664395600,0.0053152485634830994,0.005863308734373545,0.09307714062687164
2021-03-31,6713.60009765625,6775.7001953125,6713.60009765625,6772.10009765625,854819600,-0.00867591094277753,0.006218692341696589,0.09871868049690648
2021-04-01,6737.2998046875,6766.5,6713.60009765625,6713.60009765625,592371100,0.0035238878778570447,0.005942528094432727,0.09433470898130131
2021-04-06,6823.60009765625,6843.7001953125,6737.2998046875,6737.2998046875,773873100,0.01272798393209452,0.006431930487907661,0.10210373112634805
2021-04-07,6885.2998046875,6898.39990234375,6823.60009765625,6823.60009765625,708769700,0.009001469713728697,0.006567215561118626,0.10425131508524031
2021-04-08,6942.2001953125,6942.2001953125,6884.7998046875,6885.2998046875,792318200,0.008230079450352822,0.006208880065605055,0.09856291544290426
2021-04-09,6915.7998046875,6949.60009765625,6906.39990234375,6942.2001953125,615052100,-0.0038101345884169217,0.006318043794842504,0.10029583592140834
2021-04-12,6889.10009765625,6916.10009765625,6853.7998046875,6915.7998046875,639363600,-0.0038681541353537607,0.006405299724304521,0.10168098086004208
2021-04-13,6890.5,6895.10009765625,6859.7001953125,6889.10009765625,572405700,0.00020318475698067554,0.0064071599099832345,0.10171051039223176
2021-04-14,6939.60009765625,6942.2998046875,6880.7001953125,6890.5,596867000,0.007100498709290149,0.006520176690799557,0.10350459616833428
2021-04-15,6983.5,6994.89990234375,6939.2998046875,6939.60009765625,651402900,0.006306073721336296,0.006572450798876118,0.10433442190820404
2021-04-16,7019.5,7037.7001953125,6983.5,6983.5,742505700,0.005141766666179917,0.006464750336238608,0.10262473006685131
2021-04-19,7000.10009765625,7040.2998046875,6979.2001953125,7019.5,529712700,-0.0027675418116162418,0.006312488524127274,0.10020764873273952
2021-04-20,6859.89990234375,7001.2998046875,6857.10009765625,7000.10009765625,825253600,-0.020231598481995832,0.007905898932015602,0.12550225478714655
2021-04-21,6895.2998046875,6914.89990234375,6859.60009765625,6859.89990234375,662064600,0.005147141626733584,0.0075381379209784,0.11966422972448586
2021-04-22,6938.2001953125,6941.10009765625,6889.2998046875,6895.2998046875,647196400,0.006202411270622253,0.007609768786364621,0.12080133446053558
2021-04-23,6938.60009765625,6938.60009765625,6891.7998046875,6938.2001953125,582223700,5.763610276392037e-05,0.007514351861613189,0.11928663773798245
2021-04-26,6963.10009765625,6971.5,6913.39990234375,6938.60009765625,511633400,0.003524752371465561,0.0075249593304424316,0.11945502608535473
2021-04-27,6945.0,6975.10009765625,6929.7998046875,6963.10009765625,658634400,-0.0026028153015350583,0.007401547587676464,0.11749592540401178
2021-04-28,6963.7001953125,6986.7001953125,6944.10009765625,6945.0,990231900,0.002688994128544557,0.007180371656890024,0.11398486635088685
2021-04-29,6961.5,7019.7998046875,6953.89990234375,6963.7001953125,657930300,-0.0003160019676484858,0.007175576224603363,0.11390874122332953
2021-04-30,6969.7998046875,7009.5,6946.0,6961.5,831625600,0.001191533566261887,0.007124101960003252,0.11309161260501854
2021-05-04,6923.2001953125,7034.2998046875,6912.2998046875,6969.7998046875,911981600,-0.006708383233678184,0.006997182281152745,0.1110768251647068
2021-05-05,7039.2998046875,7047.7998046875,6923.2001953125,6923.2001953125,734979800,0.016630586962299267,0.007735679259569529,0.12280010125788746
2021-05-06,7076.2001953125,7076.2001953125,7026.7998046875,7039.2998046875,764405400,0.005228362393589149,0.007385086487240519,0.11723461353565197
2021-05-07,7129.7001953125,7143.5,7076.2001953125,7076.2001953125,624763100,0.007532117143204818,0.00731942726615449,0.11619230571402092
2021-05-10,7123.7001953125,7164.2001953125,7104.39990234375,7129.7001953125,744129400,-0.0008419044143807019,0.007178692505576731,0.11395821065015513
2021-05-11,6948.0,7123.7001953125,6912.39990234375,7123.7001953125,933225500,-0.024973432405641087,0.009139251300028968,0.14508111665520243
2021-05-12,7004.60009765625,7028.10009765625,6945.2998046875,6948.0,743459700,0.008113241651507471,0.009244576414672844,0.14675310101614483
2021-05-13,6963.2998046875,7004.60009765625,6823.60009765625,7004.60009765625,660813600,-0.005913618169717113,0.00935969460333581,0.14858054560763936
2021-05-14,7043.60009765625,7048.7001953125,6963.2998046875,6963.2998046875,845954300,0.01146594510837348,0.009559946300317618,0.15175944274663453
2021-05-17,7032.89990234375,7066.7998046875,6989.10009765625,7043.60009765625,582188300,-0.001520292313208018,0.009483055881205333,0.15053884518358673
2021-05-18,7034.2001953125,7102.60009765625,7030.39990234375,7032.89990234375,736327300,0.00018487008174064137,0.009418919877864052,0.1495207176940269
2021-05-19,6950.2001953125,7034.2001953125,6897.10009765625,7034.2001953125,729532000,-0.012013530494777335,0.009769232175049356,0.1550817530113873
2021-05-20,7019.7998046875,7019.7998046875,6926.89990234375,6950.2001953125,626003200,0.009964235537516962,0.008876601959532921,0.14091168763339645
2021-05-21,7018.10009765625,7028.2001953125,6973.2998046875,7019.7998046875,803607300,-0.00024215973206538418,0.008831450512207937,0.1401949306276572
2021-05-24,7051.60009765625,7054.60009765625,7013.5,7018.10009765625,422927700,0.004762015230029319,0.008793236139280805,0.1395882962640164
2021-05-25,7029.7998046875,7067.60009765625,7029.7998046875,7051.60009765625,619367600,-0.0030963271460212167,0.008832893158989033,0.14021783193533213
2021-05-26,7026.89990234375,7050.89990234375,6998.2001953125,7029.7998046875,619965100,-0.00041260074488742984,0.008809951201030222,0.13985363964324465
2021-05-27,7019.7001953125,7044.0,7008.5,7026.89990234375,1422973500,-0.001025117482051015,0.00878945966138891,0.13952834653601426
2021-05-28,7022.60009765625,7054.89990234375,7019.60009765625,7019.7001953125,786614400,0.0004130238386122301,0.00877526141409716,0.13930295634769246
2021-06-01,7080.5,7118.0,7022.60009765625,7022.60009765625,726701500,0.008210992937065228,0.008936225495208228,0.14185818191949595
2021-06-02,7108.0,7122.5,7074.10009765625,7080.5,570341500,0.0038763836114284102,0.008961171406322452,0.14225418598171288
2021-06-03,7064.39990234375,7108.0,7013.89990234375,7108.0,617182900,-0.006152837276040744,0.008938269754372776,0.1418906335276845
2021-06-04,7069.0,7071.7998046875,7039.7001953125,7064.39990234375,425216000,0.0006509541724529323,0.008186170240086476,0.1299514238718404
2021-06-07,7077.2001953125,7098.2998046875,7042.2001953125,7069.0,963131300,0.0011593496653187854,0.008109004763654766,0.12872645990921164
2021-06-08,7095.10009765625,7120.7001953125,7074.89990234375,7077.2001953125,550005100,0.0025260418551438877,0.007948714564812548,0.12618193188678603
2021-06-09,7081.0,7095.7001953125,7046.0,7095.10009765625,575133700,-0.001989278039642921,0.007957057901432871,0.12631437824959726
2021-06-10,7088.2001953125,7117.7001953125,7080.0,7081.0,574917100,0.0010163164939455678,0.005596303328914897,0.08883856121755032
2021-06-11,7134.10009765625,7140.7001953125,7088.2001953125,7088.2001953125,509040600,0.006454660745085137,0.005501067370245108,0.08732673724248381
2021-06-14,7146.7001953125,7188.2998046875,7131.7998046875,7134.10009765625,551244200,0.0017646211230978033,0.005278136344965141,0.08378781692801512
2021-06-15,7172.5,7189.60009765625,7142.7001953125,7146.7001953125,779379400,0.0036035298416174093,0.004770823267935154,0.07573447149598132
2021-06-16,7185.0,7217.5,7169.2001953125,7172.5,723106300,0.0017412506576055377,0.004742341711694357,0.07528234080738984
2021-06-17,7153.39990234375,7185.0,7133.0,7185.0,724679900,-0.0044077650272064265,0.004886433103896674,0.07756972074638425
2021-06-18,7017.5,7154.60009765625,7008.7001953125,7153.39990234375,1553511000,-0.019180725249881358,0.0059587910941573665,0.09459287609836116
2021-06-21,7062.2998046875,7065.10009765625,6948.60009765625,7017.5,820495800,0.0063637205779584404,0.005718574534602961,0.0907795564340782
2021-06-22,7090.0,7098.7001953125,7061.10009765625,7062.2998046875,522524500,0.003914590712177001,0.0057710264533943,0.09161220483153842
2021-06-23,7074.10009765625,7129.39990234375,7074.10009765625,7090.0,567367400,-0.0022450997822257013,0.005713679368801589,0.09070184808605705
2021-06-24,7110.0,7119.39990234375,7070.89990234375,7074.10009765625,726332500,0.005062003053339038,0.005758969527122401,0.09142080706059072
2021-06-25,7136.10009765625,7139.10009765625,7109.7998046875,7110.0,609038400,0.0036641785021066958,0.005793852990699793,0.09197456487755687
2021-06-28,7073.0,7136.2001953125,7072.0,7136.10009765625,682531900,-0.008881704263403354,0.006155516537110727,0.09771579569004285
2021-06-29,7087.60009765625,7120.7998046875,7071.89990234375,7073.0,531015400,0.002062074026389405,0.006166732387143941,0.09789384178962333
2021-06-30,7037.5,7100.7001953125,7010.60009765625,7087.60009765625,659209600,-0.007093798614433627,0.006106342819048932,0.09693518711585136
2021-07-01,7125.2001953125,7134.2001953125,7037.5,7037.5,631273700,0.012384829881895031,0.006654302886010233,0.10563378350929478
2021-07-02,7123.2998046875,7162.2001953125,7110.2998046875,7125.2001953125,520006400,-0.0002667495717118961,0.00649924612279203,0.10317233370185083
2021-07-05,7164.89990234375,7168.0,7111.5,7123.2998046875,384449600,0.005823017042809645,0.006606527446756958,0.10487537192304855
2021-07-06,7100.89990234375,7170.60009765625,7075.7001953125,7164.89990234375,635763200,-0.008972567994250915,0.006928929580443606,0.10999334713039736
2021-07-07,7151.0,7153.7001953125,7100.89990234375,7100.89990234375,600040700,0.007030684241708535,0.007074073807843466,0.11229744031001719
2021-07-08,7030.7001953125,7151.0,6981.60009765625,7151.0,741526200,-0.01696590516335476,0.008016382759400361,0.12725613117407453
2021-07-09,7121.89990234375,7121.89990234375,7030.2001953125,7030.7001953125,577541200,0.012888228142280399,0.008519595410812583,0.13524438436738356
2021-07-12,7125.39990234375,7134.89990234375,7066.2001953125,7121.89990234375,484702100,0.0004913211792252733,0.008400146536270187,0.13334819226882916
2021-07-13,7124.7001953125,7152.39990234375,7116.2998046875,7125.39990234375,613836900,-9.820380587041587e-05,0.008389765370420039,0.13318339636987872
2021-07-14,7091.2001953125,7124.7001953125,7073.60009765625,7124.7001953125,565377200,-0.004713041184880997,0.00840016376271771,0.1333484657302059
2021-07-15,7012.0,7111.7998046875,7005.0,7091.2001953125,612974400,-0.01123163917467032,0.008695614599974802,0.13803860237037438
2021-07-16,7008.10009765625,7056.7001953125,6978.10009765625,7012.0,617556700,-0.0005563301855437793,0.008664262662648338,0.13754090579465894
2021-07-19,6844.39990234375,7008.10009765625,6813.0,7008.10009765625,817237100,-0.023635851465817242,0.009171940878139882,0.14560004762007303
2021-07-20,6881.10009765625,6929.89990234375,6827.2998046875,6844.39990234375,941993900,0.005347751670468917,0.00913270406497583,0.14497718252084832
2021-07-21,6998.2998046875,7007.7998046875,6881.10009765625,6881.10009765625,784895600,0.016888697431225046,0.009904874799732327,0.15723501292393458
2021-07-22,6968.2998046875,7019.0,6956.2001953125,6998.2998046875,497512000,-0.004295969953666171,0.009931774218945878,0.15766202796584133
2021-07-23,7027.60009765625,7033.2998046875,6968.2998046875,6968.2998046875,461681400,0.008474002849209641,0.010058155802151152,0.15966827340259998
2021-07-26,7025.39990234375,7038.7001953125,6980.7001953125,7027.60009765625,524700700,-0.00031312820472176767,0.01001207512125242,0.15893676527118455
2021-07-27,6996.10009765625,7028.39990234375,6929.60009765625,7025.39990234375,516983900,-0.004179274305055571,0.009872597064867298,0.1567226197679105
2021-07-28,7016.60009765625,7023.39990234375,6974.7998046875,6996.10009765625,595315800,0.0029259192502959688,0.009885687001375765,0.15693041606798466
2021-07-29,7078.39990234375,7093.89990234375,7008.7001953125,7016.60009765625,789496800,0.008769095524012374,0.009960770604056188,0.15812233130937176
2021-07-30,7032.2998046875,7078.39990234375,6996.89990234375,7078.39990234375,674951500,-0.006534085854111678,0.00966190058053047,0.15337791676988533
2021-08-02,7081.7001953125,7111.7001953125,7032.2998046875,7032.2998046875,526271100,0.0070002256420718485,0.009804455101476359,0.15564089963402994
2021-08-03,7105.7001953125,7119.2001953125,7074.2998046875,7081.7001953125,613947100,0.0033832868929412076,0.009742796159380345,0.15466209427269365
2021-08-04,7123.89990234375,7142.5,7105.7001953125,7105.7001953125,618704700,0.0025580082125080347,0.009558394040561512,0.15173480138692555
2021-08-05,7120.39990234375,7130.39990234375,7099.0,7123.89990234375,814802900,-0.000491424656659525,0.009427860795397872,0.14966265035975027
2021-08-06,7123.0,7135.39990234375,7103.7001953125,7120.39990234375,677358200,0.0003650950900710322,0.008610335901441085,0.1366848449996656
2021-08-09,7132.2998046875,7138.7998046875,7089.7001953125,7123.0,525136800,0.0013047506729749589,0.008143564310500014,0.12927507570746533
2021-08-10,7161.0,7166.7001953125,7115.89990234375,7132.2998046875,559144000,0.004015900355610987,0.008188887225681025,0.1299945546810339
2021-08-11,7220.10009765625,7220.10009765625,7157.7001953125,7161.0,536436100,0.008219180725137488,0.008370963864273122,0.13288493171264956
2021-08-12,7193.2001953125,7220.7001953125,7182.89990234375,7220.10009765625,574940100,-0.00373265428865573,0.00834234070610347,0.13243055316312455
2021-08-13,7218.7001953125,7224.5,7193.10009765625,7193.2001953125,501180000,0.0035387458863325926,0.007898693832545456,0.12538787737892962
2021-08-16,7154.0,7218.7001953125,7117.7998046875,7218.7001953125,522255500,-0.009003267510791033,0.00821130432596768,0.13035041511587603
2021-08-17,7181.10009765625,7188.60009765625,7118.7001953125,7154.0,573595700,0.003780947430557112,0.005977273302285985,0.09488627205668712
2021-08-18,7169.2998046875,7198.7998046875,7143.60009765625,7181.10009765625,792002500,-0.001644594674536151,0.0059929686460175715,0.09513542791421985
2021-08-19,7058.89990234375,7169.2998046875,6993.10009765625,7169.2998046875,602767800,-0.015518775426849438,0.0061259305467586634,0.09724613265346416
2021-08-20,7087.89990234375,7095.60009765625,7032.5,7058.89990234375,549551400,0.004099872907232095,0.006077183775600658,0.09647230165125541
2021-08-23,7109.0,7147.7998046875,7087.89990234375,7087.89990234375,493195600,0.002972495874116614,0.005844422711622374,0.0927773343101434
2021-08-24,7125.7998046875,7129.7001953125,7076.10009765625,7109.0,582751900,0.0023603861969128622,0.005853828894749581,0.09292665283818893
2021-08-25,7150.10009765625,7151.7998046875,7121.2998046875,7125.7998046875,510382500,0.003404383135865657,0.0057727048858534575,0.09163884912081452
2021-08-26,7125.0,7150.10009765625,7095.39990234375,7150.10009765625,391705500,-0.00351663012541038,0.005838113202506934,0.0926771739580573
2021-08-27,7148.0,7157.60009765625,7108.5,7125.0,425583800,0.0032228711424673677,0.005575815509259094,0.08851332716325916
2021-08-31,7119.7001953125,7160.5,7092.0,7148.0,1002276600,-0.003966980159768412,0.0054411900604990565,0.086376214417902
2021-09-01,7149.7998046875,7187.2998046875,7119.7001953125,7119.7001953125,522902700,0.0042187398321085565,0.005309563163790131,0.08428670221066797
2021-09-02,7163.89990234375,7168.7998046875,7129.7001953125,7149.7998046875,538705600,0.0019701548175037873,0.005279474507440707,0.08380905959876
2021-09-03,7138.39990234375,7182.2001953125,7123.89990234375,7163.89990234375,499092300,-0.003565863863632598,0.00532259661121813,0.08449360177438989
2021-09-06,7187.2001953125,7195.60009765625,7138.39990234375,7138.39990234375,306418900,0.006813045373586215,0.005517343285551722,0.08758510938805131
2021-09-07,7149.39990234375,7187.2001953125,7147.89990234375,7187.2001953125,466824500,-0.0052732698554936825,0.0056568367253478176,0.08979949909540388
2021-09-08,7095.5,7149.39990234375,7061.10009765625,7149.39990234375,567994400,-0.007567643149030344,0.005894659997845551,0.09357482650547919
2021-09-09,7024.2001953125,7095.5,6998.60009765625,7095.5,695389400,-0.01009942275525329,0.006182108839797777,0.09813793540823379
2021-09-10,7029.2001953125,7055.2001953125,7014.39990234375,7024.2001953125,492655900,0.0007115715872306677,0.005834575681172373,0.09262101754780429
2021-09-13,7068.39990234375,7090.7998046875,7029.2001953125,7029.2001953125,545721200,0.005561203011438998,0.005989342327409405,0.09507786189094848
2021-09-14,7034.10009765625,7068.5,7020.10009765625,7068.39990234375,678394800,-0.004864367639947406,0.00596328129066122,0.09466415575808321
2021-09-15,7016.5,7047.2998046875,7016.5,7034.10009765625,772561700,-0.0025052462868707854,0.0057028627188385585,0.09053013909113096
2021-09-16,7027.5,7059.0,7016.2998046875,7016.5,667606300,0.0015665055894964397,0.0056315396694590885,0.08939792078270181
2021-09-17,6963.60009765625,7092.7001953125,6941.7001953125,7027.5,1627774500,-0.00913442777230747,0.005903064910748273,0.09370825036146975
2021-09-20,6903.89990234375,6963.60009765625,6828.2998046875,6963.60009765625,905908000,-0.008610140851994214,0.00523023473396848,0.083027402427436
2021-09-21,6981.0,7004.89990234375,6903.89990234375,6903.89990234375,811822000,0.01110571781401611,0.005771100794164396,0.0916133849546781
2021-09-22,7083.39990234375,7090.5,6981.0,6981.0,623048700,0.014561831647832296,0.0066321225685189176,0.10528168188479992
2021-09-23,7078.39990234375,7131.39990234375,7070.7001953125,7083.39990234375,731206400,-0.0007061249667009216,0.00660729449099576,0.10488754837285127
2021-09-24,7051.5,7080.2001953125,7041.2998046875,7078.39990234375,836348200,-0.003807519519237855,0.006591560373965876,0.10463777700828973
2021-09-27,7063.39990234375,7122.10009765625,7043.2001953125,7051.5,900413700,0.0016861480060731335,0.006576630307255007,0.10440076954684234
2021-09-28,7028.10009765625,7071.39990234375,7015.60009765625,7063.39990234375,819400500,-0.005010095238405426,0.006594389039532516,0.10468268068207873
2021-09-29,7108.2001953125,7117.5,7026.89990234375,7028.10009765625,810850000,0.011332661765874148,0.007056605864243258,0.11202014530192608
2021-09-30,7086.39990234375,7159.60009765625,7072.60009765625,7108.2001953125,868050200,-0.0030716342777015186,0.007013906068401854,0.11134230705694856
2021-10-01,7027.10009765625,7086.39990234375,6989.60009765625,7086.39990234375,815417000,-0.008403323576138806,0.007199680798771861,0.11429138947558327
2021-10-04,7011.0,7072.5,7002.7001953125,7027.10009765625,792854800,-0.0022937726050287644,0.007181618451102796,0.11400465859542526
2021-10-05,7077.10009765625,7084.5,7011.0,7011.0,846145500,0.009383888849085751,0.007339097771598089,0.11650456530742116
2021-10-06,6995.89990234375,7077.10009765625,6945.5,7077.10009765625,944014100,-0.011539983861006688,0.007653519959727582,0.12149586280624959
2021-10-07,7078.0,7094.89990234375,6995.89990234375,6995.89990234375,709629100,0.011667132710361947,0.007976596083834405,0.12662453727982534
2021-10-08,7095.60009765625,7109.2998046875,7070.5,7078.0,707356500,0.002483505472306239,0.007655425842084294,0.12152611775071362
2021-10-11,7146.89990234375,7146.89990234375,7085.89990234375,7095.60009765625,709511700,0.007203795195528496,0.007794994764184202,0.12374170570249184
2021-10-12,7130.2001953125,7146.89990234375,7063.39990234375,7146.89990234375,815613600,-0.0023393706751371076,0.007743729615565665,0.12292789669747534
2021-10-13,7141.7998046875,7152.89990234375,7087.89990234375,7130.2001953125,1041234500,0.0016255061559850102,0.007651473708791693,0.12146337957967121
2021-10-14,7207.7001953125,7216.2001953125,7141.7998046875,7141.7998046875,785955800,0.00918510804393131,0.00782804397312234,0.12426634562975819
2021-10-15,7234.0,7243.89990234375,7206.2998046875,7207.7001953125,813605700,0.0036422074140205624,0.007844925588463737,0.12453433296529252
2021-10-18,7203.7998046875,7234.0,7180.2001953125,7234.0,580835500,-0.004183496068252665,0.007583198958863221,0.12037955152485603
2021-10-19,7217.5,7223.2998046875,7189.5,7203.7998046875,677316100,0.0018999950932996165,0.007212380558238704,0.1144929919071409
2021-10-20,7223.10009765625,7229.2998046875,7199.2998046875,7217.5,655710900,0.0007756046007940739,0.00691467719146342,0.1097670974694166
2021-10-21,7190.2998046875,7227.10009765625,7181.7001953125,7223.10009765625,615511300,-0.004551368839046643,0.006362331544199413,0.10099888214695919
2021-10-22,7204.60009765625,7235.2001953125,7190.2998046875,7190.2998046875,482745100,0.0019868561462851888,0.006359430804507084,0.10095283433189498
2021-10-25,7222.7998046875,7247.5,7204.60009765625,7204.60009765625,590620500,0.0025229378554962453,0.006277549392250475,0.09965300720891651
2021-10-26,7277.60009765625,7281.2001953125,7222.7998046875,7222.7998046875,683335400,0.00755848862597677,0.006431851555859895,0.10210247811893487
2021-10-27,7253.2998046875,7280.5,7247.2998046875,7277.60009765625,606503800,-0.003344640151020595,0.006358416507609409,0.10093673286781397
2021-10-28,7249.5,7257.89990234375,7219.7001953125,7253.2998046875,677063000,-0.00052400982232677,0.005955482976386021,0.094540361356777
2021-10-29,7237.60009765625,7249.5,7192.10009765625,7249.5,875049200,-0.0016428277488115556,0.005915419781782346,0.09390437785888835
2021-11-01,7288.60009765625,7303.39990234375,7237.60009765625,7237.60009765625,644379600,0.0070218238582211824,0.00563998479128006,0.08953198293548142
2021-11-02,7274.7998046875,7288.60009765625,7240.0,7288.60009765625,788360700,-0.001895202657612733,0.005626386409706544,0.0893161153202225
2021-11-03,7248.89990234375,7277.60009765625,7235.2998046875,7274.7998046875,729024900,-0.003566574677398975,0.005455992713187106,0.08661119924444184
2021-11-04,7279.89990234375,7293.0,7247.60009765625,7248.89990234375,988387200,0.004267392690501253,0.004649669471551231,0.07381121460224203
2021-11-05,7304.0,7331.2998046875,7270.0,7279.89990234375,829628100,0.0033050308566567477,0.004096038828035015,0.06502260059667067
2021-11-08,7300.39990234375,7316.5,7293.5,7304.0,617444100,-0.0004930154957744474,0.004111654121772629,0.06527048569994437
2021-11-09,7274.0,7314.10009765625,7268.7998046875,7300.39990234375,780375900,-0.0036227812320955752,0.004019337350677286,0.06380500239099185
2021-11-10,7340.2001953125,7340.2001953125,7270.10009765625,7274.0,908302100,0.009059770255418468,0.004326565806525374,0.06868210293013043
2021-11-11,7384.2001953125,7394.39990234375,7329.7001953125,7340.2001953125,672658500,0.005976492054048438,0.004441452603472866,0.07050587429201745
2021-11-12,7347.89990234375,7402.7001953125,7340.5,7384.2001953125,766415500,-0.004928064049697801,0.0043001643425051245,0.06826299268185682
2021-11-15,7351.89990234375,7363.5,7324.10009765625,7347.89990234375,604752800,0.0005442251121611968,0.004254913027592401,0.06754465032731041
2021-11-16,7327.0,7368.2998046875,7324.10009765625,7351.89990234375,849713500,-0.003392614758900721,0.004212163361862623,0.06686602042239762
2021-11-17,7291.2001953125,7327.0,7290.0,7327.0,980280900,-0.004897986862917483,0.004381808142719639,0.0695590478306039
2021-11-18,7256.0,7291.2998046875,7242.0,7291.2001953125,590225200,-0.004839455502073896,0.004531860731045589,0.07194105882435602
2021-11-19,7223.60009765625,7289.5,7198.7998046875,7256.0,1174484200,-0.004475255697728823,0.004527885658780065,0.07187795650840749
2021-11-22,7255.5,7272.60009765625,7207.7998046875,7223.60009765625,638191500,0.004406344833903852,0.004605213237047087,0.07310549375789603
2021-11-23,7266.7001953125,7293.10009765625,7204.39990234375,7255.5,624614500,0.001542493201108791,0.004586858653885997,0.07281412378312103
2021-11-24,7286.2998046875,7307.89990234375,7246.0,7266.7001953125,661514300,0.0026935506390362977,0.004316193203740095,0.0685174429656206
2021-11-25,7310.39990234375,7311.89990234375,7286.2998046875,7286.2998046875,487924100,0.003302132679177337,0.0042979522746118114,0.06822787719268344
2021-11-26,7044.0,7310.39990234375,7042.10009765625,7310.39990234375,1714871800,-0.037121787834373005,0.00924865139054074,0.14681778925261507
2021-11-29,7110.0,7161.89990234375,7044.0,7044.0,945061900,0.009326053181189864,0.009537658304386298,0.15140563177989677
2021-11-30,7059.5,7110.0,6989.7001953125,7110.0,1459578100,-0.007128016347706769,0.009453402900492293,0.15006811870799575
2021-12-01,7168.7001953125,7182.0,7059.39990234375,7059.5,779578300,0.01535012693230199,0.010143133949635109,0.1610172596733051
2021-12-02,7129.2001953125,7168.7001953125,7083.2001953125,7168.7001953125,724509800,-0.005525300836054678,0.010179755429543564,0.16159860764419062
2021-12-03,7122.2998046875,7196.10009765625,7105.2998046875,7129.2001953125,867111100,-0.0009683740187679328,0.010113524026556419,0.1605472167164693
2021-12-06,7232.2998046875,7246.2998046875,7122.2998046875,7122.2998046875,637274000,0.015326397979884887,0.01069536963103347,0.16978372934176328
2021-12-07,7339.89990234375,7344.7001953125,7232.2998046875,7232.2998046875,783615400,0.014768127725760635,0.011200269798677625,0.1777987710247708
2021-12-08,7337.39990234375,7378.89990234375,7333.60009765625,7339.89990234375,776663000,-0.0003406621187063986,0.011166272185219879,0.1772590756424974
2021-12-09,7321.2998046875,7366.10009765625,7303.0,7337.10009765625,615185100,-0.002196661975760727,0.010999382440935339,0.17460978308403308
2021-12-10,7291.7998046875,7331.60009765625,7284.7998046875,7321.2998046875,533854300,-0.004037478818652976,0.010938640104912273,0.17364552839301214
2021-12-13,7231.39990234375,7309.2001953125,7226.60009765625,7291.7998046875,1173948800,-0.008317760795568726,0.011030330936040961,0.17510107521304014
2021-12-14,7218.60009765625,7284.5,7218.60009765625,7231.39990234375,662325900,-0.0017715997280625985,0.011028205039998122,0.17506732765958496
2021-12-15,7170.7998046875,7224.89990234375,7166.7998046875,7218.60009765625,813609300,-0.006643844652468381,0.01108802931595119,0.17601700859880287
2021-12-16,7260.60009765625,7273.2998046875,7170.7998046875,7170.7998046875,1155236100,0.012445286338739188,0.011425963306814424,0.181381544395081
2021-12-17,7269.89990234375,7286.5,7236.2001953125,7260.60009765625,1477578800,0.0012800393595968306,0.011379672191322672,0.18064669571806333
2021-12-20,7198.0,7269.89990234375,7101.0,7269.89990234375,925062200,-0.009939313202845102,0.011550487061403502,0.18335829771685744
2021-12-21,7297.39990234375,7297.39990234375,7198.0,7198.0,683669700,0.013714897290011678,0.011907936023272357,0.18903262407387664
2021-12-22,7341.7001953125,7341.7001953125,7273.5,7297.39990234375,514772900,0.006052343095265524,0.011972444653990364,0.19005666683965955
2021-12-23,7373.2998046875,7385.39990234375,7331.10009765625,7341.7001953125,422671500,0.004294890648872258,0.011992271260722831,0.19037140446419784
2021-12-24,7372.10009765625,7403.7001953125,7368.7998046875,7373.2998046875,126005500,-0.00016272288874396969,0.011976558126256318,0.1901219661875036
2021-12-29,7420.7001953125,7457.10009765625,7372.10009765625,7372.10009765625,445975700,0.00657080086993989,0.00839055132387914,0.13319587299424784
2021-12-30,7403.0,7433.39990234375,7403.0,7420.7001953125,266402700,-0.0023880952112229417,0.00830163180060875,0.13178431932261658
2021-12-31,7384.5,7403.0,7357.10009765625,7403.0,179343800,-0.0025021145767333895,0.00810858655877079,0.1287198211124912
2022-01-04,7505.2001953125,7520.7998046875,7384.5,7384.5,934179500,0.016212930770477786,0.008180716133469745,0.12986484261344897
2022-01-05,7516.89990234375,7530.0,7484.2998046875,7505.2001953125,707511200,0.0015576662811189448,0.00799076679504588,0.1268494903464242
2022-01-06,7450.39990234375,7516.89990234375,7420.0,7516.89990234375,843728700,-0.008886096818031503,0.008342716351551815,0.1324365163497493
2022-01-07,7485.2998046875,7485.2998046875,7431.89990234375,7450.39990234375,705191000,0.004673362018121931,0.007807846842902681,0.12394572612720776
2022-01-10,7445.2998046875,7496.10009765625,7422.89990234375,7485.2998046875,1047171300,-0.005358136544441921,0.007336482093070973,0.11646304269806651
2022-01-11,7491.39990234375,7497.10009765625,7445.2998046875,7445.2998046875,727102400,0.006172748323126084,0.007428329297473631,0.11792107186686221
2022-01-12,7551.7001953125,7564.2001953125,7491.39990234375,7491.39990234375,873805500,0.00801704642666863,0.007542800622279951,0.11973824781297596
2022-01-13,7563.89990234375,7566.5,7530.10009765625,7551.7001953125,776326000,0.0016141879384738895,0.007436338004107407,0.11804820614331968
2022-01-14,7543.0,7568.2001953125,7523.0,7563.89990234375,790074900,-0.0027669364082479613,0.007154083231557032,0.11356755053614333
2022-01-17,7611.2001953125,7616.10009765625,7543.0,7543.0,812336800,0.009000891485582505,0.0072549549505598705,0.11516883943294992
2022-01-18,7563.60009765625,7613.10009765625,7532.0,7611.2001953125,953228000,-0.006273592120803638,0.007231980046314193,0.11480412413477241
2022-01-19,7589.7001953125,7614.89990234375,7525.2001953125,7563.60009765625,867104400,0.003444810432294618,0.0068733857770861325,0.10911161658707007
2022-01-20,7585.0,7619.0,7549.89990234375,7589.7001953125,786613700,-0.0006194778680716237,0.006897324065276288,0.10949162513125255
2022-01-21,7494.10009765625,7585.0,7450.5,7585.0,819199800,-0.01205655547840585,0.007093568914963343,0.11260691554134775
2022-01-24,7297.2001953125,7494.10009765625,7283.39990234375,7494.10009765625,1332106600,-0.02662531762475952,0.008957037545349296,0.14218856297317597
2022-01-25,7371.5,7382.60009765625,7297.2001953125,7297.2001953125,851981700,0.01013047361040723,0.009137244497687979,0.14504925965565413
2022-01-26,7469.7998046875,7525.60009765625,7371.5,7371.5,783181000,0.013246985569899342,0.009538216523356959,0.1514144932313377
2022-01-27,7554.2998046875,7596.7001953125,7388.7998046875,7469.7998046875,1022547800,0.011248712828342233,0.009812558296385472,0.15576953386535755
2022-01-28,7466.10009765625,7554.2998046875,7420.2001953125,7554.2998046875,1529106100,-0.011744124170291338,0.010117033159387412,0.1606029224731991
2022-01-31,7464.39990234375,7524.0,7450.89990234375,7466.10009765625,761419500,-0.0002277479414419211,0.010099403193857024,0.1603230554467028
2022-02-01,7535.7998046875,7549.2998046875,7463.0,7464.39990234375,746456700,0.009519932131559706,0.010266421107766866,0.16297438263489225
2022-02-02,7583.0,7605.60009765625,7535.7998046875,7535.7998046875,719672400,0.006243927992993088,0.0097433033951217,0.1546701463904599
2022-02-03,7528.7998046875,7605.7998046875,7528.7001953125,7583.0,911775100,-0.007173259098407008,0.009880824408774526,0.15685322480348526
2022-02-04,7516.39990234375,7599.7001953125,7497.2001953125,7528.7998046875,885041900,-0.0016483536799543857,0.009676733126895357,0.15361337614383327
2022-02-07,7573.5,7591.7001953125,7508.5,7516.39990234375,1073651000,0.007568025044505868,0.009760603379463795,0.15494477512798688
2022-02-08,7567.10009765625,7631.2998046875,7548.2001953125,7573.5,804533800,-0.0008453961776462685,0.009673128443962757,0.1535561535762639
2022-02-09,7643.39990234375,7657.89990234375,7567.10009765625,7567.10009765625,992005300,0.01003260177781658,0.009816475901881214,0.15583172392461708
2022-02-10,7672.39990234375,7687.2998046875,7622.7001953125,7643.39990234375,831756900,0.00378694355202944,0.0097071420305583,0.1540961025242389
2022-02-11,7661.0,7672.39990234375,7596.10009765625,7672.39990234375,909140800,-0.0014869376024587138,0.009717002542954226,0.15425263330583464
2022-02-14,7531.60009765625,7661.0,7483.39990234375,7661.0,925229500,-0.017035007928345218,0.01043689914663142,0.16568063760389393
2022-02-15,7608.89990234375,7608.89990234375,7513.2001953125,7531.60009765625,808114200,0.010211086335759343,0.010492692916358392,0.16656633624032016
2022-02-16,7603.7998046875,7630.7001953125,7560.89990234375,7608.89990234375,1128096000,-0.0006705052943320873,0.010396369634750973,0.16503725154872692
2022-02-17,7537.39990234375,7607.2001953125,7499.89990234375,7603.7998046875,776929900,-0.008770814637036325,0.010549435171134703,0.16746709161012327
2022-02-18,7513.60009765625,7570.60009765625,7508.7001953125,7537.39990234375,768986400,-0.0031625572419340525,0.010567513772385318,0.16775408050788945
2022-02-21,7484.2998046875,7571.10009765625,7446.39990234375,7513.60009765625,622636900,-0.0039072577408836755,0.010265308418570906,0.16295671924149813
2022-02-22,7494.2001953125,7531.2998046875,7365.0,7484.2998046875,1018787100,0.0013219470663657874,0.008266381637581102,0.13122474033234277
2022-02-23,7498.2001953125,7550.0,7490.5,7494.2001953125,862648700,0.0005336036912957366,0.008013367747600036,0.127208269345533
2022-02-24,7207.0,7498.2001953125,7204.7001953125,7498.2001953125,1966584700,-0.039610241843269715,0.011468470875400002,0.18205633112697378
2022-02-25,7489.5,7497.89990234375,7207.39990234375,7207.39990234375,1381725400,0.03844926368433252,0.01421245544956621,0.2256157358348213
2022-02-28,7458.2998046875,7489.5,7361.60009765625,7489.5,1584580200,-0.0041745596048256926,0.014005110420701038,0.22232423554304478
2022-03-01,7330.2001953125,7499.2998046875,7327.7998046875,7458.2998046875,1349616800,-0.01732465272097179,0.014504021486302962,0.23024420317857033
2022-03-02,7429.60009765625,7462.2001953125,7320.7998046875,7330.2001953125,1325548600,0.013469207323035887,0.014670044640714001,0.23287973904927084
2022-03-03,7238.89990234375,7468.7998046875,7231.5,7429.60009765625,1226956300,-0.026002786961483657,0.015569614060155584,0.24715996087455794
2022-03-04,6987.10009765625,7238.89990234375,6980.89990234375,7238.89990234375,1560387400,-0.03540364192358721,0.017157231165299422,0.2723626010989752
2022-03-07,6959.5,7030.7001953125,6788.0,6987.10009765625,2177431900,-0.00395797305348608,0.017151794933598814,0.2722763035960804
2022-03-08,6964.10009765625,7013.5,6893.60009765625,6959.5,1443985900,0.0006607627038059291,0.016991072953708636,0.26972492126201236
2022-03-09,7190.7001953125,7190.7001953125,6964.10009765625,6964.10009765625,1239463500,0.03202015620761313,0.018721167056737195,0.29718931371012997
2022-03-10,7099.10009765625,7192.7998046875,7066.0,7190.7001953125,1139094000,-0.012820522391501832,0.018624496573156755,0.2956547173580848
2022-03-11,7155.60009765625,7260.39990234375,7099.0,7099.10009765625,973207200,0.007927251377215803,0.01872732142268499,0.29728701124078083
2022-03-14,7193.5,7222.89990234375,7144.0,7155.60009765625,916048600,0.0052825599124994415,0.018818504483609198,0.2987344974587035
2022-03-15,7175.7001953125,7193.5,7075.7998046875,7193.5,870528100,-0.002477495413820058,0.018541673784594807,0.29433994634954197
2022-03-16,7291.7001953125,7312.2001953125,7175.7001953125,7175.7001953125,1914129400,0.016036396698151895,0.018780326193014885,0.29812843588433885
2022-03-17,7385.2998046875,7385.2998046875,7260.5,7291.7001953125,1095585500,0.012754769817082137,0.019055327230279966,0.3024939420136681
2022-03-18,7404.7001953125,7406.10009765625,7318.89990234375,7385.2998046875,2316358900,0.0026234485127657812,0.018996740057274975,0.30156389947493095
2022-03-21,7442.39990234375,7465.0,7402.60009765625,7404.7001953125,811977600,0.005078404241474185,0.01903157629288658,0.3021169075711827
2022-03-22,7476.7001953125,7490.5,7442.39990234375,7442.39990234375,1017354500,0.004598179941042888,0.01904489739910843,0.30232837357669046
2022-03-23,7460.60009765625,7521.10009765625,7459.39990234375,7476.7001953125,859391300,-0.0021556912661918077,0.019047505635995082,0.302369778053665
2022-03-24,7467.39990234375,7492.0,7453.2998046875,7460.60009765625,737167300,0.0009110135527585148,0.019048424297998367,0.3023843613608627
2022-03-25,7483.39990234375,7502.7001953125,7441.2998046875,7467.39990234375,870705400,0.002140354538509718,0.01677173323017666,0.2662430110953928
2022-03-28,7473.10009765625,7539.2998046875,7471.5,7483.39990234375,775526800,-0.0013773016836416832,0.014519966034041465,0.2304973150270712
2022-03-29,7537.2998046875,7584.10009765625,7473.10009765625,7473.10009765625,1172893900,0.008554082358711995,0.014606977600711458,0.2318785808266407
2022-03-30,7578.7998046875,7578.7998046875,7523.7998046875,7537.2998046875,1036020900,0.005490848213375551,0.014052755778067883,0.22308058214336163
2022-03-31,7515.7001953125,7595.39990234375,7515.7001953125,7578.7998046875,925410900,-0.008360658111626503,0.013936870969261285,0.22124096783436645
2022-04-01,7537.89990234375,7552.5,7508.89990234375,7515.7001953125,811395500,0.0029494237897055896,0.012541122798972152,0.19908415252561562
2022-04-04,7558.89990234375,7574.2998046875,7532.2001953125,7537.89990234375,837403600,0.002782048356780275,0.009174113412879386,0.1456345355398853
2022-04-05,7613.7001953125,7613.7001953125,7536.2001953125,7558.89990234375,1212100600,0.007223617693572317,0.009027963160982,0.14331447221646573
2022-04-06,7587.7001953125,7614.10009765625,7536.2001953125,7613.7001953125,1102885900,-0.0034207408113807133,0.009152804842064117,0.14529627246485682
2022-04-07,7551.7998046875,7601.5,7537.2998046875,7587.7001953125,1153908000,-0.0047426213435901475,0.006740127690543899,0.10699621004399563
2022-04-08,7669.60009765625,7669.60009765625,7551.7998046875,7551.7998046875,919254100,0.015478555934919412,0.006378149881975835,0.10124999047442418
2022-04-11,7618.2998046875,7669.60009765625,7611.7001953125,7669.60009765625,835767000,-0.006711253455000224,0.006683463788001877,0.10609669847735209
2022-04-12,7576.7001953125,7618.2998046875,7543.0,7618.2998046875,772543400,-0.005475447621778853,0.006907008236843169,0.10964535658897046
2022-04-13,7580.7998046875,7597.89990234375,7550.89990234375,7576.7001953125,742706800,0.0005409347814567371,0.006829847651865819,0.10842047027577244
2022-04-14,7616.39990234375,7622.39990234375,7551.39990234375,7580.7998046875,1005764400,0.004685095078221683,0.006127624369667855,0.09727302125856038
2022-04-19,7601.2998046875,7624.89990234375,7565.7998046875,7616.39990234375,846777100,-0.001984544695036584,0.005670192994889379,0.090011523301307
2022-04-20,7629.2001953125,7637.89990234375,7590.60009765625,7601.2998046875,1212543400,0.003663756519374178,0.005686188094900407,0.09026543764225571
2022-04-21,7628.0,7656.5,7596.2998046875,7629.2001953125,764750300,-0.00015732838261427217,0.005632394388474823,0.08941148902644064
2022-04-22,7521.7001953125,7628.0,7521.7001953125,7628.0,694792900,-0.014033485528677687,0.006470900432941816,0.10272235982534543
2022-04-25,7380.5,7521.7001953125,7339.5,7521.7001953125,755160100,-0.018950815214580544,0.0077074752913038535,0.12235237714179065
2022-04-26,7386.2001953125,7463.2001953125,7380.5,7380.5,847986700,0.0007720337679011335,0.007706250062771571,0.12233292724181681
2022-04-27,7425.60009765625,7458.2001953125,7344.89990234375,7386.2001953125,958503900,0.005320081893252912,0.007791910813056856,0.12369274949606122
2022-04-28,7509.2001953125,7519.7001953125,7425.60009765625,7425.60009765625,917004000,0.011195458821762753,0.008183751645487208,0.1299130298728487
2022-04-29,7544.60009765625,7569.7998046875,7509.2001953125,7509.2001953125,983441700,0.004703127038601967,0.008029583226153146,0.1274656820873816
2022-05-03,7561.2998046875,7561.2998046875,7475.7001953125,7544.60009765625,1342876200,0.0022110187333952576,0.00794988512522889,0.12620051395732335
2022-05-04,7493.5,7572.7001953125,7493.5,7561.2998046875,699267900,-0.00900712914691445,0.007984607095495,0.12675170814744918
2022-05-05,7503.2998046875,7619.39990234375,7493.5,7493.5,931632400,0.001306919637522715,0.007960831394067377,0.1263742805881075
2022-05-06,7387.89990234375,7503.2998046875,7354.10009765625,7503.2998046875,1089227300,-0.01549938417636534,0.008590875360259655,0.13637591848559683
2022-05-09,7216.60009765625,7391.60009765625,7216.60009765625,7387.89990234375,803955700,-0.02345957216947118,0.009650222554269916,0.15319253385014828
2022-05-10,7243.2001953125,7311.7001953125,7216.60009765625,7216.60009765625,919988500,0.0036791832699032893,0.009742151686391498,0.15465186358116254
2022-05-11,7347.7001953125,7349.7001953125,7239.0,7243.2001953125,1206944700,0.01432424100032349,0.010363267573602375,0.16451177261862984
2022-05-12,7233.2998046875,7347.7001953125,7158.5,7347.7001953125,966343100,-0.015692029093924455,0.01006726717129927,0.15981291190381533
2022-05-13,7418.2001953125,7422.0,7233.2998046875,7233.2998046875,871946000,0.02524112990700308,0.011723235483135698,0.18610059389655123
2022-05-16,7464.7998046875,7464.7998046875,7361.7001953125,7418.2001953125,814978400,0.00626214629530434,0.011792184684678231,0.1871951285388193
2022-05-17,7518.39990234375,7538.7001953125,7464.7998046875,7464.7998046875,821412200,0.007154723604237525,0.011914904627549133,0.18914324723728607
2022-05-18,7438.10009765625,7526.10009765625,7438.10009765625,7518.39990234375,830397600,-0.010737883361431048,0.012060645450621086,0.19145681107959558
2022-05-19,7302.7001953125,7438.10009765625,7228.7001953125,7438.10009765625,1037438100,-0.018371283485190945,0.012635254384755771,0.2005784451246132
2022-05-20,7390.0,7453.5,7302.7001953125,7302.7001953125,790841400,0.01188356542928539,0.0129401391622146,0.20541834092272518
2022-05-23,7513.39990234375,7513.39990234375,7390.0,7390.0,819767300,0.0165603450608964,0.013528810722623819,0.21476321223915998
2022-05-24,7484.39990234375,7529.7001953125,7434.5,7513.39990234375,1113802600,-0.0038672387310398626,0.013206676536844727,0.20964949057297744
2022-05-25,7522.7998046875,7546.39990234375,7484.39990234375,7484.39990234375,898078000,0.0051175418330788175,0.012528352598561247,0.19888143187873736
2022-05-26,7564.89990234375,7575.5,7512.5,7522.7998046875,709669900,0.0055807323501238315,0.01256959409672376,0.19953612036573978
2022-05-27,7585.5,7597.60009765625,7542.7998046875,7564.89990234375,713185000,0.00271941473284061,0.012539108450333035,0.1990521757322983
2022-05-30,7600.10009765625,7625.60009765625,7576.39990234375,7585.5,1009169800,0.0019228877437850263,0.012324090662521162,0.19563887416826548
2022-05-31,7607.7001953125,7648.2998046875,7591.7998046875,7600.10009765625,1620576000,0.0009995000121710731,0.012288479952512765,0.1950735716721095
2022-06-01,7533.0,7639.2001953125,7529.2001953125,7607.7001953125,734829800,-0.009867549118408684,0.012480481697345619,0.19812150488081878
2022-06-06,7608.2001953125,7646.7001953125,7532.7998046875,7533.0,696171700,0.009933269843090725,0.012494941181729361,0.19835104207941243
2022-06-07,7598.89990234375,7617.5,7570.7001953125,7608.2001953125,750124500,-0.0012231515632224305,0.01250122928041714,0.1984508625514962
2022-06-08,7593.0,7616.2001953125,7550.7001953125,7598.89990234375,776478300,-0.000776716892329148,0.011953897135190118,0.18976223410656304
2022-06-09,7476.2001953125,7593.0,7472.2998046875,7593.0,771939100,-0.015502102597104415,0.011234119846647054,0.17833612387753908
2022-06-10,7317.5,7476.2001953125,7294.2001953125,7476.2001953125,911375600,-0.021455928050088426,0.012299277026705444,0.19524496991131518
2022-06-13,7205.7998046875,7317.5,7174.0,7317.5,980090400,-0.015382509396975398,0.01233639435319552,0.19583418920266116
2022-06-14,7187.5,7271.89990234375,7135.2001953125,7205.7998046875,864847700,-0.002542824063459646,0.011874650847206597,0.18850423828458665
2022-06-15,7273.39990234375,7313.7001953125,7186.5,7187.5,1089092800,0.011880438047688607,0.010741494181772891,0.1705159338853098
2022-06-16,7045.0,7273.39990234375,7039.5,7273.39990234375,1162889200,-0.03190569882051383,0.012540586849083615,0.19907564458489405
2022-06-17,7016.2998046875,7130.60009765625,6998.2001953125,7045.0,1908921300,-0.004082159624815188,0.012334595871393007,0.19580563918913962
2022-06-20,7121.7998046875,7129.60009765625,7016.2001953125,7016.2998046875,666757200,0.014924489311414536,0.012821561394124577,0.20353597721040145
2022-06-21,7152.10009765625,7193.89990234375,7119.2998046875,7121.7998046875,580244500,0.004245558493336111,0.012323986046839154,0.19563721344579849
2022-06-22,7089.2001953125,7152.10009765625,7030.0,7152.10009765625,1204359700,-0.008833506781020802,0.012068288242802518,0.19157813664420087
2022-06-23,7020.5,7115.7998046875,7014.2001953125,7089.2001953125,763870700,-0.009738086176998279,0.011393953511438433,0.18087340464658339
2022-06-24,7208.7998046875,7211.10009765625,7016.0,7020.5,772223900,0.026468034272508687,0.01310392799218682,0.20801840799254562
2022-06-27,7258.2998046875,7284.5,7208.5,7208.7998046875,802411400,0.006843139883490644,0.013154698741160846,0.20882436864651618
2022-06-28,7323.39990234375,7362.39990234375,7258.2998046875,7258.2998046875,735789800,0.008929072946303582,0.013267226188936209,0.21061068650141068
2022-06-29,7312.2998046875,7345.5,7263.5,7323.39990234375,718640800,-0.001516852628400757,0.013231301968262579,0.2100404071777333
2022-06-30,7169.2998046875,7312.2998046875,7110.7001953125,7312.2998046875,903650800,-0.019749841453615177,0.013765222962957771,0.2185161402080516
2022-07-01,7168.7001953125,7214.7998046875,7101.39990234375,7169.2998046875,677216200,-8.363919310213807e-05,0.013752381395383423,0.21831228664257588
2022-07-04,7232.7001953125,7258.5,7168.7001953125,7168.7001953125,420674600,0.008888083045574207,0.013880934491855053,0.2203530037837632
2022-07-05,7025.5,7260.2998046875,7016.7998046875,7232.7001953125,1105144500,-0.02906605038106109,0.014792309263808574,0.23482062977036655
2022-07-06,7107.7998046875,7198.7001953125,7025.39990234375,7025.5,933905000,0.01164635804359683,0.015166021980080215,0.24075313522458977
2022-07-07,7189.10009765625,7213.10009765625,7107.7998046875,7107.7998046875,1108987400,0.011373258521559584,0.015490629387357822,0.2459061180649058
2022-07-08,7196.2001953125,7210.60009765625,7129.2001953125,7189.10009765625,604222100,0.0009871324321630058,0.015219630904218948,0.24160415051253867
2022-07-11,7196.60009765625,7204.10009765625,7097.39990234375,7196.2001953125,676893400,5.556977595930116e-05,0.014540558167819148,0.23082420501671072
2022-07-12,7209.89990234375,7216.89990234375,7143.2998046875,7196.60009765625,855143900,0.0018463621928729386,0.014157234322259257,0.22473912761499631
2022-07-13,7156.39990234375,7209.89990234375,7104.10009765625,7209.89990234375,805881600,-0.007448020442880891,0.014241967397422776,0.2260842234832228
2022-07-14,7039.7998046875,7157.60009765625,7007.10009765625,7156.39990234375,848278400,-0.016427314656073694,0.014379734573027794,0.22827120959609465
2022-07-15,7159.0,7167.89990234375,7038.2001953125,7039.7998046875,782905500,0.016790573482593277,0.013110987082955699,0.20813046758448572
2022-07-18,7223.2001953125,7268.89990234375,7159.0,7159.0,670662200,0.008927788636692614,0.013177730789142876,0.20918999107338593
2022-07-19,7296.2998046875,7309.0,7174.39990234375,7223.2001953125,665883200,0.010069248528298158,0.012969227137486952,0.20588009821500344
2022-07-20,7264.2998046875,7347.60009765625,7253.60009765625,7296.2998046875,1059158500,-0.0043954304600025374,0.013003225774488859,0.20641980984553665
2022-07-21,7270.5,7274.7001953125,7200.10009765625,7264.2998046875,798169600,0.0008531518523672028,0.012817071325754957,0.2034646995847473
2022-07-22,7276.39990234375,7315.2998046875,7254.0,7270.5,606877600,0.0008111560135639202,0.012571204547598422,0.199561685480818
2022-07-25,7306.2998046875,7309.7001953125,7242.89990234375,7276.39990234375,711402100,0.004100741953736014,0.011245899080031275,0.17852311341055693
2022-07-26,7306.2998046875,7365.39990234375,7301.2001953125,7306.2998046875,730984300,0.0,0.01115594472488926,0.1770951322922392
2022-07-27,7348.2001953125,7365.2001953125,7306.2998046875,7306.2998046875,1188866700,0.005718448914094675,0.01105350389519156,0.1754689345353638
2022-07-28,7345.2998046875,7396.2001953125,7309.0,7348.2001953125,745838600,-0.0003947855395474368,0.011047698291482888,0.17537677343362135
2022-07-29,7423.39990234375,7441.2001953125,7345.2998046875,7345.2998046875,883363000,0.010576533783911496,0.010261675751329517,0.16289905243679872
2022-08-01,7413.39990234375,7471.89990234375,7408.89990234375,7446.0,558506400,-0.0013479997905064738,0.010276107562230982,0.16312815033248027
2022-08-02,7409.10009765625,7433.2998046875,7386.7998046875,7413.39990234375,623919300,-0.0005801726845146989,0.01014717706843904,0.16108144219456283
2022-08-03,7445.7001953125,7445.89990234375,7372.7001953125,7409.10009765625,947917500,0.004927723159661764,0.007435425763539299,0.11803372477324522
2022-08-04,7448.10009765625,7491.7001953125,7417.5,7445.7001953125,858684300,0.00032226863759584674,0.0071649159944180245,0.11373951531539486
2022-08-05,7439.7001953125,7470.60009765625,7420.2001953125,7448.10009765625,609722300,-0.0011284277152819589,0.006880704465907169,0.10922779717033126
2022-08-08,7482.39990234375,7513.7998046875,7439.7001953125,7439.7001953125,626255900,0.0057230313826267965,0.00693591338056458,0.11010421152035504
2022-08-09,7488.2001953125,7504.60009765625,7475.0,7482.39990234375,648601100,0.0007748912162703653,0.006928343314496446,0.1099840404470074
2022-08-10,7507.10009765625,7520.7001953125,7468.60009765625,7488.2001953125,766193200,0.0025207781081405607,0.006929686960846086,0.11000537017155439
2022-08-11,7465.89990234375,7515.0,7460.10009765625,7507.10009765625,630220500,-0.00550327914180897,0.006810149255448981,0.10810776792689814
2022-08-12,7500.89990234375,7516.7998046875,7464.10009765625,7465.89990234375,497719500,0.004677027054224202,0.005353843408313573,0.08498962930068091
2022-08-15,7509.2001953125,7539.2001953125,7463.5,7500.89990234375,460509300,0.001105961154261398,0.004333749932686608,0.06879614739739005
2022-08-16,7536.10009765625,7563.7001953125,7509.2001953125,7509.2001953125,514362800,0.003575858305715734,0.004072395573932637,0.06464727557343547
2022-08-17,7515.7998046875,7554.0,7501.5,7536.10009765625,505660900,-0.002697374472181084,0.00375082606641105,0.05954251789669366
2022-08-18,7541.89990234375,7541.89990234375,7493.7001953125,7515.7998046875,606626300,0.003466681405931355,0.003527993998213795,0.05600516847721294
2022-08-19,7550.39990234375,7578.89990234375,7513.2998046875,7541.89990234375,726312000,0.001126402338771503,0.0035248846751202096,0.05595580950330467
2022-08-22,7533.7998046875,7550.39990234375,7491.2998046875,7550.39990234375,575411700,-0.0022009923867456725,0.0036268945327235973,0.05757516579027872
2022-08-23,7488.10009765625,7533.7998046875,7467.60009765625,7533.7998046875,673045500,-0.006084429840824636,0.003950142872698027,0.06270657410599952
2022-08-24,7471.5,7488.10009765625,7410.39990234375,7488.10009765625,579010600,-0.0022193246291875293,0.004012221168632155,0.06369203650313777
2022-08-25,7479.7001953125,7535.7001953125,7469.2001953125,7471.5,438562000,0.001096928143241855,0.003868365398077161,0.06140839694183728
2022-08-26,7427.2998046875,7530.7001953125,7422.0,7479.7001953125,627296800,-0.0070303356076518945,0.004228872787946866,0.06713127433821474
2022-08-30,7361.60009765625,7486.39990234375,7351.10009765625,7427.2998046875,1120430700,-0.008885061050205458,0.0040453033356221265,0.06421719962325723
2022-08-31,7284.2001953125,7378.39990234375,7263.60009765625,7361.60009765625,1154010300,-0.010569667942145396,0.004614102323701427,0.07324660363391534
2022-09-01,7148.5,7284.2001953125,7131.7001953125,7284.2001953125,746248100,-0.018805101255468228,0.006052937712868928,0.09608740733769164
2022-09-02,7281.2001953125,7288.7001953125,7148.5,7148.5,820948300,0.018393166126742994,0.007362309478515769,0.11687303973147815
2022-09-05,7287.39990234375,7288.5,7191.2001953125,7281.2001953125,670793100,0.0008511054410083659,0.007368189861270263,0.11696638791377174
2022-09-06,7300.39990234375,7324.2001953125,7256.5,7287.39990234375,836364000,0.0017823117420596299,0.0073937503888063996,0.11737214870921316
2022-09-07,7237.7998046875,7300.39990234375,7186.60009765625,7300.39990234375,1176357500,-0.008611861964701754,0.007413406855512033,0.11768418544455711
2022-09-08,7262.10009765625,7273.0,7175.7998046875,7237.7998046875,676276000,0.0033517908237364856,0.007475448760592845,0.11866907015480813
2022-09-09,7351.10009765625,7386.60009765625,7262.10009765625,7262.10009765625,703941600,0.012180918519419546,0.008010713083741017,0.1271661278632204
2022-09-12,7473.0,7483.0,7351.10009765625,7351.10009765625,903301500,0.016446549772805963,0.008788028586363466,0.13950562892426546
2022-09-13,7385.89990234375,7514.0,7385.89990234375,7473.0,712367700,-0.011723760959500428,0.009079748923610888,0.1441365457126849
2022-09-14,7277.2998046875,7385.89990234375,7259.2001953125,7385.89990234375,1021172400,-0.014812876532202337,0.009569597866512774,0.1519126566101225
2022-09-15,7282.10009765625,7329.0,7258.7001953125,7277.2998046875,843763100,0.0006594081040271144,0.00951334353820451,0.15101964683287458
2022-09-16,7236.7001953125,7297.10009765625,7236.2001953125,7282.10009765625,2140678300,-0.006253967187558085,0.0095647653718867,0.1518359431361666
2022-09-20,7192.7001953125,7326.5,7171.2001953125,7236.7001953125,1046871600,-0.006098678418551247,0.009529008631488622,0.15126832247944094
2022-09-21,7237.60009765625,7258.89990234375,7170.7001953125,7192.7001953125,1446128700,0.006223023267931892,0.00968315973185115,0.15371539533475817
2022-09-22,7159.5,7243.89990234375,7149.60009765625,7237.60009765625,906687400,-0.01084952709037598,0.00987351904806792,0.15673725579748146
2022-09-23,7018.60009765625,7169.10009765625,6981.5,7159.5,982104000,-0.019876364268559377,0.010563576831003684,0.1676915835009572
2022-09-26,7021.0,7071.10009765625,6937.39990234375,7018.60009765625,1161459400,0.00034187617174729305,0.01058880685575106,0.16809209772727857
2022-09-27,6984.60009765625,7074.0,6984.60009765625,7021.0,1223459100,-0.005197918553346126,0.01055722799096332,0.167590798789794
2022-09-28,7005.39990234375,7011.5,6836.2998046875,6984.60009765625,1525149400,0.0029735268067543437,0.010604246531261102,0.1683371949776172
2022-09-29,6881.60009765625,7005.39990234375,6829.2998046875,7005.39990234375,1165954500,-0.017830069050263162,0.011032536907256033,0.17513609392044682
2022-09-30,6893.7998046875,6954.89990234375,6840.10009765625,6881.60009765625,1171310300,0.0017712313700083853,0.010949319686611532,0.17381506149670678
2022-10-03,6908.7998046875,6923.7998046875,6797.39990234375,6893.7998046875,1216065800,0.002173504459980518,0.010339113314276373,0.16412833563895246
2022-10-04,7086.5,7088.2001953125,6908.7001953125,6908.7998046875,1121827800,0.02539563255657696,0.011101769340752592,0.17623512473059708
2022-10-05,7052.60009765625,7086.5,6978.0,7086.5,868625500,-0.004795208615473278,0.011115669260423091,0.17645577911474858
2022-10-06,6997.2998046875,7079.7001953125,6961.10009765625,7052.60009765625,995714800,-0.007872024559191953,0.011170056065222195,0.17731914287535963
2022-10-07,6991.10009765625,7022.39990234375,6960.39990234375,6997.2998046875,807923600,-0.0008864069486811992,0.011068835125948745,0.1757123102786201
2022-10-10,6959.2998046875,6999.2001953125,6922.89990234375,6991.10009765625,918512600,-0.00455905899073131,0.011024574265455328,0.1750096909005443
2022-10-11,6885.2001953125,6959.39990234375,6860.2998046875,6959.2998046875,813949300,-0.010704657728527266,0.010675370128925573,0.16946624708822763
2022-10-12,6826.2001953125,6916.89990234375,6793.7998046875,6885.2001953125,973810400,-0.00860603037844421,0.009738417529200155,0.1545925856734542
2022-10-13,6850.2998046875,6872.89990234375,6707.60009765625,6826.2001953125,1116625200,0.003524240020272473,0.009726515629085067,0.15440364886645228
2022-10-14,6858.7998046875,6976.2998046875,6850.2998046875,6850.2998046875,881210300,0.0012400524223214022,0.00942613299804906,0.14963522242714503
2022-10-17,6920.2001953125,6959.7001953125,6850.39990234375,6858.7998046875,951222700,0.00891222832320111,0.009745104176575713,0.15469873290981728
2022-10-18,6936.7001953125,7017.39990234375,6920.2001953125,6920.2001953125,932599200,0.0023814860947462516,0.00975774618912506,0.15489941863747886
2022-10-19,6925.0,6968.2998046875,6890.7001953125,6936.7001953125,699543100,-0.0016881331909128832,0.009712843143647357,0.1541866048888183
2022-10-20,6943.89990234375,6954.2001953125,6894.89990234375,6925.0,814484300,0.0027255101956909994,0.009597584171763403,0.15235692543297472
2022-10-21,6969.7001953125,6976.2001953125,6864.10009765625,6943.89990234375,668448000,0.003708647993221564,0.009448965220750278,0.1499976727260226
2022-10-24,7014.0,7047.39990234375,6914.7001953125,6969.7001953125,620033900,0.006335941455671863,0.008558879091677697,0.13586799346829748
2022-10-25,7013.5,7025.2001953125,6949.2001953125,7014.0,621328900,-7.128854039735269e-05,0.008558453428164449,0.135861236269508
2022-10-26,7056.10009765625,7057.39990234375,6960.10009765625,7013.5,1054624200,0.006055641602050739,0.008572367929959392,0.13608212213770868
2022-10-27,7073.7001953125,7093.10009765625,7034.2001953125,7056.10009765625,920365100,0.0024912038944149336,0.008566010851828856,0.13598120665091826
2022-10-28,7047.7001953125,7073.7001953125,6997.5,7073.7001953125,683640200,-0.0036823584999039153,0.007551737679941125,0.11988011920512062
2022-10-31,7094.5,7132.89990234375,7030.10009765625,7047.7001953125,881761300,0.006618485791080257,0.007645628879745758,0.12137059579500382
2022-11-01,7186.2001953125,7221.2998046875,7094.5,7094.5,879817800,0.012842711412976457,0.00804594152110355,0.12772536196925247
2022-11-02,7144.10009765625,7205.10009765625,7130.5,7186.2001953125,688038000,-0.005875692472122633,0.006144123767965614,0.09753494108662883
2022-11-03,7188.60009765625,7188.60009765625,7076.5,7144.10009765625,721711200,0.006209596570563766,0.00614946655251482,0.0976197551619836
2022-11-04,7334.7998046875,7376.2001953125,7188.60009765625,7188.60009765625,960620800,0.020133666588026223,0.00711133633079559,0.11288896452374213
2022-11-07,7300.0,7346.7001953125,7288.0,7334.7998046875,718412900,-0.004755769910329587,0.007245342490837093,0.11501624636546535
2022-11-08,7306.10009765625,7313.5,7244.7998046875,7300.0,959888700,0.0008352808717086312,0.007093004306948986,0.11259795266698241
2022-11-09,7296.2998046875,7307.7998046875,7263.5,7306.10009765625,529922700,-0.0013422854470153019,0.006503423698412023,0.10323865065889283
2022-11-10,7375.2998046875,7405.10009765625,7253.39990234375,7296.2998046875,769446200,0.010769209303646403,0.006176219938039073,0.09804445199094085
2022-11-11,7318.0,7408.60009765625,7316.7998046875,7375.2998046875,931267700,-0.007799486285670117,0.006665798786036395,0.1058162752646913
2022-11-14,7385.2001953125,7413.7998046875,7317.60009765625,7318.0,732981800,0.009140957388909713,0.00677498275980152,0.10754951711510922
2022-11-15,7369.39990234375,7413.0,7344.89990234375,7385.2001953125,939772400,-0.0021417454765199954,0.0067645967259942165,0.10738464393973461
2022-11-16,7351.2001953125,7394.39990234375,7341.60009765625,7369.39990234375,765409500,-0.0024726867360753886,0.006868736956430576,0.10903781884700402
2022-11-17,7346.5,7354.10009765625,7294.7998046875,7351.2001953125,752043800,-0.0006395824394653825,0.006838501788656609,0.10855785043833463
2022-11-18,7385.5,7423.5,7343.5,7346.5,844911100,0.00529460916465347,0.006859793710343499,0.10889584921664366
2022-11-21,7376.89990234375,7402.7998046875,7343.39990234375,7385.5,666262800,-0.0011651355722724019,0.00691457212426902,0.1097654295794126
2022-11-22,7452.7998046875,7458.89990234375,7373.60009765625,7376.89990234375,575525600,0.010236291575045858,0.007067698239899122,0.11219623130653202
2022-11-23,7465.2001953125,7498.2998046875,7452.7998046875,7452.7998046875,872545100,0.0016624739886092483,0.007041459373238846,0.11177970221132837
2022-11-24,7466.60009765625,7488.10009765625,7443.5,7465.2001953125,418286100,0.00018750617077443983,0.00702940143916763,0.11158828844206246
2022-11-25,7486.7001953125,7497.2001953125,7461.7998046875,7466.60009765625,522719700,0.0026883844192806634,0.007029250486505226,0.11158589214283568
2022-11-28,7474.0,7496.7998046875,7420.0,7486.7001953125,662622600,-0.0016978080166631868,0.006952041142783258,0.11036023180856269
2022-11-29,7512.0,7543.10009765625,7474.0,7474.0,714685200,0.00507141084266954,0.006917628051338386,0.10981394091771435
2022-11-30,7573.10009765625,7599.2998046875,7512.0,7512.0,1394738300,0.008100765840239211,0.006642710686195059,0.10544976304214006
2022-12-01,7558.5,7599.7001953125,7552.2998046875,7573.10009765625,642843000,-0.0019297499395756143,0.0064469515194876936,0.10234218261032653
2022-12-02,7556.2001953125,7570.5,7508.0,7558.5,540219900,-0.0003043136384486871,0.006425561952129885,0.10200263375504637
2022-12-05,7567.5,7598.2001953125,7547.7998046875,7556.2001953125,509145400,0.0014943177455598138,0.004972991497336262,0.07894379264394287
2022-12-06,7521.39990234375,7567.60009765625,7521.39990234375,7567.5,805368600,-0.0061104840505321455,0.005065944194776087,0.08041937097065331
2022-12-07,7489.2001953125,7567.2001953125,7489.2001953125,7521.39990234375,727846100,-0.004290269038123542,0.0052168877383888465,0.08281552544111447
2022-12-08,7472.2001953125,7508.0,7469.10009765625,7489.2001953125,637244700,-0.0022725155229161237,0.005243246322641921,0.08323395499418675
2022-12-09,7476.60009765625,7498.0,7431.39990234375,7472.2001953125,741398100,0.000588662954160335,0.004755866219930889,0.07549703571977968
2022-12-12,7446.0,7476.60009765625,7438.89990234375,7476.60009765625,606464000,-0.004101180805800062,0.004488300459357479,0.07124956094878113
2022-12-13,7502.89990234375,7553.39990234375,7429.0,7446.0,688121300,0.007612624006314793,0.004357203541160094,0.06916846188959758
2022-12-14,7495.89990234375,7504.5,7461.7001953125,7502.89990234375,745004400,-0.0009334080858979059,0.004324924919530107,0.0686560546566162
2022-12-15,7426.2001953125,7495.89990234375,7411.10009765625,7495.89990234375,616549200,-0.00934187727858461,0.004817383286079095,0.07647358887026647
2022-12-16,7332.10009765625,7429.2998046875,7305.7001953125,7426.2001953125,1834745500,-0.012752332045479722,0.005617293659072576,0.08917177237875648
2022-12-19,7361.2998046875,7385.39990234375,7332.10009765625,7332.10009765625,517840400,0.003974538999032613,0.005561088863135734,0.08827954890352838
2022-12-20,7370.60009765625,7389.89990234375,7302.7998046875,7361.2998046875,799491300,0.0012626062172462452,0.005564301494082242,0.08833054783876051
2022-12-21,7497.2998046875,7498.5,7368.7001953125,7370.60009765625,499178500,0.0170438024125066,0.006337529859240187,0.1006051676039743
2022-12-22,7469.2998046875,7540.2998046875,7463.5,7497.2998046875,402305900,-0.0037416692365214604,0.006388251841991382,0.10141035411815691
2022-12-23,7473.0,7496.39990234375,7462.7998046875,7469.2998046875,222853700,0.0004952645090113546,0.006388993497968933,0.10142212754180671
2022-12-28,7497.2001953125,7547.0,7473.0,7473.0,416900400,0.0032331186059320234,0.006401374166746591,0.10161866456570877
2022-12-29,7512.7001953125,7516.39990234375,7434.60009765625,7497.2001953125,351759900,0.002065304246690581,0.006402179833991993,0.10163145413673359
2022-12-30,7451.7001953125,7512.89990234375,7451.7001953125,7512.7001953125,254135300,-0.008152727310286068,0.006552415223869582,0.10401636701515518
2023-01-03,7554.10009765625,7626.39990234375,7448.7001953125,7451.7001953125,914070400,0.013648254659328403,0.007007595878486774,0.11124213589750323
2023-01-04,7585.2001953125,7609.2998046875,7545.2001953125,7554.10009765625,753877000,0.0041085308834543765,0.007053341287681983,0.11196832175562368
2023-01-05,7633.5,7658.7998046875,7564.7001953125,7585.2001953125,883850800,0.006347449681587779,0.007179307571432245,0.11396797451791682
2023-01-06,7699.5,7700.7998046875,7633.5,7633.5,813538800,0.008608935971470435,0.007393994595768483,0.11737602537455377
2023-01-09,7724.89990234375,7725.7001953125,7688.7001953125,7699.5,847858600,0.003293473388123449,0.007236136303703612,0.11487010267539548
2023-01-10,7694.5,7724.89990234375,7684.39990234375,7724.89990234375,933139900,-0.003943077152684498,0.007223179128694488,0.11466441389878698
2023-01-11,7725.0,7772.39990234375,7694.39990234375,7694.5,1041280000,0.003956034862039758,0.007197508611428377,0.11425690707051185
2023-01-12,7794.0,7809.10009765625,7724.60009765625,7725.0,738395600,0.008892384132708289,0.007366187553498539,0.11693460226329858
2023-01-13,7844.10009765625,7865.0,7793.60009765625,7794.0,754267100,0.006407462383617648,0.00728896889304591,0.1157087940305114
2023-01-16,7860.10009765625,7867.2001953125,7841.89990234375,7844.10009765625,662559400,0.0020376721306595695,0.0071935932023170735,0.11419475187777435
2023-01-17,7851.0,7875.60009765625,7830.39990234375,7860.10009765625,992753700,-0.0011584292146761225,0.0071986828328170485,0.11427554725718321
2023-01-18,7830.7001953125,7867.39990234375,7824.7001953125,7851.0,963849600,-0.0025889815228585192,0.006796742278044881,0.10789493875863226
2023-01-19,7747.2998046875,7830.7998046875,7726.2001953125,7830.7001953125,732044900,-0.010707560336057926,0.006578055692817291,0.10442339684116345
2023-01-20,7770.60009765625,7790.89990234375,7747.2998046875,7747.2998046875,801110300,0.003003023685658996,0.006571488008197934,0.10431913808000952
2023-01-23,7784.7001953125,7811.2001953125,7768.5,7770.60009765625,562127700,0.0018128999443891333,0.006567081588021269,0.10424918832825243
2023-01-24,7757.39990234375,7800.89990234375,7741.7998046875,7784.7001953125,754271900,-0.0035130800696105964,0.005793419406867485,0.09196768194760016
2023-01-25,7744.89990234375,7773.60009765625,7710.7998046875,7757.39990234375,717266400,-0.00161266429710882,0.005712897072462793,0.09068942951667298
2023-01-26,7761.10009765625,7787.60009765625,7744.89990234375,7744.89990234375,828610300,0.0020895396887537243,0.0057063219610141705,0.09058505285825945
2023-01-27,7765.2001953125,7777.39990234375,7742.10009765625,7761.10009765625,709941200,0.0005281487120810972,0.005702914440154101,0.09053096014156138
2023-01-30,7784.89990234375,7790.7001953125,7718.2998046875,7765.2001953125,1123538000,0.002533709422621804,0.0057054430009079804,0.09057109979913949
2023-01-31,7771.7001953125,7784.89990234375,7708.2998046875,7784.89990234375,838335600,-0.0016969916454852136,0.005308424126295095,0.0842686205509929
2023-02-01,7761.10009765625,7798.5,7745.39990234375,7771.7001953125,924663100,-0.0013648664892176776,0.004629047465146235,0.07348385039934523
2023-02-02,7820.2001953125,7837.7998046875,7758.5,7761.10009765625,726760200,0.007586065343843562,0.004794271253013558,0.0761066967195594
2023-02-03,7901.7998046875,7906.60009765625,7806.89990234375,7820.2001953125,713859100,0.0103804022502076,0.005072818799588824,0.0805285019388314
2023-02-06,7836.7001953125,7901.7998046875,7808.39990234375,7901.7998046875,665926500,-0.008272704596569307,0.005248627841321232,0.08331938395479457
2023-02-07,7864.7001953125,7890.7998046875,7835.39990234375,7836.7001953125,777311900,0.0035665646355476487,0.005255341910072492,0.08342596649200193
2023-02-08,7885.2001953125,7934.2998046875,7864.7001953125,7864.7001953125,587150400,0.002603192536876267,0.0051496528028061985,0.08174820392731166
2023-02-09,7911.2001953125,7949.60009765625,7874.2001953125,7885.2001953125,1061015400,0.003291892182554052,0.005133674777703327,0.08149456064212679
2023-02-10,7882.5,7913.2998046875,7850.89990234375,7911.2001953125,974265500,-0.0036343892246652426,0.004910037431323908,0.07794442782780867
2023-02-13,7947.60009765625,7947.60009765625,7881.89990234375,7882.5,570125100,0.008224896147232635,0.005033145509464752,0.07989870798267135
2023-02-14,7953.89990234375,7996.39990234375,7947.60009765625,7947.60009765625,697856100,0.0007923535537020865,0.005022985240713342,0.07973741871645249
2023-02-15,7997.7998046875,8003.7001953125,7921.2998046875,7953.89990234375,841595900,0.005504117301610042,0.00511820161282476,0.08124893176454406
2023-02-16,8012.5,8047.10009765625,7978.60009765625,7997.7998046875,731954200,0.0018363428071646558,0.005058896923296006,0.08030749900410619
2023-02-17,8004.39990234375,8012.5,7957.7001953125,8012.5,1270492000,-0.0010114439618381936,0.004315954585020103,0.06851365501087302
2023-02-20,8014.2998046875,8020.10009765625,7995.5,8004.39990234375,696068100,0.0012360433474922184,0.0043035114632975265,0.06831612657720555
2023-02-21,7977.7998046875,8014.39990234375,7952.5,8014.2998046875,889518400,-0.0045647618850428685,0.004498745354808164,0.07141536852377663
2023-02-22,7930.60009765625,7977.7998046875,7879.0,7977.7998046875,682684900,-0.005933952606141928,0.004653033569684389,0.07386461800452016
2023-02-23,7907.7001953125,7935.60009765625,7888.89990234375,7930.60009765625,974842600,-0.0028917141205296146,0.004697806350444483,0.07457536386489631
2023-02-24,7878.7001953125,7939.2001953125,7870.39990234375,7907.7001953125,879172000,-0.0036740525900993376,0.00479769247952728,0.07616100700676416
2023-02-27,7935.10009765625,7950.0,7878.7001953125,7878.7001953125,755879000,0.007133028169659873,0.004997103549017433,0.07932655959803035
2023-02-28,7876.2998046875,7935.10009765625,7854.7998046875,7935.10009765625,1246757900,-0.007437742945105437,0.005311029515126629,0.0843099798164941
2023-03-01,7914.89990234375,7950.7001953125,7874.2998046875,7876.2998046875,1202133000,0.004888821020912945,0.00536551495054465,0.08517490928964103
2023-03-02,7944.0,7945.7998046875,7875.0,7914.89990234375,889732700,0.0036698800667755906,0.005373166406381112,0.08529637238550626
2023-03-03,7947.10009765625,7974.39990234375,7920.10009765625,7944.0,644050800,0.00039016778908027055,0.00516487928054132,0.08198991676789523
2023-03-06,7929.7998046875,7948.7001953125,7897.5,7947.10009765625,629550100,-0.0021793045143929796,0.0047024408988799015,0.07464893504049151
2023-03-07,7919.5,7959.7998046875,7909.7998046875,7929.7998046875,869427500,-0.0012997174972208484,0.004306078364231544,0.06835687486627486
2023-03-08,7929.89990234375,7946.60009765625,7891.39990234375,7919.5,770649400,0.0013123403914873804,0.004253601488795739,0.06752383029436573
2023-03-09,7880.0,7930.2998046875,7862.0,7929.89990234375,839666000,-0.006312509042037634,0.0044618310783477895,0.0708293725517244
2023-03-10,7748.39990234375,7880.0,7708.2998046875,7880.0,987132200,-0.016841546034911677,0.005702596992807584,0.09052592082116195
2023-03-13,7548.60009765625,7752.39990234375,7546.0,7748.39990234375,1201999000,-0.02612422929487136,0.007908972205346603,0.1255510414888151
2023-03-14,7637.10009765625,7641.60009765625,7503.2998046875,7548.60009765625,875583300,0.011655834214516462,0.008163420902585851,0.1295902893347316
2023-03-15,7344.5,7637.39990234375,7333.39990234375,7637.10009765625,1340604500,-0.03906622896518858,0.01147047942747567,0.18208821590269902
2023-03-16,7410.0,7458.60009765625,7331.5,7344.5,1196884100,0.008878705518663104,0.011629810702089847,0.18461752147492333
2023-03-17,7335.39990234375,7510.5,7309.2998046875,7410.0,2095306400,-0.0101185094522654,0.011641184250928515,0.1847980709654315
2023-03-20,7403.89990234375,7426.2001953125,7206.7998046875,7335.39990234375,1084762200,0.009294945361614088,0.011994417697566472,0.19040547809275693
2023-03-21,7536.2001953125,7557.60009765625,7403.89990234375,7403.89990234375,801743800,0.01771122689926453,0.012843127184503533,0.20387832351941707
2023-03-22,7566.7998046875,7585.60009765625,7505.5,7536.2001953125,892439300,0.004052128880992279,0.012925639772519155,0.20518817024694705
2023-03-23,7499.60009765625,7566.7998046875,7476.10009765625,7566.7998046875,1227843700,-0.008920532189414635,0.012981406139454359,0.2060734338775398
2023-03-24,7405.5,7499.60009765625,7335.7001953125,7499.60009765625,862536800,-0.012626731423296119,0.0131626168439427,0.2089500646314136
2023-03-27,7471.7998046875,7491.7001953125,7405.5,7405.5,703755400,0.008912940448177194,0.01342039984454909,0.2130422429023607
2023-03-28,7484.2998046875,7524.60009765625,7464.60009765625,7471.7998046875,1159788800,0.0016715591948446833,0.013276021278034693,0.21075030421249016
2023-03-29,7564.2998046875,7566.7998046875,7484.2001953125,7484.2998046875,637649500,0.010632318716232374,0.01354231951937684,0.21497765773948124
2023-03-30,7620.39990234375,7638.5,7564.2998046875,7564.2998046875,792010000,0.007389063199890225,0.013616006640889779,0.21614740452958983
2023-03-31,7631.7001953125,7654.39990234375,7616.10009765625,7620.39990234375,816288100,0.0014818018455297825,0.013580336439508749,0.21558115763717106
2023-04-03,7673.0,7698.2001953125,7631.7001953125,7631.7001953125,921588900,0.005397022405963948,0.013666413286723121,0.21694758522538946
2023-04-04,7634.5,7726.89990234375,7634.5,7673.0,791013200,-0.0050302245540988725,0.01368585718284953,0.21725624750740133
2023-04-05,7662.89990234375,7678.5,7634.2998046875,7634.5,660285800,0.0037130407982255247,0.013738763203677827,0.21809610455121942
2023-04-06,7741.60009765625,7742.10009765625,7654.5,7662.89990234375,589778800,0.010217907759419696,0.013967668114104227,0.22172985735243803
2023-04-11,7785.7001953125,7806.39990234375,7741.60009765625,7741.60009765625,999467200,0.005680345636796792,0.013990949636677482,0.22209944006566865
2023-04-12,7824.7998046875,7859.7001953125,7783.39990234375,7785.7001953125,797796300,0.005009409197572631,0.013525360560554464,0.21470844261424968
2023-04-13,7843.39990234375,7851.60009765625,7814.10009765625,7824.7998046875,724768300,0.0023742493383450748,0.012075935235503566,0.19169952888998787
2023-04-14,7871.89990234375,7904.0,7843.39990234375,7843.39990234375,860530500,0.003627042639766591,0.011874521962003157,0.18850219229541076
2023-04-17,7879.5,7916.7001953125,7871.89990234375,7871.89990234375,665446000,0.0009650060684332968,0.00742660356519094,0.11789367671616537
2023-04-18,7909.39990234375,7912.7001953125,7879.5,7879.5,531338200,0.003787463125513653,0.0073193619942066995,0.11619126955397227
2023-04-19,7898.7998046875,7909.39990234375,7871.39990234375,7909.39990234375,506763800,-0.00134108873134258,0.006755313507933727,0.10723727742160799
2023-04-20,7902.60009765625,7903.0,7876.39990234375,7898.7998046875,918927800,0.0004810071342424313,0.0066518328736893005,0.10559457327927607
2023-04-21,7914.10009765625,7936.10009765625,7886.5,7902.60009765625,631165500,0.0014541594497542295,0.0057519763718976045,0.09130979416296381
2023-04-24,7912.2001953125,7927.10009765625,7877.60009765625,7914.10009765625,724845900,-0.00024009431360540187,0.005763966270316204,0.09150012789972706
2023-04-25,7891.10009765625,7912.5,7863.89990234375,7912.2001953125,657900800,-0.0026703422453967316,0.00530844180643838,0.08426890121456657
2023-04-26,7852.60009765625,7894.0,7825.89990234375,7891.10009765625,902747300,-0.0048908549155740905,0.004403051998698776,0.06989628358945713
2023-04-27,7831.60009765625,7865.7001953125,7816.7998046875,7852.60009765625,669734300,-0.0026778557130849763,0.004323088931020673,0.0686269092425806
2023-04-28,7870.60009765625,7870.60009765625,7791.60009765625,7831.60009765625,945273500,0.004967466942336623,0.004361097729555584,0.06923028021391497
2023-05-02,7773.0,7898.7001953125,7773.0,7870.60009765625,1020657900,-0.012478120564749274,0.005041710425115276,0.08003467180354054
2023-05-03,7788.39990234375,7819.7001953125,7773.0,7773.0,967192800,0.0019792444725669775,0.004849354940731902,0.07698112315355389
2023-05-04,7702.60009765625,7788.39990234375,7691.2998046875,7788.39990234375,776321800,-0.011077487840097681,0.005520018095303953,0.08762757067650419
2023-05-05,7778.39990234375,7781.5,7702.60009765625,7702.60009765625,608277200,0.009792702077959164,0.005793918410024534,0.09197560337714207
2023-05-09,7764.10009765625,7792.39990234375,7735.10009765625,7778.39990234375,951320100,-0.0018400911979863863,0.0056782168479323734,0.09013889801955675
2023-05-10,7741.2998046875,7779.0,7727.10009765625,7764.10009765625,712870600,-0.0029409508359700106,0.00569326118088839,0.0903777194014116
2023-05-11,7730.60009765625,7784.2998046875,7679.60009765625,7741.2998046875,883996400,-0.0013831150413980639,0.0052469494443453755,0.08329274022879841
2023-05-12,7754.60009765625,7772.7998046875,7729.0,7730.60009765625,748114500,0.0030997363823547217,0.0051346130448854475,0.08150945517189014
2023-05-15,7777.7001953125,7794.89990234375,7754.60009765625,7754.60009765625,735218600,0.0029744615094858522,0.005050076071816828,0.08016747232791174
2023-05-16,7751.10009765625,7804.89990234375,7741.2998046875,7777.7001953125,1082316100,-0.0034259083987402783,0.005055828781288346,0.08025879375967039
2023-05-17,7723.2001953125,7758.2001953125,7713.0,7751.10009765625,701763700,-0.003605970163101752,0.005002149396118943,0.07940665993753587
2023-05-18,7742.2998046875,7776.60009765625,7723.2001953125,7723.2001953125,757218800,0.0024699646419606264,0.005040957200639444,0.08002271473567378
2023-05-19,7756.89990234375,7790.89990234375,7742.10009765625,7742.2998046875,631941000,0.0018839813991266233,0.004970274581773181,0.07890066294646443
2023-05-22,7771.0,7783.39990234375,7750.5,7756.89990234375,1205325000,0.0018160989728624928,0.005004756239577093,0.07944804229451871
2023-05-23,7763.0,7800.89990234375,7747.10009765625,7771.0,698476000,-0.0010299988035618296,0.004996624510559463,0.07931895509826101
2023-05-24,7627.10009765625,7763.0,7590.2001953125,7763.0,989739200,-0.017661150208478745,0.006161494081317249,0.09781068626257096
2023-05-25,7570.89990234375,7629.10009765625,7569.2001953125,7627.10009765625,725330600,-0.007395769374830228,0.0062702013448406955,0.09953636057250738
2023-05-26,7627.2001953125,7643.60009765625,7556.89990234375,7570.89990234375,817609400,0.007408893235555344,0.006601358925568299,0.10479332419278159
2023-05-30,7522.10009765625,7628.10009765625,7516.5,7627.2001953125,856682400,-0.013875463796823298,0.0070965387604649205,0.1126540603771245
2023-05-31,7446.10009765625,7522.10009765625,7446.10009765625,7522.10009765625,2295618500,-0.010154948773990063,0.0073139834760737096,0.11610588822556062
2023-06-01,7490.2998046875,7498.60009765625,7445.2998046875,7446.10009765625,967347300,0.005918405551183875,0.007364669876805886,0.11691050989270242
2023-06-02,7607.2998046875,7614.89990234375,7490.0,7490.2998046875,638696900,0.015499462867345265,0.0079497979743308,0.12619913047970605
2023-06-05,7600.0,7654.7998046875,7594.10009765625,7607.2998046875,548992900,-0.0009600396312199313,0.007920058966665778,0.1257270383685891
2023-06-06,7628.10009765625,7636.10009765625,7556.2001953125,7600.0,686044700,0.003690562758353794,0.007646932293639109,0.12139128684910698
2023-06-07,7624.2998046875,7642.39990234375,7604.39990234375,7628.10009765625,617864100,-0.000498320667137445,0.00727768499060881,0.11552966763251012
2023-06-08,7599.7001953125,7638.60009765625,7588.0,7624.2998046875,531758500,-0.0032316908545059475,0.007292488044112954,0.11576465882180821
2023-06-09,7562.39990234375,7621.7001953125,7546.5,7599.7001953125,564539300,-0.004920211313352327,0.007331255437374835,0.11638007211110328
2023-06-12,7570.7001953125,7599.89990234375,7556.7998046875,7562.39990234375,542917600,0.001096972034484819,0.007346652766758543,0.11662449713752632
2023-06-13,7594.7998046875,7610.7998046875,7556.2998046875,7570.7001953125,1003241900,0.00317821762038548,0.007348859666013513,0.11665953057710965
2023-06-14,7602.7001953125,7639.7998046875,7579.2998046875,7594.7998046875,698184100,0.0010396961785388474,0.007308670352888782,0.1160215450097664
2023-06-15,7628.2998046875,7632.7001953125,7584.7998046875,7602.7001953125,837993200,0.0033615171007631353,0.007349874761618962,0.11667564472028348
2023-06-16,7642.7001953125,7687.60009765625,7627.7998046875,7628.2998046875,2009880700,0.0018859792932247117,0.007341265896920789,0.11653898322991167
2023-06-19,7588.5,7642.7001953125,7581.7998046875,7642.7001953125,439722500,-0.007117026025077204,0.00744476859642652,0.11818203764740776
2023-06-20,7569.2998046875,7607.5,7566.2998046875,7588.5,584448300,-0.0025333763249015314,0.007422902788632114,0.11783492870957053
2023-06-21,7559.2001953125,7577.60009765625,7520.89990234375,7569.2998046875,611718700,-0.0013351767690622308,0.007391392572781367,0.11733471954017627
2023-06-22,7502.0,7559.2001953125,7458.39990234375,7559.2001953125,677771300,-0.007595738664304112,0.007516501121654315,0.11932075618341223
2023-06-23,7461.89990234375,7502.0,7439.7001953125,7502.0,621489600,-0.005359591270757274,0.006631838607966943,0.10527717415078386
2023-06-26,7453.60009765625,7476.5,7401.2001953125,7461.89990234375,850546800,-0.001112910132969968,0.006470664349346026,0.10271861211444694
2023-06-27,7461.5,7495.89990234375,7428.10009765625,7453.60009765625,674737200,0.0010593161334172478,0.006213927626904179,0.09864304299445327
2023-06-28,7500.5,7518.2998046875,7461.5,7461.5,642762300,0.00521321859742223,0.005610197459253029,0.08905912369889962
2023-06-29,7471.7001953125,7505.60009765625,7460.5,7500.5,609425000,-0.003847108618926244,0.005200944242795842,0.0825624302949056
2023-06-30,7531.5,7551.60009765625,7471.7001953125,7471.7001953125,729525300,0.007971648792851125,0.0053321861356281355,0.08464583075507144
2023-07-03,7527.2998046875,7561.2998046875,7513.89990234375,7531.5,533889900,-0.0005578393332663969,0.004030091235125625,0.06397571501426123
2023-07-04,7519.7001953125,7547.39990234375,7518.39990234375,7527.2998046875,664948700,-0.0010101163050679847,0.004030389727600208,0.06398045343539706
2023-07-05,7442.10009765625,7519.7001953125,7434.7001953125,7519.7001953125,765061200,-0.010373189318058905,0.004445323221849031,0.07056731845387766
2023-07-06,7280.5,7442.10009765625,7267.60009765625,7442.10009765625,744552600,-0.021953539035517302,0.00634257649167296,0.10068528041022712
2023-07-07,7256.89990234375,7280.5,7229.60009765625,7280.5,494690600,-0.0032468142235997574,0.0063427006835266,0.10068725189478465
2023-07-10,7273.7998046875,7306.10009765625,7238.7001953125,7256.89990234375,428066100,0.002326097201724702,0.0063841690981201,0.10134554256845581
2023-07-11,7282.5,7285.2998046875,7239.2001953125,7273.7998046875,790355100,0.0011953857045054652,0.006386478412731605,0.1013822018014221
2023-07-12,7416.10009765625,7425.10009765625,7282.5,7282.5,994258000,0.018179115847473594,0.007683924297303781,0.12197851670227526
2023-07-13,7440.2001953125,7457.2001953125,7409.2998046875,7416.10009765625,584537900,0.003244430756171365,0.007730030202124004,0.1227104252510308
2023-07-14,7434.60009765625,7480.39990234375,7421.2998046875,7440.2001953125,620458500,-0.0007529644513587933,0.007665057206143742,0.12167901091523936
2023-07-17,7406.39990234375,7437.60009765625,7395.7001953125,7434.60009765625,439714200,-0.0038003138942569376,0.007650094700230645,0.12144148849742104
2023-07-18,7453.7001953125,7459.2001953125,7398.5,7406.39990234375,464666400,0.006366101493757096,0.00772018970890607,0.12255421226403357
2023-07-19,7588.2001953125,7625.10009765625,7453.7001953125,7453.7001953125,888485400,0.017883855267585458,0.00871906583429554,0.13841087917407544
2023-07-20,7646.10009765625,7661.89990234375,7585.89990234375,7588.2001953125,637548700,0.007601291823883052,0.008861472027109681,0.1406715074021258
2023-07-21,7663.7001953125,7674.2001953125,7639.5,7646.10009765625,506950300,0.002299194643003769,0.008667960412662254,0.13759960575634278
2023-07-24,7678.60009765625,7685.0,7633.2998046875,7663.7001953125,521826500,0.0019423302560331137,0.008545025409416034,0.13564807308025628
2023-07-25,7691.7998046875,7702.39990234375,7676.5,7678.60009765625,444691500,0.0017175493624129385,0.008526318459208468,0.13535110945203016
2023-07-26,7676.89990234375,7702.7001953125,7630.0,7691.7998046875,807357200,-0.0019389938376104738,0.008559072449801057,0.13587106293334777
2023-07-27,7692.7998046875,7709.7001953125,7662.39990234375,7676.89990234375,963946300,0.002068993971094569,0.008515600071395726,0.1351809603203818
2023-07-28,7694.2998046875,7716.7998046875,7680.2001953125,7692.7998046875,713370800,0.00019496851815239223,0.008441040637467378,0.13399736599997283
2023-07-31,7699.39990234375,7722.89990234375,7667.7998046875,7694.2998046875,594121300,0.0006626214542210339,0.008306042389006488,0.13185433524283188
2023-08-01,7666.2998046875,7715.2001953125,7650.2001953125,7699.39990234375,557045700,-0.004308316508397497,0.00838231096844938,0.1330650614071563
2023-08-02,7561.60009765625,7666.2998046875,7522.2001953125,7666.2998046875,746909700,-0.013751253628405768,0.008966081220599163,0.14233212686707106
2023-08-03,7529.2001953125,7562.10009765625,7437.89990234375,7561.60009765625,1245242400,-0.004294000516655197,0.008699628495655335,0.13810232098892986
2023-08-04,7564.39990234375,7569.60009765625,7487.39990234375,7529.2001953125,524386200,0.004664198152444649,0.007036449533266862,0.11170017346728377
2023-08-07,7554.5,7565.0,7505.2001953125,7564.39990234375,487016200,-0.0013096063632424728,0.006979145328456348,0.11079049741724217
2023-08-08,7527.39990234375,7554.5,7487.5,7554.5,862447700,-0.0035937285087341182,0.007080480184209074,0.11239913838202809
2023-08-09,7587.2998046875,7600.7998046875,7527.39990234375,7527.39990234375,1098862000,0.007926087463826274,0.007210868096888862,0.11446898232754522
2023-08-10,7618.60009765625,7622.89990234375,7572.60009765625,7587.2998046875,636901200,0.004116867449840238,0.006212471432263386,0.09861992662117303
2023-08-11,7524.2001953125,7618.60009765625,7507.7998046875,7618.60009765625,494679400,-0.012468119953753699,0.006875246195456908,0.10914114981313172
2023-08-14,7507.2001953125,7530.2998046875,7476.5,7524.2001953125,1154816600,-0.0022619325952821794,0.0068972261553526,0.10949007085939877
2023-08-15,7389.60009765625,7508.60009765625,7369.7001953125,7507.2001953125,463377300,-0.015788966542028198,0.007715358122817546,0.12247751321266417
2023-08-16,7356.89990234375,7398.2001953125,7338.5,7389.60009765625,687073100,-0.004434984424923136,0.007621631977619715,0.12098965678343501
2023-08-17,7310.2001953125,7357.0,7305.0,7356.89990234375,438920000,-0.006367975200361731,0.006419909887113607,0.10191291000448413
2023-08-18,7262.39990234375,7310.2001953125,7215.7998046875,7310.2001953125,571961300,-0.0065603206131066155,0.006122391117086472,0.09718994594929042
2023-08-21,7257.7998046875,7316.0,7250.89990234375,7262.39990234375,469504000,-0.0006336135732238913,0.006041516352300558,0.09590609885950419
2023-08-22,7270.7998046875,7310.5,7257.60009765625,7257.7998046875,747925500,0.0017895741942077768,0.006035874120278076,0.09581653120287931
2023-08-23,7320.5,7348.7998046875,7270.7998046875,7270.7998046875,909639000,0.006812331757180876,0.006314016753730165,0.10023190862559224
2023-08-24,7333.60009765625,7386.10009765625,7320.5,7320.5,377395800,0.0017879093303059565,0.006378373156330784,0.10125353484492818
2023-08-25,7338.60009765625,7389.39990234375,7327.0,7333.60009765625,372649700,0.0006815610647337623,0.006339242305715709,0.10063235184902074
2023-08-29,7465.0,7471.10009765625,7338.60009765625,7338.60009765625,1139311100,0.017077328944714004,0.007607671665343526,0.12076804369638942
2023-08-30,7473.7001953125,7509.39990234375,7464.7001953125,7465.0,536689700,0.0011647862507982456,0.007615398661471614,0.12089070595720831
2023-08-31,7439.10009765625,7500.39990234375,7439.10009765625,7473.7001953125,1143207100,-0.004640330328646483,0.007622043643686981,0.12099619177965816
2023-09-01,7464.5,7492.60009765625,7439.10009765625,7439.10009765625,683056600,0.0034085625982021063,0.0071399442197145275,0.11334310068142654
2023-09-04,7452.7998046875,7523.39990234375,7448.2998046875,7464.5,391662300,-0.0015686750102167774,0.007094361377740679,0.1126194954979404
2023-09-05,7437.89990234375,7481.39990234375,7389.7998046875,7452.7998046875,484546800,-0.002001236692657492,0.007000926591481734,0.11113626424847851
2023-09-06,7426.10009765625,7447.89990234375,7369.60009765625,7437.89990234375,448751100,-0.001587702794166491,0.00700219554601231,0.11115640827715624
2023-09-07,7441.7001953125,7462.2001953125,7385.89990234375,7426.10009765625,456225400,0.0020985085989515253,0.006999478794953391,0.11111328119110042
2023-09-08,7478.2001953125,7480.60009765625,7402.10009765625,7441.7001953125,651366100,0.00489280382045632,0.0068455269305342506,0.10866937110833375
2023-09-11,7496.89990234375,7549.2998046875,7467.39990234375,7478.2001953125,568717300,0.002497441303070781,0.006797627111820991,0.10790898505937158
2023-09-12,7527.5,7550.2001953125,7496.2998046875,7496.89990234375,670632100,0.004073392636806076,0.0063151882589347575,0.10025050569417807
2023-09-13,7526.0,7545.2001953125,7490.39990234375,7527.5,684595300,-0.00019928920250634926,0.006293912552261012,0.09991276432122273
2023-09-14,7673.10009765625,7687.0,7526.0,7526.0,746569800,0.01935702637855697,0.006521031063885504,0.10351815892060796
2023-09-15,7711.39990234375,7745.7998046875,7673.10009765625,7673.10009765625,1804599000,0.0049790222380440416,0.006393844670371747,0.10149913751627637
2023-09-18,7652.89990234375,7720.10009765625,7641.7998046875,7711.39990234375,463379300,-0.007615092577319914,0.006482974050678228,0.10291402256507785
2023-09-19,7660.2001953125,7682.39990234375,7642.39990234375,7652.89990234375,595546000,0.000953470358745854,0.006176477427228647,0.09804853950510625
2023-09-20,7731.7001953125,7741.89990234375,7659.60009765625,7660.2001953125,806482700,0.009290667492274541,0.006299994614246246,0.10000931406205119
2023-09-21,7678.60009765625,7746.5,7674.7001953125,7731.7001953125,1000693700,-0.006891534467802342,0.006658812630320691,0.10570537348082654
2023-09-22,7683.89990234375,7735.2001953125,7640.7998046875,7678.60009765625,989687600,0.0006899664634987011,0.006598857260493992,0.10475361149088044
2023-09-25,7624.0,7684.7998046875,7580.7998046875,7683.89990234375,541205000,-0.007826051705342335,0.006960272020831187,0.1104908929468818
2023-09-26,7625.7001953125,7656.89990234375,7593.5,7624.0,546325000,0.0002229808190023209,0.0069648366398113,0.11056335402678867
2023-09-27,7593.2001953125,7645.60009765625,7577.2001953125,7625.7001953125,711885200,-0.004271011514626218,0.006136400130182325,0.09741233213788088
2023-09-28,7601.89990234375,7605.60009765625,7524.10009765625,7593.2001953125,642160800,0.001145067544920719,0.006136344770558501,0.09741145333109699
2023-09-29,7608.10009765625,7674.2001953125,7601.89990234375,7601.89990234375,634751900,0.0008152788502206963,0.006008211875450174,0.09537740667975685
2023-10-02,7510.7001953125,7630.39990234375,7491.2998046875,7608.10009765625,570804100,-0.012884785559908725,0.006702939073268603,0.10640585904651888
2023-10-03,7470.2001953125,7545.7001953125,7466.60009765625,7510.7001953125,540181100,-0.005406897797929749,0.006807773602224599,0.10807005560109986
2023-10-04,7412.5,7490.2001953125,7384.2001953125,7470.2001953125,1085406900,-0.007754034369736219,0.007009769875389869,0.11127664702844291
2023-10-05,7451.5,7488.60009765625,7409.7001953125,7412.5,615457100,0.005247590082866641,0.007098436135090257,0.11268418026553989
2023-10-06,7494.60009765625,7496.39990234375,7423.39990234375,7451.5,613195400,0.0057674198412862145,0.007192986886873417,0.11418512691849451
2023-10-09,7492.2001953125,7540.60009765625,7473.2001953125,7494.60009765625,738697000,-0.00032026881220129094,0.007117467781402298,0.11298629828463068
2023-10-10,7628.2001953125,7637.39990234375,7492.2001953125,7492.2001953125,719653800,0.017989426755117735,0.00811283239383204,0.1287872216545704
2023-10-11,7620.0,7652.0,7608.7001953125,7628.2001953125,630293300,-0.0010755624923581102,0.008087573556615893,0.1283862500444869
2023-10-12,7644.7998046875,7687.89990234375,7620.0,7620.0,668028900,0.0032492829023862122,0.008105915795486472,0.12867742405972504
2023-10-13,7599.60009765625,7660.10009765625,7590.7001953125,7644.7998046875,567783300,-0.005930025422510287,0.007006630490503792,0.11122681083837327
2023-10-16,7630.60009765625,7651.2998046875,7584.60009765625,7599.60009765625,558336100,0.004070864783559929,0.006974119782707671,0.11071071935172191
2023-10-17,7675.2001953125,7682.60009765625,7616.7998046875,7630.60009765625,668852200,0.005827885250891048,0.006905149093683216,0.10961584360625304
2023-10-18,7588.0,7681.5,7579.2998046875,7675.2001953125,613430800,-0.011426325140113951,0.007346448357324479,0.1166212522383573
2023-10-19,7499.5,7588.0,7490.5,7588.0,727252500,-0.01173170041949067,0.007384840198366258,0.11723070382098011
2023-10-20,7402.10009765625,7499.60009765625,7395.60009765625,7499.5,832451800,-0.013072594725324373,0.007727701521547946,0.12267345859290787
2023-10-23,7374.7998046875,7402.2001953125,7338.60009765625,7402.10009765625,502765900,-0.003695000197623524,0.007717814909517247,0.12251651349245461
2023-10-24,7389.7001953125,7405.2998046875,7325.0,7374.7998046875,699266600,0.002018408436946463,0.007641990538022469,0.12131283891069687
2023-10-25,7414.2998046875,7428.10009765625,7368.39990234375,7389.7001953125,681751000,0.0033233763869951758,0.007706343167062751,0.12233440522661954
2023-10-26,7354.60009765625,7414.2998046875,7342.5,7414.2998046875,796762900,-0.008084560473784912,0.007822946448576808,0.12418542493626104
2023-10-27,7291.2998046875,7380.2998046875,7279.89990234375,7354.60009765625,642603800,-0.008644151270633943,0.007946857310806984,0.12615244889346483
2023-10-30,7327.39990234375,7361.5,7291.2998046875,7291.2998046875,1011063900,0.004938903153010471,0.008069548591016096,0.12810011258628154
2023-10-31,7321.7001953125,7373.5,7309.0,7327.39990234375,809030400,-0.0007781648402796855,0.0076593259047900855,0.1215880293268161
2023-11-01,7342.39990234375,7385.39990234375,7304.89990234375,7321.7001953125,764584800,0.0028231832355315677,0.007644580803495384,0.12135395810032268
2023-11-02,7446.5,7469.7998046875,7342.39990234375,7342.39990234375,978092600,0.014078371985670569,0.008124192614743914,0.12896755957079986
2023-11-03,7417.7001953125,7482.7001953125,7396.60009765625,7446.5,750991900,-0.0038750609312920973,0.008085610891726068,0.12835509370525428
2023-11-06,7417.7998046875,7448.39990234375,7403.5,7417.7001953125,781306000,1.3428516059628786e-05,0.007969351175109277,0.12650952791927705
2023-11-07,7410.0,7431.10009765625,7397.39990234375,7417.7998046875,592558500,-0.0010520516205573141,0.00797016950704737,0.1265225185360656
2023-11-08,7401.7001953125,7442.10009765625,7384.5,7410.0,686578900,-0.0011207093644566765,0.00674773926146724,0.10711703998649379
2023-11-09,7455.7001953125,7465.2998046875,7367.2001953125,7401.7001953125,657728700,0.007269136775157048,0.007010571743153437,0.11128937628456348
2023-11-10,7360.60009765625,7455.7001953125,7320.0,7455.7001953125,837842200,-0.012837402294066496,0.007387439539022042,0.11727196707466779
2023-11-13,7425.7998046875,7426.10009765625,7360.60009765625,7360.60009765625,649108100,0.00881893226601809,0.007671210701120329,0.12177669461965097
2023-11-14,7440.5,7456.60009765625,7386.7001953125,7425.7998046875,934829500,0.0019776541973201786,0.007614026259275179,0.12086891974774515
2023-11-15,7486.89990234375,7533.7998046875,7440.5,7440.5,741908600,0.006216762743192039,0.007632427425616277,0.12116102920757763
2023-11-16,7411.0,7492.7998046875,7409.39990234375,7486.89990234375,798697800,-0.010189430661938191,0.00755379306679897,0.11991274745996394
2023-11-17,7504.2998046875,7509.0,7410.0,7411.0,668943200,0.012510780586869078,0.007702567886786226,0.12227447451017202
2023-11-20,7496.39990234375,7506.0,7472.7001953125,7504.2998046875,466773500,-0.0010532712777898462,0.007103506362698391,0.11276466763358958
2023-11-21,7482.0,7496.89990234375,7446.7001953125,7496.39990234375,533104500,-0.0019227563523467137,0.007060289584867328,0.11207862255395044
2023-11-22,7469.5,7504.5,7452.0,7482.0,637243500,-0.0016720734257195118,0.007071419035651421,0.11225529710797111
2023-11-23,7483.60009765625,7494.7998046875,7450.60009765625,7469.5,610558000,0.001885910178259322,0.0070497631871584525,0.11191152117071618
2023-11-24,7488.2001953125,7494.7001953125,7450.10009765625,7483.60009765625,530714100,0.0006145016245193983,0.006773807936667213,0.10753086737602205
2023-11-27,7460.7001953125,7488.2998046875,7452.2001953125,7488.2001953125,399628100,-0.0036792045304536686,0.006506989761699018,0.10329526015859426
2023-11-28,7455.2001953125,7461.10009765625,7403.2998046875,7460.7001953125,610114900,-0.0007374680850947107,0.006456978478613578,0.10250135565184632
2023-11-29,7423.5,7457.5,7408.7998046875,7455.2001953125,532425900,-0.0042611576095519885,0.006544315662062073,0.10388779045752759
2023-11-30,7453.7998046875,7497.7001953125,7387.10009765625,7423.5,1276856800,0.0040732991845578185,0.0065706330088824445,0.10430556538665002
2023-12-01,7529.39990234375,7538.7001953125,7453.7998046875,7453.7998046875,549661500,0.010091401129718068,0.006213135284086894,0.0986304649421674
2023-12-04,7513.0,7533.7998046875,7476.89990234375,7529.39990234375,851332900,-0.0021804910051657243,0.006163910876001336,0.09784905168879494
2023-12-05,7489.7998046875,7513.0,7460.2001953125,7513.0,689771600,-0.0030927845612322763,0.006215939704285911,0.09867498373267736
2023-12-06,7515.39990234375,7542.60009765625,7486.7998046875,7489.7998046875,1489645900,0.0034121668480685706,0.006237941506879216,0.09902425152101949
2023-12-07,7513.7001953125,7523.60009765625,7480.5,7515.39990234375,811058900,-0.0002261887973933426,0.006228130188754636,0.09886850167427122
2023-12-08,7554.5,7581.2998046875,7509.7998046875,7513.7001953125,863626100,0.005415365321292119,0.0061431497722626354,0.09751947938418006
2023-12-11,7544.89990234375,7557.39990234375,7493.60009765625,7554.5,872408400,-0.0012715868195952945,0.005341877385345772,0.08479967457494918
2023-12-12,7542.7998046875,7607.5,7542.39990234375,7544.89990234375,812300300,-0.00027838540143187784,0.005052240418872582,0.0802018302722739
2023-12-13,7548.39990234375,7584.89990234375,7542.7001953125,7542.7998046875,998797500,0.0007421673587278054,0.005044349029999389,0.08007655835752968
2023-12-14,7649.0,7724.7998046875,7548.39990234375,7548.39990234375,1517185300,0.013239313004269804,0.0056283333665654075,0.08934702230219405
2023-12-15,7576.39990234375,7668.2001953125,7569.0,7649.0,1645000000,-0.009536780428811563,0.00556478533675996,0.08833822860315405
2023-12-18,7614.5,7630.60009765625,7557.2001953125,7576.39990234375,710048700,0.0050161843986911234,0.005005294068291316,0.07945658006067341
2023-12-19,7638.0,7642.2001953125,7605.39990234375,7614.5,961867300,0.0030814644937158676,0.005014432512330026,0.07960164836245245
2023-12-20,7715.7001953125,7762.89990234375,7637.89990234375,7638.0,980983700,0.010121450549114052,0.0053538057837946565,0.0849890320299594
2023-12-21,7694.7001953125,7715.7001953125,7668.39990234375,7715.7001953125,603350200,-0.002725433793628834,0.005389478659171278,0.08555532137074225
2023-12-22,7697.5,7715.2001953125,7676.39990234375,7694.7001953125,329604400,0.00036379525770869974,0.005393055358993045,0.08561209972019859
2023-12-27,7725.0,7759.7001953125,7697.5,7697.5,432594200,0.0035662219672907905,0.005411580397055576,0.08590617558264738
2023-12-28,7722.7001953125,7746.0,7708.7001953125,7725.0,327536200,-0.0002977536688845486,0.0052994593965207445,0.08412630987766995
2023-12-29,7733.2001953125,7746.89990234375,7719.0,7722.7001953125,235460600,0.001358704617647271,0.005272039466193664,0.0836910319779969
2024-01-02,7721.5,7764.39990234375,7689.0,7733.2001953125,678041300,-0.0015141280516531473,0.005148230521501784,0.08172562591155652
2024-01-03,7682.2998046875,7744.60009765625,7650.2998046875,7721.5,857615300,-0.005089689613307156,0.005337354146397881,0.08472787038268934
2024-01-04,7723.10009765625,7728.2001953125,7678.7998046875,7682.2998046875,963235800,0.005296894416520813,0.005043117605203156,0.08005701009491502
2024-01-05,7689.60009765625,7723.10009765625,7642.89990234375,7723.10009765625,701524000,-0.004347071224336927,0.005137221178889843,0.0815508580156595
2024-01-08,7694.2001953125,7694.2001953125,7636.10009765625,7689.60009765625,1055586300,0.0005980443981007785,0.005048750305014407,0.08014642643237772
2024-01-09,7684.0,7717.5,7675.10009765625,7694.2001953125,703141300,-0.0013265787515859121,0.00505468391155188,0.08024061951603288
2024-01-10,7651.7998046875,7684.0,7647.39990234375,7684.0,668838800,-0.004199356152578372,0.00517795046069146,0.0821974153200116
2024-01-11,7576.60009765625,7693.89990234375,7576.60009765625,7651.7998046875,1306895000,-0.009876325651035706,0.00556699338753951,0.0883732803226234
2024-01-12,7624.89990234375,7655.2001953125,7576.60009765625,7576.60009765625,794125500,0.006354631743136607,0.005717086591712194,0.09075593607295397
2024-01-15,7594.89990234375,7637.7998046875,7578.2998046875,7624.89990234375,740769500,-0.003942238299856919,0.005797441154577021,0.09203152521325181
2024-01-16,7558.2998046875,7594.89990234375,7538.89990234375,7594.89990234375,1128049600,-0.00483068520673746,0.0059040905646404575,0.09372453211224942
2024-01-17,7446.2998046875,7558.2998046875,7404.10009765625,7558.2998046875,838880100,-0.014929032841168813,0.005960263556817286,0.09461625071843902
2024-01-18,7459.10009765625,7471.7001953125,7426.60009765625,7446.2998046875,883212400,0.0017175381001899189,0.005680010166617377,0.09016736607112878
2024-01-19,7461.89990234375,7521.10009765625,7450.89990234375,7459.10009765625,1242202400,0.000375283790678954,0.005533113435968649,0.08783545276489893
2024-01-22,7487.7001953125,7503.60009765625,7456.0,7461.89990234375,787927500,0.003451639965645579,0.005547217605765601,0.08805934951928951
2024-01-23,7485.7001953125,7525.10009765625,7465.10009765625,7487.7001953125,1048392200,-0.00026714039025443556,0.0049409395230756836,0.07843498332641007
2024-01-24,7527.7001953125,7538.89990234375,7485.7001953125,7485.7001953125,869218500,0.005595016248403349,0.005161482787447099,0.08193599911155289
2024-01-25,7529.7001953125,7544.5,7507.0,7527.7001953125,735927500,0.00026565010690790796,0.005160187778247557,0.0819154414778277
2024-01-26,7635.10009765625,7651.7998046875,7529.7001953125,7529.7001953125,1046240900,0.013900822632565488,0.0060401695879288165,0.0958847196378908
2024-01-29,7632.7001953125,7664.89990234375,7630.7998046875,7635.10009765625,636218800,-0.0003143743456771007,0.006040134950991743,0.09588416979356076
2024-01-30,7666.2998046875,7684.2001953125,7632.7001953125,7632.7001953125,748149200,0.004392399947088206,0.006123970625802231,0.09721501987282376
2024-01-31,7630.60009765625,7689.7001953125,7630.60009765625,7666.2998046875,952428700,-0.004667582591626763,0.006190602001047883,0.09827276016330909
2024-02-01,7622.2001953125,7673.7001953125,7607.89990234375,7630.60009765625,936217800,-0.001101424398352295,0.006105406943884856,0.09692033055819729
2024-02-02,7615.5,7670.89990234375,7609.2998046875,7622.2001953125,859451400,-0.0008794234902167979,0.0059657348031451965,0.09470310406131037
2024-02-05,7612.89990234375,7667.7998046875,7598.7001953125,7615.5,1350635500,-0.00034148008959443383,0.0059059617782076836,0.09375423670674204
2024-02-06,7681.0,7693.60009765625,7612.89990234375,7612.89990234375,1499137700,0.008905583032717757,0.006249817683640493,0.09921277998243898
2024-02-07,7628.7998046875,7694.89990234375,7626.2001953125,7681.0,985234500,-0.00681921360975612,0.006417209078470324,0.10187003599643073
2024-02-08,7595.5,7653.39990234375,7593.60009765625,7628.7998046875,709573100,-0.004374566741208505,0.006422584841444842,0.10195537358805755
2024-02-09,7572.60009765625,7608.7001953125,7557.39990234375,7595.5,1091499500,-0.0030194842590775288,0.006079272661205152,0.09650546168221594
2024-02-12,7573.7001953125,7590.5,7555.5,7572.60009765625,839183300,0.0001452628875573628,0.0059018750231404765,0.09368936148127967
2024-02-13,7512.2998046875,7585.2998046875,7493.0,7573.7001953125,1188999800,-0.008140094082315549,0.006098482262585787,0.09681040465044298
2024-02-14,7568.39990234375,7590.10009765625,7512.2998046875,7512.2998046875,1209576400,0.007440020360567351,0.006250829990855231,0.09922884986128254
2024-02-15,7597.5,7612.2998046875,7562.10009765625,7568.39990234375,850537300,0.003837574236498941,0.0052637960185795375,0.0835601713040003
2024-02-16,7711.7001953125,7720.7001953125,7597.5,7597.5,1074369500,0.014919435654630706,0.006083651606464126,0.09657497528317599
2024-02-19,7728.5,7733.5,7692.5,7711.7001953125,619639600,0.0021761131467944333,0.006078423597332864,0.09649198321109623
2024-02-20,7719.2001953125,7748.7001953125,7706.0,7728.5,889469600,-0.0012040375840309397,0.006095136429906239,0.09675729120325188
2024-02-21,7662.5,7719.2001953125,7642.7998046875,7719.2001953125,1271802800,-0.007372455763875524,0.006385515666259895,0.1013669186749836
2024-02-22,7684.5,7702.89990234375,7651.7001953125,7662.5,1408725800,0.0028670118028998335,0.006317128743295836,0.10028130992843262
2024-02-23,7706.2998046875,7713.39990234375,7675.2001953125,7684.5,1080901500,0.0028328377397803988,0.006327410428428014,0.10044452661994309
2024-02-26,7684.2998046875,7710.7998046875,7676.7998046875,7706.2998046875,1210391900,-0.0028588899123711334,0.005653719782168553,0.08975001915638556
2024-02-27,7683.0,7698.2998046875,7669.7001953125,7684.2998046875,1132154000,-0.0001691650071410652,0.005653012026499014,0.08973878388344199
2024-02-28,7625.0,7693.2001953125,7620.39990234375,7683.0,1227847900,-0.007577773392022599,0.005822050252296082,0.09242218252857774
2024-02-29,7630.0,7677.7001953125,7622.89990234375,7625.0,2026489200,0.0006555228028903976,0.005735668852875482,0.09105092032396586
2024-03-01,7682.5,7695.60009765625,7630.0,7630.0,1307043500,0.006857169726137045,0.005919497624473501,0.09396911160476697
2024-03-04,7640.2998046875,7682.60009765625,7623.2001953125,7682.5,1075053400,-0.005508171162755665,0.00605321854695622,0.0960918654406195
2024-03-05,7646.2001953125,7654.7998046875,7598.5,7640.2998046875,906735400,0.0007719740840643007,0.006053530481958997,0.09609681725527487
2024-03-06,7679.2998046875,7701.2998046875,7639.0,7646.2001953125,1392688900,0.004319553794768533,0.005801545400436766,0.09209667809643791
2024-03-07,7692.5,7711.7998046875,7645.10009765625,7679.2998046875,1470190800,0.0017174564754798402,0.005596053606393278,0.08883459699541647
2024-03-08,7659.7001953125,7693.89990234375,7646.2001953125,7692.5,927297500,-0.004272984220656461,0.005591766006254229,0.08876653345328121
2024-03-11,7669.2001953125,7669.2001953125,7612.60009765625,7659.7001953125,1203377500,0.0012394889358239242,0.005538493521876985,0.08792085898097264
2024-03-12,7747.7998046875,7764.60009765625,7669.2001953125,7669.2001953125,1136566100,0.01019657396052739,0.0059182013682188075,0.09394853417465499
2024-03-13,7772.2001953125,7785.7001953125,7738.7001953125,7747.7998046875,1336746300,0.0031443828259248834,0.005539130000561906,0.08793096276686323
2024-03-14,7743.2001953125,7778.39990234375,7719.10009765625,7772.2001953125,973121100,-0.003738225639193313,0.00548870711123483,0.08713052421359456
2024-03-15,7727.39990234375,7761.10009765625,7727.39990234375,7743.2001953125,2813498300,-0.0020426225696031754,0.005491375344870203,0.08717288110942865
2024-03-18,7722.60009765625,7750.2001953125,7714.89990234375,7727.39990234375,1034442400,-0.0006213339601185413,0.004441237397334999,0.07050245800048899
2024-03-19,7738.2998046875,7739.7001953125,7699.60009765625,7722.60009765625,1085005200,0.002030892448248972,0.004437901409885009,0.07044950084147195
2024-03-20,7737.39990234375,7749.39990234375,7711.5,7738.2998046875,1032409800,-0.00011629876022416936,0.0044287446335163315,0.07030414152297662
2024-03-21,7882.60009765625,7901.7998046875,7737.39990234375,7737.39990234375,1352537800,0.018592109841135133,0.005681825798465692,0.09019618833318731
2024-03-22,7930.89990234375,7961.39990234375,7882.2001953125,7882.60009765625,1056237300,0.006108698881906295,0.005768517076276568,0.09157236970474326
2024-03-25,7917.60009765625,7939.39990234375,7891.7001953125,7930.89990234375,1070739800,-0.0016783680234141575,0.005800424770755236,0.09207888865174316
2024-03-26,7931.0,7934.39990234375,7892.10009765625,7917.60009765625,1278455500,0.0016909891667661007,0.005722226887376201,0.09083753573690781
2024-03-27,7932.0,7938.10009765625,7893.0,7931.0,1017867800,0.00012607955636689534,0.00571826983208913,0.09077471943162548
2024-03-28,7952.60009765625,7975.39990234375,7931.39990234375,7932.0,1051189700,0.002593720846397114,0.005326598665095393,0.0845571324101462
2024-04-02,7935.10009765625,8015.60009765625,7928.60009765625,7952.60009765625,1126449500,-0.0022029629036580526,0.005398793319015623,0.08570318701171402
2024-04-03,7937.39990234375,7937.39990234375,7882.7001953125,7935.10009765625,1131676800,0.0002897848106591409,0.005284278886545711,0.0838853267526555
2024-04-04,7975.89990234375,7990.39990234375,7937.39990234375,7937.39990234375,1138495500,0.004838729313238438,0.005070910151873418,0.08049820309565903
2024-04-05,7911.2001953125,7975.89990234375,7884.5,7975.89990234375,951509100,-0.008144981062441886,0.00553510449245177,0.08786705980670266
2024-04-08,7943.5,7953.2001953125,7887.89990234375,7911.2001953125,847327700,0.004074482516197054,0.005529388987700492,0.08777632898156812
2024-04-09,7934.7998046875,7962.7998046875,7917.5,7943.5,1000931200,-0.0010958599207970688,0.005560666654564751,0.08827284655024704
2024-04-10,7961.2001953125,7999.7998046875,7916.5,7934.7998046875,1207706000,0.003321642538831696,0.005413028147077187,0.085929157901754
2024-04-11,7923.7998046875,7970.10009765625,7886.89990234375,7961.2001953125,1197883800,-0.004708902704932872,0.005598398551326943,0.08887182184221219
2024-04-12,7995.60009765625,8045.0,7923.7998046875,7923.7998046875,937766700,0.009020538497060512,0.005512863715238666,0.08751399841387866
2024-04-15,7965.5,8009.5,7952.10009765625,7995.60009765625,820441500,-0.0037716865572910234,0.005615295034485568,0.08914004519702808
2024-04-16,7820.39990234375,7965.5,7793.89990234375,7965.5,1058250300,-0.018384024373987423,0.006995286677275641,0.11104673338604815
2024-04-17,7848.0,7893.60009765625,7798.60009765625,7820.39990234375,939573900,0.003523030606236873,0.007000666149304112,0.11113212985708112
2024-04-18,7877.10009765625,7898.7998046875,7845.89990234375,7848.0,1222486300,0.0037011059635532113,0.007022228539855656,0.11147442219550974
2024-04-19,7895.89990234375,7900.5,7809.7001953125,7877.10009765625,982567400,0.0023837968160744173,0.007025383035772983,0.11152449826576383
2024-04-22,8023.89990234375,8042.7998046875,7895.89990234375,7895.89990234375,1085332800,0.016080950756451017,0.007752771963430293,0.123071439519783
2024-04-23,8044.7998046875,8076.5,8021.7001953125,8023.89990234375,1082600700,0.002601319896490756,0.006732033275897086,0.106867715195011
2024-04-24,8040.39990234375,8092.2001953125,8031.7998046875,8044.7998046875,1420290700,-0.0005470746442226678,0.006633965722772387,0.10531094105149559
2024-04-25,8078.89990234375,8105.60009765625,8030.10009765625,8040.39990234375,1224259900,0.004776891512216615,0.006669997558055477,0.10588292870413739
2024-04-26,8139.7998046875,8146.7998046875,8078.89990234375,8078.89990234375,904872200,0.007509873129651296,0.006821023724377902,0.10828039476945307
2024-04-29,8147.0,8189.10009765625,8136.7001953125,8139.7998046875,759963000,0.0008841756352282271,0.00681685258761661,0.10821418002612417
2024-04-30,8144.10009765625,8200.0,8138.10009765625,8147.0,868339500,-0.00035601062629226477,0.006818679753674932,0.10824318538809019
2024-05-01,8121.2001953125,8179.0,8111.39990234375,8144.10009765625,562235500,-0.002815800146554178,0.006834963305254277,0.10850167875572923
2024-05-02,8172.2001953125,8178.7998046875,8119.89990234375,8121.2001953125,919730600,0.006260223812881446,0.0069230119076769256,0.109899406987512
2024-05-03,8213.5,8248.7001953125,8172.2001953125,8172.2001953125,658456400,0.005040967630577867,0.006928190544461433,0.10998161529788483
2024-05-07,8313.7001953125,8335.7001953125,8213.5,8213.5,1220562500,0.012125637958927321,0.006944242547605197,0.11023643294806178
2024-05-08,8354.099609375,8365.2998046875,8313.7001953125,8313.7001953125,1272316300,0.004847609600438415,0.006955808985267909,0.11042004445372458
2024-05-09,8381.400390625,8396.2998046875,8349.7998046875,8354.099609375,1079046000,0.003262622027114473,0.006911167506573715,0.10971138294902642
2024-05-10,8433.7998046875,8455.7998046875,8381.400390625,8381.400390625,698222200,0.006232406758864772,0.006955254814462798,0.11041124726491952
2024-05-13,8415.0,8446.5,8409.2001953125,8433.7998046875,974791500,-0.0022315907016930226,0.006842585747446618,0.10862268127427263
2024-05-14,8428.099609375,8448.7001953125,8407.0,8415.0,1160778700,0.001555487092050634,0.006699163577355163,0.10634592490694146
2024-05-15,8445.7998046875,8474.400390625,8427.900390625,8428.099609375,1112620600,0.0020979385227109714,0.006544701237177266,0.10389391127272679
2024-05-16,8438.7001953125,8455.7001953125,8406.7001953125,8445.7998046875,889766900,-0.0008409618044257992,0.004510650022046767,0.07160434925750254
2024-05-17,8420.2998046875,8441.7001953125,8401.400390625,8438.7001953125,1034395100,-0.0021828575753347307,0.00468546762065958,0.07437949260186463
2024-05-20,8424.2001953125,8451.599609375,8418.0,8420.2998046875,739021000,0.0004631055471767521,0.004726494858470395,0.07503077981122856
2024-05-21,8416.5,8424.2001953125,8379.099609375,8424.2001953125,1001396500,-0.0009144745479477428,0.004808968948392364,0.07634001540046802
2024-05-22,8370.2998046875,8416.5,8343.400390625,8416.5,1286558300,-0.005504362058018949,0.004143053797716853,0.06576894010272298
2024-05-23,8339.2001953125,8385.2001953125,8332.2998046875,8370.2998046875,1229161600,-0.003722390889634861,0.00432398825716506,0.06864118560253411
2024-05-24,8317.599609375,8339.2001953125,8263.7998046875,8339.2001953125,779070900,-0.0025936072113907243,0.004399834193854333,0.0698452025211415
2024-05-28,8254.2001953125,8335.5,8241.2998046875,8317.599609375,1202410100,-0.007651519342891065,0.004773166326124053,0.07577166639163241
2024-05-29,8183.10009765625,8255.400390625,8180.0,8254.2001953125,1014436000,-0.008651121513549064,0.004973474471069281,0.07895145961426693
2024-05-30,8231.099609375,8236.2998046875,8148.5,8183.10009765625,985401500,0.005848551790063973,0.005120794698380718,0.08129009572160034
2024-05-31,8275.400390625,8289.2001953125,8231.099609375,8231.099609375,2232006600,0.005367690015021927,0.0052248341542650125,0.08294167088245025
2024-06-03,8262.7998046875,8371.7001953125,8258.900390625,8275.400390625,1095687900,-0.0015238161622086444,0.005188081016944655,0.0823582329149438
2024-06-04,8232.0,8263.400390625,8200.2998046875,8262.7998046875,1127695300,-0.0037344909726434454,0.005122384982388278,0.08131534069758814
2024-06-05,8247.0,8276.599609375,8232.0,8232.0,879057500,0.0018204993194699305,0.0050220599470648854,0.07972273013515134
2024-06-06,8285.2998046875,8287.099609375,8247.0,8247.0,857611200,0.004633338816468719,0.004353675418842346,0.06911245468411091
2024-06-07,8245.400390625,8297.0,8210.2001953125,8285.2998046875,779890300,-0.004827320206943018,0.004308614017963834,0.06839712712139452
2024-06-10,8228.5,8245.400390625,8183.5,8245.400390625,654032500,-0.0020517784074435825,0.004224183500777486,0.06705683421215668
2024-06-11,8147.7998046875,8261.7001953125,8114.7998046875,8228.5,1117142300,-0.009855809862026133,0.004328009872334402,0.0687050267641754
2024-06-12,8215.5,8243.2001953125,8147.7998046875,8147.7998046875,1301184800,0.00827468571847442,0.004834188917780875,0.07674037000291599
2024-06-13,8163.7001953125,8215.5,8147.39990234375,8215.5,834387100,-0.006325092405617202,0.00491940002828139,0.07809305444686004
2024-06-14,8146.89990234375,8178.2001953125,8112.89990234375,8163.7001953125,805001800,-0.0020600466947352726,0.004849778983175176,0.07698785461865532
2024-06-17,8142.2001953125,8187.2998046875,8120.89990234375,8146.89990234375,834637300,-0.0005770370534259753,0.004852500620225868,0.07703105926742598
2024-06-18,8191.2998046875,8200.0,8142.2001953125,8142.2001953125,756939400,0.006012153827543541,0.005133392439635146,0.08149007866424246
2024-06-19,8205.099609375,8212.7001953125,8164.5,8191.2998046875,697498200,0.0016832729671170325,0.005161329991358798,0.0819335735488472
2024-06-20,8272.5,8272.5,8203.599609375,8205.099609375,927926100,0.00818089626299918,0.005557721609719276,0.08822609541268069
2024-06-21,8237.7001953125,8282.7001953125,8188.10009765625,8272.5,1819197400,-0.004215558359223191,0.0055103422823469545,0.08747397190760463
2024-06-24,8281.599609375,8307.900390625,8217.400390625,8237.7001953125,895710300,0.005314936822109036,0.005619273310841717,0.08920319837633842
2024-06-25,8247.7998046875,8294.2001953125,8245.7001953125,8281.599609375,859380400,-0.0040896648390284385,0.005658750151095128,0.08982987378748132
2024-06-26,8225.2998046875,8302.0,8205.0,8247.7998046875,1093912900,-0.002731728032419209,0.005441239101284889,0.08637699291624246
2024-06-27,8179.7001953125,8232.900390625,8179.7001953125,8225.2998046875,754106600,-0.005559247401866929,0.005238237200977715,0.08315443765292461
2024-06-28,8164.10009765625,8237.400390625,8162.7001953125,8179.7001953125,819548300,-0.0019089932713535348,0.005074685019546862,0.0805581272622357
2024-07-01,8166.7998046875,8225.099609375,8164.10009765625,8164.10009765625,0,0.0003306256326334193,0.00490518490552613,0.07786739636885999
2024-07-02,8121.2001953125,8166.7998046875,8106.7998046875,8166.7998046875,757009000,-0.005599180808823081,0.0050215905801989855,0.0797152791671464
2024-07-03,8171.10009765625,8178.0,8121.2001953125,8121.2001953125,859717100,0.006125600127555786,0.005193777512840795,0.08244866198385793
2024-07-04,8241.2998046875,8258.0,8171.0,8171.10009765625,559314100,0.008554524085320255,0.005531613603324369,0.08781164365978905
2024-07-05,8203.900390625,8279.7998046875,8182.7001953125,8241.2998046875,1000832900,-0.004548376194152225,0.005507158038908214,0.08742342361008784
2024-07-08,8193.5,8232.7998046875,8175.2998046875,8203.900390625,704970200,-0.0012685415702402027,0.005420448299860507,0.0860469491754826
2024-07-09,8139.7998046875,8217.099609375,8132.5,8193.5,1039860100,-0.006575571310865306,0.005581032910209417,0.08859615083568716
2024-07-10,8193.5,8194.900390625,8138.2001953125,8139.7998046875,685247000,0.006575571310865197,0.00535333349495437,0.08498153467704907
2024-07-11,8223.2998046875,8231.7998046875,8190.7998046875,8193.5,582695700,0.003630407603405484,0.005095683804466877,0.08089147263863304
2024-07-12,8252.900390625,8276.2998046875,8223.2998046875,8223.2998046875,517847100,0.0035931364554268323,0.004932762846811056,0.07830518261472633
2024-07-15,8183.0,8252.900390625,8174.60009765625,8252.900390625,549833100,-0.008505869517729395,0.005288864403410651,0.08395811957619945
2024-07-16,8164.89990234375,8183.0,8126.10009765625,8183.0,565898400,-0.0022143645557398724,0.005313068612113316,0.0843423494776496
2024-07-17,8187.5,8204.2998046875,8132.0,8164.89990234375,746457300,0.0027641339718655457,0.005178934443208502,0.08221303555821875
2024-07-18,8204.900390625,8267.7998046875,8187.5,8187.5,541507400,0.0021229834247255006,0.005187056553500466,0.0823419700619402
2024-07-19,8155.7001953125,8184.2998046875,8135.10009765625,8150.10009765625,665426100,-0.0060144911390494354,0.004988635387702085,0.07919213170461602
2024-07-22,8198.7998046875,8240.400390625,8155.7001953125,8155.7001953125,782317000,0.005270685028705538,0.00508084860522687,0.08065597115159813
2024-07-23,8167.39990234375,8228.099609375,8151.5,8198.7998046875,882774300,-0.003837169463059821,0.004973235139520096,0.07894766034370672
2024-07-24,8153.7001953125,8170.7001953125,8112.0,8167.39990234375,614501800,-0.001678772897261105,0.004917650523548266,0.07806528192021178
2024-07-25,8186.39990234375,8187.5,8056.0,8153.7001953125,1025703700,0.004002392945893721,0.004987094836394555,0.07916767621076608
2024-07-26,8285.7001953125,8290.2998046875,8181.2001953125,8186.39990234375,659245500,0.012056932062602416,0.0055002835551440175,0.08731429456349575
2024-07-29,8292.400390625,8368.400390625,8285.7001953125,8285.7001953125,780780900,0.000808318859278374,0.005469861906086885,0.08683136585622982
2024-07-30,8274.400390625,8297.900390625,8235.599609375,8292.400390625,706783100,-0.0021730214928890003,0.005506450923707569,0.08741219850427277
2024-07-31,8368.0,8399.900390625,8274.400390625,8274.400390625,839006300,0.011248449032250304,0.005775284413202121,0.09167979784800245
2024-08-01,8283.400390625,8405.2001953125,8268.099609375,8368.0,911054200,-0.01016134803312093,0.0061911748295473525,0.09828185353383001
2024-08-02,8174.7001953125,8283.400390625,8158.0,8283.400390625,1234144400,-0.013209516534882232,0.006609318238520055,0.10491967436884528
2024-08-05,8008.2001953125,8174.7001953125,7915.89990234375,8174.7001953125,1648338500,-0.02057800163947688,0.007911401212005096,0.12558960077412284
2024-08-06,8026.7001953125,8058.2998046875,7949.89990234375,8008.2001953125,1282405500,0.002307467805572075,0.007947119947716188,0.12615661812514598
2024-08-07,8166.89990234375,8177.0,8026.7001953125,8026.7001953125,816442600,0.017315879024761647,0.00877312360564271,0.13926901969056546
2024-08-08,8145.0,8166.89990234375,8064.2998046875,8166.89990234375,755462800,-0.0026851458914124845,0.008666526059735308,0.1375768361095208
2024-08-09,8168.10009765625,8203.5,8144.39990234375,8145.0,873989200,0.002832093588340596,0.008650238848295123,0.13731828464339205
2024-08-12,8210.2998046875,8223.5,8168.10009765625,8168.10009765625,1655696200,0.005153104169569769,0.008692126484951664,0.1379832302610007
2024-08-13,8235.2001953125,8244.400390625,8188.0,8210.2998046875,532750100,0.003028233821222944,0.00850656090004254,0.13503746792363003
2024-08-14,8281.099609375,8288.7001953125,8230.7001953125,8235.2001953125,610726800,0.0055580890110937834,0.008560481192757506,0.13589342603449167
2024-08-15,8347.400390625,8367.0,8277.099609375,8281.099609375,863763000,0.007974397281066711,0.008698512702974321,0.13808460832923786
2024-08-16,8311.400390625,8350.400390625,8292.0,8347.400390625,515420800,-0.004322046528194259,0.008767409997093443,0.13917831896670466
2024-08-19,8356.900390625,8374.0,8286.5,8311.400390625,637975500,0.005459478276894908,0.008690855599041983,0.1379630555726302
2024-08-20,8273.2998046875,8356.900390625,8270.7001953125,8356.900390625,492210300,-0.010054153190200983,0.00896747143488632,0.14235419583470849
2024-08-21,8283.400390625,8295.900390625,8263.0,8273.2998046875,825049200,0.0012201208056442953,0.008914877952386177,0.14151930018303924
2024-08-22,8288.0,8318.599609375,8277.0,8283.400390625,797295800,0.0005551262276811325,0.008898743720616161,0.141263177193888
2024-08-23,8327.7998046875,8331.900390625,8288.0,8288.0,615482100,0.004790606684257157,0.008914672176223203,0.1415160335877214
2024-08-27,8345.5,8400.400390625,8327.7998046875,8327.7998046875,785508100,0.002123179234950877,0.008544203871749612,0.13563503157410814
2024-08-28,8343.900390625,8362.7001953125,8322.2998046875,8345.5,624469700,-0.00019169165367943666,0.008544264263876207,0.13563599026939682
2024-08-29,8379.599609375,8392.400390625,8336.599609375,8343.900390625,613890100,0.004269354259009065,0.008566852623182818,0.1359945693568984
2024-08-30,8376.599609375,8414.400390625,8363.7001953125,8379.599609375,1081528600,-0.0003580764340277773,0.008212703925813936,0.1303726330746452
2024-09-02,8363.7998046875,8380.099609375,8353.2001953125,8376.599609375,510920500,-0.001529211683097252,0.007885629036879198,0.12518048017735287
2024-09-03,8298.5,8381.0,8286.599609375,8363.7998046875,1022494600,-0.007838070345903383,0.007497638410895777,0.11902131993309441
2024-09-04,8269.599609375,8298.5,8219.2998046875,8298.5,724921200,-0.0034886825427625713,0.005807917700672245,0.09219783522665302
2024-09-05,8241.7001953125,8285.599609375,8241.7001953125,8269.599609375,738779600,-0.00337943601591965,0.00590165585455916,0.09368588228791148
2024-09-06,8181.5,8260.7001953125,8168.39990234375,8241.7001953125,704014000,-0.007331149133141077,0.0049174026163218846,0.07806134651499645
2024-09-09,8270.7998046875,8274.7001953125,8181.5,8181.5,626820000,0.010855708042959556,0.005400086997591212,0.08572372352243879
2024-09-10,8206.0,8271.099609375,8195.099609375,8270.7998046875,815663300,-0.007865621909778492,0.005688725912242005,0.09030572424360837
2024-09-11,8193.900390625,8232.7998046875,8170.0,8206.0,867081200,-0.0014755713488724825,0.005584285947628166,0.08864779120378073
2024-09-12,8241.0,8301.400390625,8193.900390625,8193.900390625,1071633400,0.0057316731101246,0.005690051099954297,0.09032676094637158
2024-09-13,8273.099609375,8287.900390625,8230.7998046875,8241.0,535984000,0.0038875446510640956,0.005620201947221383,0.08921794002185243
2024-09-16,8278.400390625,8290.0,8247.900390625,8273.099609375,451756300,0.0006405197633118282,0.005316560655177052,0.08439778394273463
2024-09-17,8309.900390625,8351.7001953125,8278.400390625,8278.400390625,746474800,0.0037978619121679736,0.005311964108499292,0.0843248160263403
2024-09-18,8253.7001953125,8310.0,8245.7001953125,8309.900390625,800042600,-0.006786013788357002,0.005353654187350429,0.08498662551101299
2024-09-19,8328.7001953125,8370.5,8253.7001953125,8253.7001953125,861254500,0.00904579670587889,0.005287741896817925,0.08394030033646314
2024-09-20,8230.0,8328.7001953125,8223.7998046875,8328.7001953125,1575731600,-0.01192139033633368,0.005915928989302853,0.09391246127767826
2024-09-23,8259.7001953125,8262.5,8210.099609375,8230.0,653474700,0.0036022762181840925,0.005975229319744085,0.09485382483974697
2024-09-24,8282.7998046875,8309.7998046875,8259.5,8259.7001953125,1018907500,0.0027927609960778157,0.005907943982546079,0.09378570322510468
2024-09-25,8268.7001953125,8319.400390625,8243.0,8282.7998046875,712916300,-0.0017037262828817428,0.0058898160990769124,0.09349793199637245
2024-09-26,8284.900390625,8332.900390625,8262.0,8268.7001953125,835609300,0.001957302328318625,0.005912973934957874,0.09386555124423329
2024-09-27,8320.7998046875,8334.599609375,8283.5,8284.900390625,801571600,0.004323752635305672,0.005915104770780175,0.09389937721425638
2024-09-30,8237.0,8324.599609375,8234.0,8320.7998046875,831097600,-0.01012218062487131,0.006288924745029977,0.09983358533609765
2024-10-01,8276.7001953125,8291.099609375,8226.2001953125,8237.0,928541100,0.004808161868841233,0.006403211161735585,0.10164782595711207
2024-10-02,8290.900390625,8322.599609375,8267.599609375,8276.7001953125,804855900,0.0017142130770411467,0.006191542627649666,0.09828769214769843
2024-10-03,8282.5,8332.7001953125,8262.0,8290.900390625,918547500,-0.0010137197130801094,0.0061460759621464476,0.09756593120850918
2024-10-04,8280.599609375,8300.7001953125,8234.2001953125,8282.5,721509500,-0.00022947282551678038,0.006095805740433175,0.09676791617847678
2024-10-07,8303.599609375,8323.400390625,8260.099609375,8280.599609375,645451200,0.0027737262972552506,0.0058640042669761685,0.09308818186464331
2024-10-08,8190.60009765625,8303.599609375,8184.0,8303.599609375,754710600,-0.013701941485835869,0.006178819137203902,0.09808571299852925
2024-10-09,8243.7001953125,8244.400390625,8188.7001953125,8190.60009765625,501110700,0.006462128778702462,0.0061113336866018865,0.09701441468208084
2024-10-10,8237.7001953125,8272.5,8218.400390625,8243.7001953125,675185500,-0.0007280935021119984,0.006103146261584965,0.09688444333924426
2024-10-11,8253.7001953125,8265.7001953125,8211.900390625,8237.7001953125,519343300,0.0019404058650263785,0.005987994101902413,0.09505645947453206
2024-10-14,8292.7001953125,8292.7001953125,8237.7001953125,8253.7001953125,652695500,0.004714024960217011,0.0060169625137754335,0.09551631875668709
2024-10-15,8249.2998046875,8306.2001953125,8242.0,8292.7001953125,836071600,-0.005247308693997063,0.0061273032332823645,0.09726792337648273
2024-10-16,8329.099609375,8346.599609375,8249.2998046875,8249.2998046875,983516200,0.009627035639896593,0.006439991677584585,0.10223169854528681
2024-10-17,8385.099609375,8395.599609375,8322.099609375,8329.099609375,910215100,0.006700914451333768,0.006390211794552966,0.10144146740051352
2024-10-18,8358.2998046875,8385.099609375,8315.900390625,8385.099609375,790396700,-0.003201240908329963,0.006149788280214807,0.09762486243088787
2024-10-21,8318.2001953125,8391.7998046875,8318.2001953125,8358.2998046875,641070600,-0.00480912501534812,0.005624029959904195,0.08927870783929837
2024-10-22,8306.5,8318.2001953125,8252.400390625,8318.2001953125,628688300,-0.0014075679088092733,0.0055923612134911775,0.08877598207524628
2024-10-23,8258.599609375,8323.2001953125,8252.400390625,8306.5,750920700,-0.005783306501425363,0.005710733974907872,0.09065509140752162
2024-10-24,8269.400390625,8337.7001953125,8256.7998046875,8258.599609375,1021483500,0.0013069679074855416,0.005707286944334953,0.09060037149357614
2024-10-25,8248.7998046875,8278.099609375,8246.2001953125,8269.400390625,963757400,-0.002494290706546408,0.005713778028495647,0.09070341426014646
2024-10-28,8285.599609375,8293.599609375,8208.900390625,8248.7998046875,1029866000,0.004451309603574111,0.005718901919293047,0.0907847535049163
2024-10-29,8219.599609375,8325.5,8215.2998046875,8285.599609375,1071605800,-0.007997522587509217,0.005550952518071383,0.08811863941406792
2024-10-30,8159.60009765625,8219.599609375,8153.7998046875,8219.599609375,1059873900,-0.007326338425038237,0.005645186810105537,0.08961456242424756
2024-10-31,8110.10009765625,8159.60009765625,8071.7001953125,8159.60009765625,1073856200,-0.0060849495860949765,0.005735722542135218,0.09105177261454188
2024-11-01,8177.2001953125,8202.599609375,8105.2998046875,8110.10009765625,865735500,0.008239607064883319,0.006083530912650177,0.09657305932827703
2024-11-04,8184.2001953125,8239.900390625,8175.7998046875,8177.2001953125,933157300,0.0008556725292430835,0.006091521741968432,0.09669990981114863
2024-11-05,8172.39990234375,8215.7998046875,8148.2998046875,8184.2001953125,841056500,-0.0014428787089674636,0.006045543621823588,0.0959700297812276
2024-11-06,8166.7001953125,8301.7998046875,8144.2998046875,8172.39990234375,1036073800,-0.0006976770113873222,0.005269666001907389,0.08365335440051386
2024-11-07,8140.7001953125,8195.2998046875,8140.7001953125,8166.7001953125,961904700,-0.003188739027433521,0.005082693325096088,0.08068525517167331
2024-11-08,8072.39990234375,8156.5,8060.89990234375,8140.7001953125,833664800,-0.008425371655304825,0.00536234017922594,0.08512451135736818
2024-11-11,8125.2001953125,8148.2001953125,8072.39990234375,8072.39990234375,648655300,0.006519543595457617,0.005575278912919219,0.08850480896044073
2024-11-12,8025.7998046875,8125.2001953125,8018.60009765625,8125.2001953125,973035400,-0.012309039149878947,0.005965427508434036,0.09469822590900075
2024-11-13,8030.2998046875,8062.7001953125,7995.89990234375,8025.7998046875,1001024100,0.000560534653783286,0.0059202846791536375,0.09398160571047807
2024-11-14,8071.2001953125,8083.10009765625,8012.7998046875,8030.2998046875,662893000,0.005080331471489555,0.005574450374315077,0.08849165631785168
2024-11-15,8063.60009765625,8091.89990234375,8030.0,8071.2001953125,740001000,-0.000942075275844086,0.0052526118827282975,0.08338262865145105
2024-11-18,8109.2998046875,8109.2998046875,8054.10009765625,8063.60009765625,800777400,0.0056514080886517016,0.005489624592615553,0.08714508877899012
2024-11-19,8099.0,8145.89990234375,8052.0,8109.2998046875,740741000,-0.0012709298566810781,0.005435081378489084,0.08627924209728143
2024-11-20,8085.10009765625,8128.39990234375,8074.2001953125,8099.0,744104500,-0.001717723651930133,0.005435890449189613,0.08629208569648143
2024-11-21,8149.2998046875,8152.89990234375,8065.2001953125,8085.10009765625,856150000,0.00790913641179349,0.005685012979202192,0.09024678325886049
2024-11-22,8262.099609375,8274.7998046875,8149.2998046875,8149.2998046875,791049500,0.013746735202340241,0.006488710920252168,0.1030050925462578
2024-11-25,8291.7001953125,8307.2998046875,8261.7998046875,8262.099609375,1952081800,0.003576292795093861,0.0065091918528270365,0.10333021727152851
2024-11-26,8258.599609375,8291.7001953125,8245.7998046875,8291.7001953125,771580100,-0.004000003681179084,0.006497505210970774,0.1031446975834496
2024-11-27,8274.7998046875,8280.0,8237.7001953125,8258.599609375,658162500,0.0019596938404963533,0.006255419751753173,0.09930171005676176
2024-11-28,8281.2001953125,8303.7998046875,8271.900390625,8274.7998046875,515831900,0.0007731808339997459,0.006005169199573869,0.09532910569762358
2024-11-29,8287.2998046875,8292.5,8252.900390625,8281.2001953125,588369200,0.000736289905611394,0.005800564556499565,0.09208110768164113
2024-12-02,8312.900390625,8332.0,8274.7001953125,8287.2998046875,822818500,0.003084373192120261,0.0055852466050190655,0.08866304116708948
2024-12-03,8359.400390625,8388.400390625,8311.900390625,8312.900390625,815525800,0.005578128799700656,0.005682510472264639,0.0902070571927946
2024-12-04,8335.7998046875,8362.7998046875,8322.7998046875,8359.400390625,760035100,-0.0028272319447303607,0.005720276155770314,0.09080656883268495
2024-12-05,8349.400390625,8350.7001953125,8321.599609375,8335.7998046875,855079400,0.001630257808180975,0.005709443882994247,0.09063461183329041
2024-12-06,8308.599609375,8357.599609375,8303.5,8349.400390625,1058504800,-0.004898650839306212,0.005784667141125079,0.09182874403622361
2024-12-09,8352.099609375,8372.099609375,8308.599609375,8308.599609375,731046000,0.005221881539961953,0.005431968815638695,0.0862298316938283
2024-12-10,8280.400390625,8352.099609375,8274.5,8352.099609375,605634700,-0.008621633895292047,0.005745237515994094,0.09120281814191308
2024-12-11,8301.599609375,8318.900390625,8248.400390625,8280.400390625,1274444500,0.002556896671034405,0.004888089516190905,0.07759601547637901
2024-12-12,8311.7998046875,8331.099609375,8300.2001953125,8301.599609375,584951900,0.001227948156783518,0.004883099557718476,0.07751680234135548
2024-12-13,8300.2998046875,8331.900390625,8282.400390625,8311.7998046875,653230000,-0.0013845332146419783,0.004859134394059645,0.07713636716233412
2024-12-16,8262.099609375,8305.2001953125,8254.099609375,8300.2998046875,621726000,-0.004612889967833327,0.005008784662680084,0.07951199152875628
2024-12-17,8195.2001953125,8262.099609375,8190.2001953125,8262.099609375,1176055700,-0.008130104373439235,0.00528579783306625,0.08390943928114442
2024-12-18,8199.099609375,8231.7998046875,8191.60009765625,8195.2001953125,836400800,0.00047570365096288257,0.005270228296206077,0.08366228054578159
2024-12-19,8105.2998046875,8199.099609375,8079.0,8199.099609375,802810600,-0.011506199912063877,0.005881483456342044,0.09336565539372998
2024-12-20,8084.60009765625,8105.7998046875,8002.2998046875,8105.2998046875,1608807700,-0.00255711504523716,0.0056262434031833855,0.08931384516204569
2024-12-23,8102.7001953125,8111.39990234375,8051.89990234375,8084.60009765625,573891100,0.002236334023853638,0.004658721521929576,0.07395491144718001
2024-12-24,8137.0,8152.0,8102.7001953125,8102.7001953125,243246600,0.004224198141387708,0.004692066807430141,0.07448425144416566
2024-12-27,8149.7998046875,8151.2998046875,8112.2998046875,8137.0,356239100,0.0015718013945305287,0.004665275786344526,0.07405895716919352
2024-12-30,8121.0,8149.7998046875,8094.89990234375,8149.7998046875,325039700,-0.0035400638087768666,0.004666910017485289,0.07408489978429306
2024-12-31,8173.0,8180.39990234375,8096.7001953125,8121.0,203355200,0.006382739233718865,0.004920707635248335,0.07811381206394294
2025-01-02,8260.099609375,8270.599609375,8160.60009765625,8173.0,422219900,0.01060060817254994,0.0054946343111918735,0.0872246155959383
2025-01-03,8224.0,8269.0,8219.7001953125,8260.099609375,742503900,-0.004379937993733367,0.005515887986701602,0.08756200723500714
2025-01-06,8249.7001953125,8249.7001953125,8197.5,8224.0,766244700,0.0031201510113467294,0.005405162309947889,0.08580429160836923
2025-01-07,8245.2998046875,8251.7998046875,8190.5,8249.7001953125,741506800,-0.0005335423739784542,0.005381645379411258,0.08543097190957219
2025-01-08,8251.0,8267.400390625,8189.5,8245.2998046875,899645300,0.0006910877720286883,0.0053667662844602195,0.08519477359972721
2025-01-09,8319.7001953125,8322.599609375,8243.2001953125,8251.0,837818000,0.008291814844415428,0.005600932632922565,0.08891204914043596
2025-01-10,8248.5,8326.2998046875,8247.599609375,8319.7001953125,912377200,-0.008594854332779626,0.005773554839388903,0.09165234171489901
2025-01-13,8224.2001953125,8254.0,8192.2998046875,8248.5,896847800,-0.002950314402078401,0.005505726606063922,0.08740070031814093
2025-01-14,8201.5,8244.2998046875,8193.5,8224.2001953125,955210200,-0.0027639868613602474,0.0054889120958641225,0.08713377824370476
2025-01-15,8301.099609375,8307.599609375,8199.599609375,8201.5,1038434200,0.012070924714272633,0.006138775618170682,0.09745004184063856
2025-01-16,8391.900390625,8391.900390625,8301.099609375,8301.099609375,801801600,0.010879012375601734,0.006574458883804904,0.10436629926820243
2025-01-17,8505.2001953125,8533.400390625,8391.7998046875,8391.900390625,1066188700,0.013410762654024149,0.007031113748697871,0.11161547051316997
2025-01-20,8520.5,8548.599609375,8501.7998046875,8505.2001953125,731489400,0.0017972604510086562,0.006684879470635315,0.1061191717424529
2025-01-21,8548.2998046875,8550.400390625,8513.400390625,8520.5,793665300,0.0032573853565050354,0.0066837699454014386,0.10610155857539978
2025-01-22,8545.099609375,8584.7001953125,8527.7998046875,8548.2998046875,993162800,-0.00037443638592527683,0.005962737860886912,0.09465552907785613
2025-01-23,8565.2001953125,8572.5,8532.099609375,8545.099609375,1052013500,0.0023495316170629244,0.005849050542342365,0.09285079884531221
2025-01-24,8502.400390625,8586.7001953125,8492.7001953125,8565.2001953125,699240800,-0.007358982626686419,0.006252071699294418,0.09924856137166818
2025-01-27,8503.7001953125,8514.2001953125,8462.2001953125,8502.400390625,684095200,0.00015286334259440227,0.00625231410445116,0.09925240943423573
2025-01-28,8533.900390625,8573.0,8503.599609375,8503.7001953125,762856300,0.0035451267670753087,0.006258819351089493,0.09935567702316875
2025-01-29,8557.7998046875,8584.099609375,8518.2998046875,8533.900390625,769283700,0.002796612316611615,0.006119806208601906,0.0971489117992183
2025-01-30,8646.900390625,8655.2001953125,8547.900390625,8557.7998046875,641234300,0.010357795429500332,0.006304756629454357,0.10008490870993221
2025-01-31,8674.0,8692.7998046875,8646.900390625,8646.900390625,1136186800,0.0031291250311262877,0.006040972442400606,0.0958974645575188
2025-02-03,8583.599609375,8674.0,8520.2001953125,8674.0,776851300,-0.010476685001269056,0.006507932106812574,0.10331021942351226
2025-02-04,8570.7998046875,8583.599609375,8524.7001953125,8583.599609375,1132804200,-0.001492306055601492,0.006547296923425351,0.10393511651449071
2025-02-05,8623.2998046875,8623.2998046875,8550.2001953125,8570.7998046875,794984000,0.006106765035408734,0.006588254994105972,0.10458530572970227
2025-02-06,8727.2998046875,8767.5,8623.2998046875,8623.2998046875,776192500,0.011988201893382608,0.006917502101418449,0.10981194152471954
2025-02-07,8700.5,8728.900390625,8685.7998046875,8727.2998046875,993507700,-0.003075526011599234,0.006900527840700416,0.109542483489425
2025-02-10,8767.7998046875,8785.900390625,8694.599609375,8700.5,835975800,0.007705402176915757,0.006541094367526752,0.10383665399208668
2025-02-11,8777.400390625,8789.599609375,8750.5,8767.7998046875,900729100,0.0010943832830431403,0.0064183869817152,0.10188873463075736
2025-02-12,8807.400390625,8810.599609375,8759.400390625,8777.400390625,853097300,0.0034120408275581434,0.006276181009315334,0.09963128480324838
2025-02-13,8764.7001953125,8820.900390625,8729.599609375,8807.400390625,873981500,-0.004860008528943683,0.006192738946409323,0.09830668311925932
2025-02-14,8732.5,8767.7001953125,8717.5,8764.7001953125,900486200,-0.0036806153332195313,0.006030984375396568,0.09573890890929318
2025-02-17,8768.0,8769.099609375,8725.2998046875,8732.5,628962700,0.004057032506809775,0.005455921408924664,0.0866100673243668
2025-02-18,8766.7001953125,8787.7001953125,8757.7998046875,8768.0,681039100,-0.0001482551370029089,0.0054662218751297354,0.08677358215616666
2025-02-19,8712.5,8771.2001953125,8696.900390625,8766.7001953125,763343900,-0.006201698982014562,0.005687015971432916,0.09027857977478343
2025-02-20,8663.0,8712.7001953125,8650.7998046875,8712.5,1295365000,-0.005697693178639079,0.005862862189819183,0.09307005195183073
2025-02-21,8659.400390625,8684.7998046875,8638.599609375,8663.0,987174200,-0.00041560168863896604,0.005853887823839392,0.0929275883084887
2025-02-24,8659.0,8688.2998046875,8614.099609375,8659.400390625,793153400,-4.6238753700159006e-05,0.005572446975546162,0.08845985334833503
2025-02-25,8668.7001953125,8712.2001953125,8628.099609375,8659.0,918642700,0.0011196172852095392,0.0055702271025036545,0.08842461395625936
2025-02-26,8731.5,8738.2998046875,8668.7001953125,8668.7001953125,983507000,0.00721831664688919,0.005712790370577251,0.09068773567675158
2025-02-27,8756.2001953125,8768.099609375,8680.599609375,8731.5,1169088400,0.00282486678774224,0.005713215704548881,0.09069448764423006
2025-02-28,8809.7001953125,8810.5,8715.400390625,8756.2001953125,2236877400,0.006091366139564025,0.0054363741283530225,0.08629976386516579
2025-03-03,8871.2998046875,8908.7998046875,8809.7001953125,8809.7001953125,1257576300,0.006967915684185473,0.0055781835583541455,0.08855091877724655
2025-03-04,8759.0,8873.7001953125,8746.0,8871.2998046875,1075235300,-0.012739581828302555,0.0058286447612788585,0.09252686711329978
2025-03-05,8755.7998046875,8835.7001953125,8752.5,8759.0,1274923200,-0.00036542756797662107,0.005810065146194131,0.09223192486748283
2025-03-06,8682.7998046875,8778.2001953125,8645.7998046875,8755.7998046875,1027583200,-0.00837228080768931,0.006030773745553185,0.09573556526418751
2025-03-07,8679.900390625,8701.2998046875,8627.2998046875,8682.7998046875,916305900,-0.0003339819333209153,0.005406655276927222,0.08582799172442691
2025-03-10,8600.2001953125,8700.7998046875,8591.599609375,8679.900390625,1518951000,-0.00922457135873437,0.00572399547301244,0.09086561116350267
2025-03-11,8496.0,8603.900390625,8481.099609375,8600.2001953125,1065664100,-0.012190017013647723,0.005931637986253049,0.0941618338733372
2025-03-12,8541.0,8565.5,8496.0,8496.0,974845500,0.005282632464427218,0.006091472482768667,0.09669912784559447
2025-03-13,8542.599609375,8581.599609375,8513.7001953125,8541.0,772709400,0.00018726842307828924,0.006006802436118344,0.09535503252399652
2025-03-14,8632.2998046875,8642.7998046875,8538.099609375,8542.599609375,770290500,0.010445593741271074,0.006482543374171933,0.1029071857874908
2025-03-17,8680.2998046875,8688.400390625,8625.0,8632.2998046875,845612500,0.005545108657958549,0.0065840326628913886,0.10451827829962188
2025-03-18,8705.2001953125,8727.0,8680.2998046875,8680.2998046875,1112954700,0.002864502907758984,0.006549759219948287,0.10397420426001343
2025-03-19,8706.7001953125,8718.7001953125,8662.599609375,8705.2001953125,824383600,0.00017229595507191326,0.006550607510319261,0.10398767045218044
2025-03-20,8702.0,8742.7998046875,8665.2998046875,8706.7001953125,918761900,-0.0005399823506608266,0.006411771776411397,0.10178372150212436
2025-03-21,8646.7998046875,8702.0,8616.0,8702.0,1930845700,-0.006363596584563899,0.006442633032002818,0.10227362874677697
2025-03-24,8638.0,8695.599609375,8616.400390625,8646.7998046875,617343400,-0.0010182131754150575,0.006445501234710643,0.10231916005322472
2025-03-25,8663.7998046875,8717.0,8638.0,8638.0,1090882500,0.0029823283243711053,0.006480967522773741,0.10288216992207394
2025-03-26,8689.599609375,8714.7998046875,8656.400390625,8663.7998046875,704514600,0.002973460482399761,0.00650916749805253,0.10332983065146903
2025-03-27,8666.099609375,8689.7001953125,8611.400390625,8689.599609375,702932000,-0.002708045820023337,0.006325342142925792,0.10041169360546813
2025-03-28,8658.900390625,8694.2001953125,8636.900390625,8666.099609375,747545800,-0.0008310786914135711,0.006283532560590872,0.09974798706180206
2025-03-31,8582.7998046875,8658.900390625,8531.0,8658.900390625,925075000,-0.008827561001323031,0.0063403506513225625,0.10064994629007541
2025-04-01,8634.7998046875,8671.900390625,8581.900390625,8582.7998046875,682410100,0.006040349326837513,0.006283266909737008,0.09974376998523268
2025-04-02,8608.5,8634.7998046875,8548.2998046875,8634.7998046875,601417800,-0.003050439924968017,0.005731757046629309,0.0909888223249392
2025-04-03,8474.7001953125,8608.5,8453.2001953125,8608.5,1403210800,-0.015664809777958363,0.006579945225140664,0.10445339223689463
2025-04-04,8055.0,8474.7001953125,8023.5,8474.7001953125,1572146400,-0.05079226082749389,0.012566134262418852,0.1994811971988501
2025-04-07,7702.10009765625,8055.0,7544.7998046875,8055.0,2001791200,-0.044799985000722645,0.015416059425127178,0.24472235661287922
2025-04-08,7910.5,7984.2001953125,7702.10009765625,7702.10009765625,1346508600,0.026697959278766375,0.01692369338852702,0.26865530382450303
2025-04-09,7679.5,7910.5,7599.60009765625,7910.5,1348496400,-0.029636550033435613,0.017754666574423886,0.28184659420077995
2025-04-10,7913.2998046875,8166.5,7679.5,7679.5,1430098700,0.029990422649529884,0.019215585678261895,0.30503796600681227
2025-04-11,7964.2001953125,8000.7998046875,7862.7001953125,7913.2998046875,1328746600,0.0064116598958925365,0.019325183497211972,0.3067777774458742
2025-04-14,8134.2998046875,8160.2001953125,7964.2001953125,7964.2001953125,712694800,0.021133141597722265,0.019840205986198168,0.3149535059986521
2025-04-15,8249.099609375,8257.7998046875,8134.0,8134.2998046875,830488500,0.014014391116310376,0.020103288116432833,0.31912980534456825
2025-04-16,8275.599609375,8281.099609375,8177.0,8249.099609375,804660100,0.0032073228524335156,0.02010793794377416,0.31920361906527545
2025-04-17,8275.7001953125,8295.099609375,8195.7001953125,8275.599609375,735769800,1.2154445715900803e-05,0.020106940018182255,0.31918777748761673
2025-04-22,8328.599609375,8337.7001953125,8262.5,8275.7001953125,1042190300,0.006371794494189986,0.020195585756903365,0.3205949849642667
2025-04-23,8403.2001953125,8467.7998046875,8328.2998046875,8328.599609375,1043916400,0.00891728100357842,0.020308820468598783,0.32239253028582376
2025-04-24,8407.400390625,8415.099609375,8361.7998046875,8403.2001953125,1126605500,0.0004997079525422937,0.020312801585194225,0.3224557285525351
2025-04-25,8415.2998046875,8442.7001953125,8397.099609375,8407.400390625,802734000,0.0009391375405113836,0.020296208657346004,0.3221923239888821
2025-04-28,8417.2998046875,8452.599609375,8415.2001953125,8415.2998046875,738741700,0.00023763412138640198,0.02027559820140486,0.3218651431439146
2025-04-29,8463.5,8470.400390625,8404.099609375,8417.2998046875,655924800,0.005473711103655963,0.020330084168404046,0.32273008105565093
2025-04-30,8494.900390625,8494.900390625,8430.5,8463.5,1589592400,0.003703229760694967,0.020357438699543144,0.32316432077539986
2025-05-01,8496.7998046875,8505.2998046875,8468.2998046875,8494.900390625,527568800,0.00022356963088794468,0.020277095965740215,0.3218889194156382
2025-05-02,8596.400390625,8622.099609375,8496.7998046875,8496.7998046875,908575200,0.01165395737084858,0.020403951511389077,0.32390268877293593
2025-05-06,8597.400390625,8641.7001953125,8569.099609375,8596.400390625,980036200,0.00011632099427588612,0.0203936261569103,0.32373877885203933
2025-05-07,8559.2998046875,8600.0,8533.599609375,8597.400390625,1265512400,-0.004441489113567799,0.020109352515075903,0.3192260746885326
2025-05-08,8531.599609375,8607.7001953125,8514.0,8559.2998046875,894696500,-0.0032415168910923118,0.016379440135271664,0.2600155512743939
2025-05-09,8554.7998046875,8581.5,8531.599609375,8531.599609375,697106500,0.0027156346996341147,0.012244211955424212,0.19437083900409807
2025-05-12,8605.0,8646.2998046875,8546.2998046875,8554.7998046875,804071800,0.00585092356480697,0.011197412498457472,0.17775341278994936
2025-05-13,8602.900390625,8623.7998046875,8583.900390625,8605.0,694005000,-0.0002440285377945141,0.008223957169433357,0.13055127277900405
2025-05-14,8585.0,8616.099609375,8558.2001953125,8602.900390625,857059700,-0.002082906776269341,0.006145858740858455,0.0975624829274642
2025-05-15,8633.7998046875,8634.599609375,8531.099609375,8585.0,1229933100,0.005668215659282807,0.006132671092609489,0.09735313550159683
2025-05-16,8684.599609375,8697.0,8633.599609375,8633.7998046875,950109800,0.005866587225559351,0.004723754664240647,0.07498728057637301
2025-05-19,8699.2998046875,8699.2998046875,8613.5,8684.599609375,890111700,0.0016912429675617997,0.00401454120307305,0.06372886590812005
2025-05-20,8781.099609375,8789.400390625,8698.099609375,8699.2998046875,950651400,0.009359099850999567,0.004281948019788332,0.06797381752359245
2025-05-21,8786.5,8798.5,8762.0,8781.099609375,923718700,0.0006148125999214389,0.0042641476516576265,0.06769124543967697
2025-05-22,8739.2998046875,8786.5,8689.400390625,8786.5,815431200,-0.005386380074756725,0.0045417977199016,0.07209880363211897
2025-05-23,8718.0,8779.400390625,8604.7998046875,8739.2998046875,1051526200,-0.0024402187618061777,0.004387017956841318,0.06964175106586092
2025-05-27,8778.099609375,8824.0,8718.0,8718.0,840001900,0.006870085001657276,0.0045145408385941655,0.0716661140553909
2025-05-28,8726.0,8799.7998046875,8726.0,8778.099609375,816619700,-0.005952864116440284,0.004838572029403363,0.07680994974284643
2025-05-29,8716.5,8776.2998046875,8709.099609375,8726.0,973200900,-0.0010892935002849399,0.004867564079277586,0.07727018426663748
2025-05-30,8772.400390625,8790.5,8715.599609375,8716.5,1740609200,0.006392692478942206,0.004907501193855792,0.07790416630617004
2025-06-02,8774.2998046875,8792.099609375,8730.599609375,8772.400390625,669303400,0.00021649815051001287,0.004895555774197862,0.07771453864784293
2025-06-03,8787.0,8801.5,8738.5,8774.2998046875,690088000,0.0014463846831209019,0.0048863660275383905,0.07756865594220703
2025-06-04,8801.2998046875,8821.400390625,8780.400390625,8787.0,741650200,0.0016260591412586573,0.0043107195198222046,0.06843055092720793
2025-06-05,8811.0,8838.7998046875,8782.099609375,8801.2998046875,722917300,0.001101525229627967,0.004304587322579279,0.06833320531383685
2025-06-06,8837.900390625,8851.400390625,8805.599609375,8811.0,718102200,0.003048395181691165,0.004122973981290524,0.0654501828989076
2025-06-09,8832.2998046875,8850.900390625,8812.099609375,8837.900390625,573091300,-0.0006339018305549653,0.004009951325111681,0.06365600385431654
2025-06-10,8853.099609375,8886.099609375,8832.2998046875,8832.2998046875,734467300,0.0023522018124339204,0.004005902002722249,0.06359172285419196
2025-06-11,8864.400390625,8885.400390625,8847.2998046875,8853.099609375,805983200,0.0012756633591076976,0.0038876550187636675,0.061714610177164855
2025-06-12,8884.900390625,8896.900390625,8843.599609375,8864.400390625,767509300,0.0023099511770183438,0.0038731051039854578,0.0614836374405629
2025-06-13,8850.599609375,8898.599609375,8822.2001953125,8884.900390625,711772600,-0.0038680413877946497,0.003974757391914629,0.06309731748493082
2025-06-16,8875.2001953125,8902.400390625,8850.599609375,8850.599609375,842787400,0.002775683128884529,0.003870043656423442,0.06143503846715715
2025-06-17,8834.0,8875.2001953125,8809.900390625,8875.2001953125,851103300,-0.004652979151044418,0.00393151441751108,0.062410856547595685
2025-06-18,8843.5,8858.599609375,8820.400390625,8834.0,657935000,0.0010748127183765536,0.003926921765444335,0.06233795045623457
2025-06-19,8791.7998046875,8844.099609375,8788.7998046875,8843.5,481335200,-0.005863279218117033,0.003660597115268126,0.058110177701999416
2025-06-20,8774.7001953125,8847.2998046875,8772.2998046875,8791.7998046875,1831139500,-0.0019468436826814537,0.003683722678284833,0.058477284634022776
2025-06-23,8758.0,8787.099609375,8741.400390625,8774.7001953125,611232900,-0.0019050346127061947,0.0035062854463392356,0.055660555899712354
2025-06-24,8759.0,8831.900390625,8758.0,8758.0,1063635300,0.00011417480174537865,0.003457661128523483,0.05488866878404847
2025-06-25,8718.7998046875,8792.400390625,8716.2001953125,8759.0,699302400,-0.004600151810036922,0.0032552427810956775,0.0516753771355046
2025-06-26,8735.599609375,8757.099609375,8707.7001953125,8718.7998046875,768435000,0.0019249943211163804,0.0030193663232298126,0.0479309544496173
2025-06-27,8798.900390625,8798.900390625,8735.599609375,8735.599609375,711522100,0.007220172373731183,0.0033846543188855837,0.05372972161015178
2025-06-30,8761.0,8818.400390625,8761.0,8798.900390625,713304300,-0.004316704381535776,0.0032482321951489983,0.051564087533746056
2025-07-01,8785.2998046875,8790.7998046875,8726.900390625,8761.0,766020100,0.0027697942578406333,0.0033064400592024193,0.052488108729547706
2025-07-02,8774.7001953125,8828.2001953125,8739.0,8785.2998046875,1097788200,-0.0012072449501547085,0.0033014969539601874,0.05240963936649551
2025-07-03,8823.2001953125,8837.7998046875,8774.7001953125,8774.7001953125,651280900,0.005512035154130196,0.0035038224040873957,0.055621456316110277
2025-07-04,8822.900390625,8830.900390625,8782.099609375,8823.2001953125,444807000,-3.397970968924964e-05,0.0034966454436034865,0.05550752560045171
2025-07-07,8806.5,8836.900390625,8798.7001953125,8822.900390625,580213300,-0.001860573246140388,0.0034509643970151555,0.054782361467040436
2025-07-08,8854.2001953125,8854.2001953125,8803.2998046875,8806.5,698144300,0.0054018595838487395,0.0036556296244929904,0.058031321230613324
2025-07-09,8867.0,8887.7001953125,8854.2001953125,8854.2001953125,707584400,0.001444575623807994,0.0036331896974636678,0.057675098432465176
2025-07-10,8975.7001953125,8979.400390625,8867.0,8867.0,750104900,0.012184427124175558,0.004491868284650945,0.07130619841946814
2025-07-11,8941.099609375,8984.099609375,8918.5,8975.7001953125,685521300,-0.0038623670888351743,0.004575151965529616,0.07262828586671832
2025-07-14,8998.099609375,8999.2001953125,8931.099609375,8941.099609375,514090200,0.00635482009286705,0.0046526706278788845,0.07385885648197363
2025-07-15,8938.2998046875,9017.0,8938.2998046875,8998.099609375,688056100,-0.006668007873456909,0.004900629596898896,0.07779508308622314
2025-07-16,8926.599609375,8972.2998046875,8926.599609375,8938.2998046875,633643300,-0.0013098531051499462,0.004783309733842627,0.07593268799725289
2025-07-17,8972.599609375,8982.7998046875,8926.599609375,8926.599609375,566360500,0.005139906060512586,0.004888969596798569,0.07760998632290843
2025-07-18,8992.099609375,9016.400390625,8969.099609375,8972.599609375,678409600,0.0021709250370454945,0.0046594652518075,0.07396671779297757
2025-07-21,9013.0,9013.0,8975.2001953125,8992.099609375,770772700,0.002321608929244088,0.004614037076646918,0.07324556786903529
2025-07-22,9023.7998046875,9035.400390625,8995.099609375,9013.0,637414800,0.0011975301711049664,0.004556400700259068,0.07233061875867629
2025-07-23,9061.5,9080.099609375,9023.2998046875,9023.7998046875,716780800,0.004169159519390883,0.004583968532028901,0.07276824452096575
2025-07-24,9138.400390625,9158.2001953125,9060.7001953125,9061.5,800722200,0.008450688918278567,0.004583645129596163,0.07276311066650323
2025-07-25,9120.2998046875,9145.0,9094.7001953125,9138.400390625,1064163700,-0.001982681316125099,0.004675399653518065,0.07421966857827812
2025-07-28,9081.400390625,9169.0,9058.400390625,9120.2998046875,543629900,-0.004274268103241124,0.004712811517333359,0.07481356350471023
2025-07-29,9136.2998046875,9163.2001953125,9076.400390625,9081.400390625,717674800,0.006027059361055908,0.004613442317133041,0.07323612635445363
2025-07-30,9136.900390625,9146.7998046875,9091.5,9136.2998046875,774736700,6.573407299172325e-05,0.004628517887312713,0.07347544361186112
2025-07-31,9132.7998046875,9190.7001953125,9115.7998046875,9136.900390625,926035400,-0.0004488947232324608,0.004606224464481155,0.07312154649575285
2025-08-01,9068.599609375,9132.7998046875,9027.900390625,9132.7998046875,750993500,-0.0070544533524061915,0.0049197611766712245,0.0780987874998154
2025-08-04,9128.2998046875,9129.099609375,9068.099609375,9068.599609375,1259903600,0.006561602408339529,0.005039001733241571,0.0799916726530838
2025-08-05,9142.7001953125,9178.0,9126.599609375,9128.2998046875,815463500,0.001576311488893835,0.004975705595690457,0.07898687761961667
2025-08-06,9164.2998046875,9184.2001953125,9142.7001953125,9142.7001953125,902688800,0.002359711519926377,0.004908947181030526,0.07792712064095005
2025-08-07,9100.7998046875,9164.2998046875,9084.5,9164.2998046875,857875100,-0.006953179253600236,0.005255418226513751,0.08342717797794902
2025-08-08,9095.7001953125,9127.099609375,9079.900390625,9100.7998046875,874135800,-0.0005605044386019616,0.004626540647895515,0.07344405590917909
2025-08-11,9129.7001953125,9137.7001953125,9093.2001953125,9095.7001953125,574794700,0.0037310609055031456,0.004553846121515281,0.07229006607831273
2025-08-12,9147.7998046875,9165.0,9119.400390625,9129.7001953125,620578300,0.0019805351159992925,0.004393598207157067,0.06974620930126108
2025-08-13,9165.2001953125,9182.7001953125,9142.400390625,9147.7998046875,668377900,0.0019003326447278467,0.0040513114504766795,0.06431257548977798
2025-08-14,9177.2001953125,9177.2001953125,9133.7001953125,9165.2001953125,558589800,0.001308443982954329,0.004010494161779082,0.06366462111926337
2025-08-15,9138.900390625,9222.099609375,9129.5,9177.2001953125,637843000,-0.004182097639130172,0.004081635419343213,0.06479395357208986
2025-08-18,9157.7001953125,9165.7001953125,9126.900390625,9138.900390625,904487300,0.0020550059247607453,0.004079872496810395,0.0647659680444748
2025-08-19,9189.2001953125,9197.099609375,9154.7998046875,9157.7001953125,638477900,0.003433825908586364,0.004106802747534929,0.06519347252144521
2025-08-20,9288.099609375,9301.2001953125,9166.7998046875,9189.2001953125,738157900,0.010705066171212743,0.004629500934425454,0.07349104900098535
2025-08-21,9309.2001953125,9309.2001953125,9257.5,9288.099609375,471872700,0.0022692106072997368,0.00459055979240615,0.07287287753567381
2025-08-22,9321.400390625,9357.5,9285.599609375,9309.2001953125,503779500,0.001309694445988385,0.004287649737234063,0.06806432948203663
2025-08-26,9265.7998046875,9325.900390625,9249.599609375,9321.400390625,1238002200,-0.005982692518937094,0.0045073930459321575,0.07155264636455055
2025-08-27,9255.5,9301.900390625,9230.599609375,9265.7998046875,580184000,-0.0011122119784103953,0.004382105320397634,0.06956376537999094
2025-08-28,9216.7998046875,9270.0,9207.400390625,9255.5,545856600,-0.0041900848668193595,0.004351984380420925,0.0690856102813877
2025-08-29,9187.2998046875,9223.099609375,9179.2001953125,9216.7998046875,786259500,-0.0032058102152195227,0.004423188124374588,0.07021593467489635
2025-09-01,9196.2998046875,9226.599609375,9179.7998046875,9187.2998046875,432004700,0.0009791336746082671,0.0044226904628408325,0.07020803454296397
2025-09-02,9116.7001953125,9196.5,9108.2001953125,9196.2998046875,704169000,-0.00869329008625004,0.004571462375985128,0.0725697154484706
2025-09-03,9178.0,9179.599609375,9107.400390625,9116.7001953125,705659700,0.006701398048719796,0.004581201332119246,0.07272431658423208
2025-09-04,9216.900390625,9231.400390625,9155.5,9178.0,487597700,0.004229481844217966,0.004655344421788015,0.07390130164441722
2025-09-05,9208.2001953125,9253.5,9197.599609375,9216.900390625,524336500,-0.0009443851791783592,0.004641077102032431,0.07367481496472493
2025-09-08,9221.400390625,9234.900390625,9190.599609375,9208.2001953125,478762300,0.001432499582206584,0.004343570567119899,0.06895204513595425
2025-09-09,9242.5,9254.2998046875,9221.400390625,9221.400390625,679753900,0.0022854996087621707,0.0043490660204985165,0.06903928275384247
2025-09-10,9225.400390625,9290.599609375,9222.400390625,9242.5,1101672800,-0.0018518200661545314,0.0043291142378862986,0.06872255802381637
2025-09-11,9297.599609375,9297.599609375,9225.400390625,9225.400390625,628343100,0.007795668562677544,0.004605915457880917,0.0731166411680466
2025-09-12,9283.2998046875,9340.7001953125,9283.2998046875,9297.599609375,640038400,-0.0015391943298330615,0.004624956165626549,0.07341890303293623
2025-09-15,9277.0,9314.400390625,9262.7001953125,9283.2998046875,896734100,-0.0006788473242053591,0.0046302719720286,0.07350328884348178
2025-09-16,9195.7001953125,9282.099609375,9195.7001953125,9277.0,1160022600,-0.00880221394230336,0.004962459727941131,0.07877660598783287
2025-09-17,9208.400390625,9245.7001953125,9195.7001953125,9195.7001953125,550017700,0.0013801486542797728,0.0049526681220494065,0.07862116906308013
2025-09-18,9228.099609375,9245.2001953125,9208.2998046875,9208.400390625,641326900,0.0021369811240401194,0.004919124796536759,0.07808868527836481
2025-09-19,9216.7001953125,9251.0,9207.7001953125,9228.099609375,1741545500,-0.00123605738577594,0.004294759352396203,0.068177191123855
2025-09-22,9226.7001953125,9234.599609375,9194.2998046875,9216.7001953125,608280800,0.0010843988384070442,0.004266076343258276,0.0677218624696633
2025-09-23,9223.2998046875,9266.900390625,9223.2998046875,9226.7001953125,690489000,-0.00036860603398380915,0.004247656755448023,0.06742946057807384
2025-09-24,9250.400390625,9266.400390625,9177.099609375,9223.2998046875,631425700,0.0029339661347198183,0.0041162231843335706,0.06534301731951005
2025-09-25,9214.0,9251.2001953125,9203.2001953125,9250.400390625,652023200,-0.003942769546792539,0.004197286958845791,0.06662986484568335
2025-09-26,9284.7998046875,9292.099609375,9208.5,9214.0,687681900,0.007654566904756183,0.004425881775507527,0.07025869506099551
2025-09-29,9299.7998046875,9354.599609375,9284.7998046875,9284.7998046875,546230500,0.001614240131344855,0.004356698491951306,0.06916044448195977
2025-09-30,9350.400390625,9363.599609375,9266.2998046875,9299.7998046875,770556700,0.005426291360649194,0.0044833346527560275,0.07117073121282343
2025-10-01,9446.400390625,9457.900390625,9347.599609375,9350.5,853312200,0.010214592985162627,0.004380761454077537,0.0695424321635212
2025-10-02,9427.7001953125,9475.099609375,9417.599609375,9446.400390625,650916500,-0.001981572721456802,0.004293175994859539,0.06815205610218393
2025-10-03,9491.2998046875,9494.599609375,9425.0,9427.7001953125,596685900,0.006723383789202782,0.004411750426901816,0.07003436685639149
2025-10-06,9479.099609375,9516.7998046875,9465.400390625,9491.2001953125,608049100,-0.0012862351211706125,0.004421441679277282,0.07018821071846097
2025-10-07,9483.599609375,9507.099609375,9473.099609375,9479.099609375,647484600,0.00047461598505166075,0.00442581949057105,0.07025770631828145
2025-10-08,9548.900390625,9577.099609375,9483.599609375,9483.599609375,800211500,0.006862055693053582,0.004584780233127786,0.07278112987644517
2025-10-09,9509.400390625,9565.5,9501.099609375,9548.900390625,963047900,-0.004145181358245902,0.004695904299674914,0.07454516974499252
2025-10-10,9427.5,9520.0,9414.599609375,9509.400390625,633596500,-0.008649874011697523,0.004948172343977746,0.07854980079871603
2025-10-13,9442.900390625,9459.900390625,9409.7001953125,9427.5,866346000,0.0016322275866231931,0.004926020586382145,0.07819815254851034
2025-10-14,9452.7998046875,9454.2998046875,9384.2001953125,9442.900390625,715453800,0.0010477955160031161,0.00491429319412381,0.07801198596785319
2025-10-15,9424.7998046875,9474.2998046875,9395.099609375,9452.7998046875,610965100,-0.002966481026480496,0.004484814875414403,0.07119422901905781
2025-10-16,9436.099609375,9436.099609375,9389.7001953125,9424.7998046875,451574500,0.0011982255767764183,0.004484568063902209,0.07119031100776597
2025-10-17,9354.599609375,9436.099609375,9276.900390625,9436.099609375,751531100,-0.008674558632405537,0.004962325279898101,0.07877447169131618
2025-10-20,9403.599609375,9416.400390625,9354.5,9354.5,612224700,0.005224393970895023,0.005039322049256326,0.07999675751217974
2025-10-21,9427.0,9441.2001953125,9403.5,9403.599609375,612553400,0.0024853592722264,0.005050368285189864,0.08017211107140067
2025-10-22,9515.0,9545.2001953125,9427.099609375,9427.099609375,1047120500,0.009291588334099639,0.005348456047165346,0.08490410759375432
2025-10-23,9578.599609375,9594.7998046875,9505.7001953125,9515.0,814894500,0.006661901987420425,0.005459742851893765,0.08667073085084073
2025-10-24,9645.599609375,9645.599609375,9560.5,9578.599609375,779192300,0.00697040958768996,0.0054189907209732735,0.08602381082797134
2025-10-27,9653.7998046875,9672.7001953125,9632.7998046875,9645.599609375,729163900,0.0008497876674855422,0.005276842469116398,0.08376727728567614
2025-10-28,9696.7001953125,9727.099609375,9645.400390625,9653.7998046875,708743000,0.0044340415919699875,0.00530618206309281,0.0842330289010513
2025-10-29,9756.099609375,9787.599609375,9696.7998046875,9696.7998046875,752470200,0.006107048781910909,0.005330249086587722,0.0846150810548418
2025-10-30,9760.099609375,9763.400390625,9690.0,9756.099609375,893377000,0.0004099158869178772,0.0049957201904539,0.07930459946163153
2025-10-31,9717.2998046875,9761.7998046875,9697.0,9760.099609375,596284500,-0.004394824243792521,0.005107657614622018,0.08108155098213146
2025-11-03,9701.400390625,9745.599609375,9695.900390625,9717.2998046875,848988200,-0.0016375367512218243,0.005000020123042454,0.07937285877533345
2025-11-04,9715.0,9715.0,9574.2001953125,9701.400390625,1023130000,0.0014008375729102768,0.00497174536545621,0.07892401091361043
2025-11-05,9777.099609375,9786.7998046875,9680.5,9715.0,862811200,0.006371793775094988,0.00509547596825585,0.08088817334106618
2025-11-06,9735.7998046875,9786.099609375,9723.900390625,9777.099609375,938291200,-0.004233083508710888,0.0050815999405914155,0.0806678982307529
2025-11-07,9682.599609375,9735.7998046875,9639.0,9735.7998046875,747990900,-0.005479373174157,0.005155930633969155,0.08184786140749188
2025-11-10,9787.2001953125,9800.400390625,9682.599609375,9682.599609375,761287500,0.01074500954044452,0.005104188912958756,0.08102648705029186
2025-11-11,9899.599609375,9912.900390625,9787.2001953125,9787.2001953125,924385900,0.011418883363134269,0.005519602064622199,0.08762096639417404
2025-11-12,9911.400390625,9930.099609375,9878.2998046875,9899.599609375,814638100,0.001191336393490564,0.005518128708166703,0.08759757758553126
2025-11-13,9807.7001953125,9913.2001953125,9804.7998046875,9911.400390625,626791500,-0.01051783785413778,0.006091695911491528,0.09670267466661311
2025-11-14,9698.400390625,9807.7001953125,9610.5,9807.7001953125,715744700,-0.01120684763706386,0.00673072677537288,0.10684697514216206
2025-11-17,9675.400390625,9707.7001953125,9667.900390625,9698.400390625,812453900,-0.002374341624020728,0.006395707719820795,0.10152871250941074
2025-11-18,9552.2998046875,9675.599609375,9511.7001953125,9675.400390625,804147700,-0.012804679357892227,0.007061108468744135,0.11209162193249447
2025-11-19,9507.400390625,9568.5,9507.400390625,9552.2998046875,866995100,-0.0047114589063016726,0.007146653708523179,0.11344961051429892
2025-11-20,9527.7001953125,9593.7998046875,9507.400390625,9507.400390625,808216600,0.0021328820713590055,0.006866798738601115,0.10900705059282347
2025-11-21,9539.7001953125,9541.2001953125,9423.900390625,9527.7001953125,805279800,0.0012586929878713549,0.006706556648040971,0.10646328626570008
2025-11-24,9534.900390625,9592.599609375,9524.7001953125,9539.7001953125,1668886000,-0.000503266610190085,0.006502570395663454,0.10322510489769827
2025-11-25,9609.5,9615.599609375,9521.5,9534.900390625,785920000,0.007793400203998546,0.0067491512338116785,0.1071394543525827
2025-11-26,9691.599609375,9704.2998046875,9593.2998046875,9609.599609375,1115421300,0.008507298153291244,0.006945244493353619,0.1102523383437268
2025-11-27,9693.900390625,9699.7998046875,9658.900390625,9691.599609375,768475200,0.00023737136115177797,0.0068027713841258206,0.10799064785054142
2025-11-28,9720.5,9740.2001953125,9694.0,9694.0,537586900,0.002740195471792062,0.006833942728256631,0.10848547759815184
2025-12-01,9702.5,9735.400390625,9686.900390625,9720.599609375,823282000,-0.0018534732176331138,0.006778100028256307,0.10759900221771637
2025-12-02,9701.7998046875,9744.7998046875,9682.2998046875,9702.5,654140300,-7.216908827954059e-05,0.006768629951750676,0.10744866941373245
2025-12-03,9692.099609375,9711.2998046875,9677.7001953125,9701.7998046875,750194100,-0.0010003347871710424,0.006764097180596346,0.10737671390238651
2025-12-04,9710.900390625,9727.599609375,9674.7998046875,9692.099609375,899242300,0.0019379257984795159,0.0066192269055283075,0.1050769695812132
2025-12-05,9667.0,9738.2998046875,9667.0,9710.900390625,592674800,-0.004530982701484941,0.006628337376742348,0.10522159382816698
2025-12-08,9645.099609375,9692.400390625,9629.2001953125,9667.099609375,777520000,-0.0022680496120085457,0.0065402428064248565,0.10382313587867593
2025-12-09,9642.0,9673.2001953125,9630.900390625,9645.099609375,787104800,-0.00032141788702931995,0.006042442034124539,0.09592079360290076
2025-12-10,9655.5,9689.5,9622.7001953125,9642.0,932473800,0.001399145195212579,0.005397892589008399,0.08568888836612885
2025-12-11,9703.2001953125,9715.2998046875,9635.2998046875,9655.599609375,637684000,0.00492804696255916,0.0055399972709520694,0.08794473025749415
2025-12-12,9649.0,9761.5,9639.2998046875,9703.2001953125,601108600,-0.005601465102955724,0.005212352145912665,0.0827435251426726
2025-12-15,9751.2998046875,9769.0,9649.0,9649.0,656861100,0.010546306387362588,0.0051974384641789075,0.08250677778467326
2025-12-16,9684.7998046875,9764.7998046875,9655.7001953125,9751.2998046875,760319300,-0.006842963437234903,0.005398240962641586,0.08569441862610933
2025-12-17,9774.2998046875,9853.099609375,9684.7998046875,9684.7998046875,842799500,0.009198846083400323,0.004890752748775909,0.07763829298299968
2025-12-18,9837.7998046875,9845.099609375,9748.2998046875,9774.2998046875,702927400,0.006475616906228698,0.004835739741525429,0.07676498856664829
2025-12-19,9897.400390625,9903.099609375,9819.400390625,9837.7998046875,1611302500,0.006040046875033606,0.004930424429609398,0.0782680613924637
2025-12-22,9866.0,9898.0,9829.400390625,9897.400390625,466411600,-0.0031776330414905155,0.005048969626803851,0.08014990805784952
2025-12-23,9889.2001953125,9901.5,9846.2998046875,9865.900390625,534194000,0.0023487695137353096,0.005027835817370254,0.07981441923374916
2025-12-24,9870.7001953125,9893.2001953125,9862.0,9889.2001953125,163408500,-0.001872479621824204,0.004886148250793427,0.07756519884355599
2025-12-29,9866.5,9892.7998046875,9858.5,9870.7001953125,347896700,-0.00042561207611412956,0.0046060399519612695,0.07311861745030449
2025-12-30,9940.7001953125,9954.2998046875,9859.7998046875,9866.5,364742100,0.007492279744561107,0.00482454982827979,0.0765873542008062
2025-12-31,9931.400390625,9950.099609375,9916.7001953125,9940.7001953125,176045300,-0.000935966011866032,0.004832449900914791,0.07671276396599555
2026-01-02,9951.099609375,10046.2998046875,9930.7998046875,9931.2998046875,627469100,0.0019815642093204433,0.004790629449119599,0.0760488848749969
2026-01-05,10004.599609375,10022.099609375,9951.5,9951.5,713151500,0.005361889612580468,0.004864400774425714,0.07721996835888266
2026-01-06,10122.7001953125,10158.400390625,10003.7998046875,10004.400390625,718171700,0.011735497806489501,0.005314919741713997,0.0843717352490573
2026-01-07,10048.2001953125,10124.7998046875,10032.7001953125,10122.7998046875,705731900,-0.0073869125645176685,0.005701938376466414,0.0905154656108731
2026-01-08,10044.7001953125,10059.400390625,9995.900390625,10048.400390625,751003900,-0.0003483817634444749,0.005547068163519429,0.08805697719717709
2026-01-09,10124.599609375,10135.7001953125,10032.900390625,10044.7001953125,714290200,0.007922915797135171,0.005616418999122166,0.08915788758249328
2026-01-12,10140.7001953125,10149.7001953125,10089.900390625,10124.5,652275500,0.001588981113560422,0.005587054194329634,0.0886917357578193
2026-01-13,10137.400390625,10152.5,10097.099609375,10140.7001953125,956031500,-0.00032545501021081846,0.005615126602154899,0.0891373714166699
2026-01-14,10184.400390625,10184.400390625,10135.400390625,10137.2998046875,717891900,0.004625582575771568,0.005608484272986063,0.08903192771002809
2026-01-15,10238.900390625,10250.5,10173.5,10184.400390625,1132107400,0.00533705398056578,0.005338956465125036,0.08475330640392803
2026-01-16,10235.2998046875,10257.7998046875,10212.7998046875,10238.900390625,870108800,-0.0003517193287425387,0.00507406168684759,0.08054823216239772
2026-01-19,10195.400390625,10235.2998046875,10166.2998046875,10235.2998046875,628321300,-0.0039058342988726414,0.004844533740411943,0.07690458897114927
2026-01-20,10126.7998046875,10195.2001953125,10050.2001953125,10195.2001953125,986370500,-0.006751320806584645,0.004981390816309355,0.07907712769905352
2026-01-21,10138.099609375,10161.5,10093.7001953125,10126.900390625,758651200,0.0011152096665018108,0.004859598024190436,0.07714372706249244
2026-01-22,10150.099609375,10226.5,10138.099609375,10138.099609375,790113900,0.00118295382157825,0.00474350481928272,0.07530080456795075
2026-01-23,10143.400390625,10184.099609375,10131.7998046875,10150.099609375,630823700,-0.0006602329803487346,0.004658374446049503,0.07394940178839154
2026-01-26,10148.900390625,10184.900390625,10125.2998046875,10143.099609375,659600800,0.0005420775292037494,0.004655115049739727,0.07389766047603234
2026-01-27,10207.7998046875,10228.2001953125,10147.5,10149.0,763839700,0.005786751080332997,0.004699360765120487,0.07460003943289815
2026-01-28,10154.400390625,10225.5,10144.7001953125,10207.599609375,785126300,-0.005244967239981778,0.004915870841354076,0.07803703034122043
2026-01-29,10171.7998046875,10277.7001953125,10154.2001953125,10154.2001953125,794022100,0.0017120187880794431,0.004713570557987032,0.07482561290153786
2026-01-30,10223.5,10234.0,10141.599609375,10171.7998046875,832508200,0.005069825552517302,0.004766127203897575,0.07565992379047573
2026-02-02,10341.599609375,10345.5,10145.400390625,10223.7001953125,951139400,0.01148556631442671,0.005252484813887141,0.08338061149613253
2026-02-03,10314.599609375,10373.2998046875,10232.2001953125,10341.2998046875,874101200,-0.0026142287931094667,0.005272884059139879,0.08370443947536549
2026-02-04,10402.2998046875,10481.5,10308.0,10314.5,930136600,0.008466587344388802,0.004995090926105078,0.0792946101997761
2026-02-05,10309.2001953125,10404.0,10289.2998046875,10402.599609375,1277189600,-0.008990197371347554,0.005144481508574739,0.08166611217635496
2026-02-06,10369.7998046875,10380.5,10253.2001953125,10309.099609375,758885000,0.005860997422293249,0.005227538165899653,0.08298459573641516
2026-02-09,10386.2001953125,10420.2998046875,10316.0,10369.7998046875,1018460900,0.001580303915797001,0.0050179329569397775,0.07965721619794582
2026-02-10,10353.7998046875,10402.2001953125,10330.7998046875,10386.2001953125,993226600,-0.0031244375104156445,0.005105015641568085,0.08103961096010402
2026-02-11,10472.099609375,10493.7998046875,10353.7998046875,10353.7998046875,961824500,0.011360957311757944,0.005570185432343617,0.08842395246297605
2026-02-12,10402.400390625,10535.7998046875,10392.0,10472.2001953125,1022354000,-0.006677954228360115,0.005799236458975318,0.09206002478704513
2026-02-13,10446.400390625,10454.5,10380.900390625,10402.5,1406698800,0.004220872537093204,0.005762580142329237,0.09147812380009412
2026-02-16,10473.7001953125,10490.099609375,10446.2998046875,10446.2998046875,540732700,0.0026099128990069186,0.0057652312136245495,0.09152020825222593
2026-02-17,10556.2001953125,10556.2001953125,10472.7001953125,10474.0,650471900,0.00784601179192108,0.005825443088700061,0.09247604213676207
2026-02-18,10686.2001953125,10715.7998046875,10554.0,10556.0,1080504800,0.012239824180199118,0.0059282134717850285,0.09410747139147604
2026-02-19,10627.0,10687.400390625,10597.599609375,10686.400390625,1134090700,-0.005555275324064922,0.006182761255893726,0.09814829219268108
2026-02-20,10686.900390625,10745.7998046875,10626.7001953125,10627.0,798124100,0.005620796497273734,0.0062204545499708625,0.09874665468601865
2026-02-23,10684.7001953125,10738.7001953125,10660.0,10686.7998046875,702118900,-0.00020589897433521718,0.006209862437380562,0.09857851011138227
2026-02-24,10680.599609375,10717.7001953125,10645.7998046875,10684.900390625,999959100,-0.0003838547575120213,0.006227540234214674,0.09885913643628577
2026-02-25,10806.400390625,10806.400390625,10680.7001953125,10680.7001953125,1270688000,0.011709612200686873,0.006514595623833746,0.10341599947688267
2026-02-26,10846.7001953125,10856.7998046875,10770.7998046875,10806.400390625,853819000,0.0037223169087668415,0.0062555892739078345,0.09930440113753947
2026-02-27,10910.599609375,10934.900390625,10845.5,10846.900390625,1531094400,0.005873853682057493,0.006273964109285518,0.09959609260628607
2026-03-02,10780.099609375,10911.0,10731.900390625,10911.0,1305516300,-0.012032952307572654,0.007094432013183458,0.11262061680083243
2026-03-03,10484.099609375,10780.2998046875,10406.099609375,10780.2998046875,1502778100,-0.02784201913891163,0.009420157492174371,0.1495403642121316
2026-03-04,10567.7001953125,10588.7998046875,10443.5,10483.900390625,1040017600,0.007942411212939933,0.009518322342048786,0.15109868289366576
2026-03-05,10413.900390625,10636.099609375,10402.0,10567.7001953125,978325000,-0.01466070796761548,0.009957779632292602,0.15807485110458258
2026-03-06,10284.7998046875,10481.099609375,10234.5,10413.599609375,1060629000,-0.012474431615737866,0.010143291034824406,0.16101975332337828
2026-03-09,10249.5,10285.0,10082.0,10285.0,1073211800,-0.0034381342237925815,0.010072189650930059,0.15989105384543642
2026-03-10,10412.2001953125,10447.5,10235.400390625,10249.2001953125,1224090500,0.01574929040452892,0.010678738348037273,0.16951971590901202
2026-03-11,10353.7998046875,10412.2998046875,10293.7998046875,10412.2998046875,1036944800,-0.0056246310883296385,0.010730519755304334,0.17034172026600558
2026-03-12,10305.2001953125,10355.2998046875,10258.400390625,10353.7998046875,1083987200,-0.004704942061763815,0.010449055249314393,0.16587360975155938
2026-03-13,10261.2001953125,10367.400390625,10200.2001953125,10305.5,816906000,-0.004278830159388591,0.010394145483648207,0.16500194424455003
2026-03-16,10317.7001953125,10376.5,10255.2998046875,10261.099609375,896903000,0.005491074925546659,0.010427554384338183,0.16553229410136042
2026-03-17,10403.599609375,10436.099609375,10317.599609375,10317.599609375,886665000,0.00829097662156126,0.010587201679432473,0.1680666163431822
2026-03-18,10305.2998046875,10447.7001953125,10279.099609375,10403.5,861491600,-0.009493555501399206,0.010594662346891975,0.16818505076745657
2026-03-19,10063.5,10305.599609375,9997.400390625,10305.599609375,1157510300,-0.023743290358645832,0.011213330628451949,0.17800610526976485
2026-03-20,9918.2998046875,10127.599609375,9915.7001953125,10063.2998046875,2623375100,-0.014533500737692976,0.011489042459526389,0.18238289490101217
2026-03-23,9894.2001953125,10036.7001953125,9670.5,9918.5,1660414200,-0.0024327693386355822,0.011309868156245271,0.17953859101412153
2026-03-24,9965.2001953125,9972.7001953125,9839.2001953125,9894.0,1214990300,0.007150296696082973,0.011534219366071699,0.18310005605934473
2026-03-25,10106.7998046875,10118.2001953125,9965.2001953125,9965.2001953125,816852200,0.014109401997646116,0.012136548647708944,0.19266173697885075
2026-03-26,9972.2001953125,10107.0,9956.2998046875,10107.0,791260400,-0.013407204103188243,0.011887854887415639,0.18871384592475318
2026-03-27,9967.400390625,10024.099609375,9883.2001953125,9972.2998046875,1115045000,-0.00048143439579156693,0.011789386902738203,0.1871507151274039
2026-03-30,10128.0,10135.099609375,9958.099609375,9967.5,954019300,0.015984058594484166,0.012404265500572671,0.1969116102656005
2026-03-31,10176.5,10245.7998046875,10118.7001953125,10127.900390625,973401800,0.00477727520897635,0.012371442979249546,0.19639056889266188
2026-04-01,10364.7998046875,10396.599609375,10169.2998046875,10174.900390625,1154225300,0.018334290540249022,0.011776853016653932,0.18695174585416272
2026-04-02,10436.2998046875,10465.2001953125,10287.900390625,10366.2998046875,1340450500,0.006874663641757296,0.01174062684607454,0.18637667322433107
2026-04-07,10348.7998046875,10487.7001953125,10330.900390625,10436.2001953125,844673500,-0.008419542705168353,0.011441986288703937,0.18163590134712906
2026-04-08,10608.900390625,10687.900390625,10345.900390625,10345.900390625,1387131200,0.024822756206483013,0.012318628070784038,0.19555215821276364
2026-04-09,10603.5,10643.599609375,10552.900390625,10609.599609375,696338500,-0.0005091729971361964,0.01227669987088506,0.19488656867364385
2026-04-10,10600.5,10657.599609375,10576.0,10603.599609375,1100435500,-0.0002829654800996824,0.011844815369157527,0.18803061475359925
2026-04-13,10583.0,10607.7001953125,10528.599609375,10601.5,1076503400,-0.0016522297052942406,0.011767655459497008,0.1868057391607236
2026-04-14,10609.099609375,10630.400390625,10569.7998046875,10581.900390625,866212200,0.0024631464604080618,0.011696347203911994,0.1856737556965009
2026-04-15,10559.599609375,10640.0,10559.599609375,10609.2001953125,808554800,-0.004676724791583889,0.011706297317692354,0.1858317088559787
2026-04-16,10590.0,10645.900390625,10555.5,10559.599609375,649656900,0.0028747978329035245,0.011674067676585282,0.18532007916469362
2026-04-17,10667.599609375,10667.599609375,10548.900390625,10590.400390625,939622000,0.007300914072509679,0.01164613611360333,0.18487667934841612
2026-04-20,10609.099609375,10683.7001953125,10583.2001953125,10668.400390625,923835300,-0.005498987113829391,0.011494493791949287,0.18246943212044175
2026-04-21,10498.099609375,10635.0,10487.900390625,10609.400390625,734873800,-0.010517835372442216,0.01035476801825405,0.16437684636039207
2026-04-22,10476.5,10523.2001953125,10468.0,10497.900390625,842843100,-0.002059597552527567,0.009694861863053907,0.15390116090858985
2026-04-23,10457.0,10477.2001953125,10361.5,10476.7998046875,799001700,-0.0018630430305739232,0.00968083971300703,0.15367856617736703
2026-04-24,10379.099609375,10462.5,10365.900390625,10457.7001953125,649201500,-0.007477479475864813,0.009864181278550457,0.15658902330182198
2026-04-27,10321.099609375,10410.7998046875,10318.2998046875,10378.5,939012800,-0.005603825467329251,0.009581927732708106,0.1521083871680318
2026-04-28,10332.7998046875,10381.900390625,10288.7001953125,10321.7998046875,931577500,0.0011329770063758147,0.008996317535116845,0.14281211347973255
2026-04-29,10213.099609375,10338.2998046875,10188.7001953125,10332.900390625,947569000,-0.011652110936775682,0.00945003537807235,0.15001466094685012
2026-04-30,10378.7998046875,10387.599609375,10205.2001953125,10213.2998046875,1148625600,0.016094073557062803,0.009458691048076078,0.15015206544841314
2026-05-01,10363.900390625,10378.5,10294.2001953125,10378.400390625,857577100,-0.0014365937399336423,0.009437202095064401,0.14981093889478886
2026-05-05,10219.099609375,10365.400390625,10164.2998046875,10365.400390625,1130541900,-0.01407017150946943,0.009081165131717488,0.14415902731941355
2026-05-06,10438.7001953125,10488.2001953125,10218.7998046875,10218.7998046875,1075796500,0.021261592288209185,0.010157969200031078,0.16125276197241573
2026-05-07,10277.0,10440.599609375,10277.0,10438.599609375,1003984800,-0.015611683695790838,0.0105693355402548,0.16778300017626427
2026-05-08,10233.099609375,10278.7001953125,10185.0,10277.400390625,747839300,-0.004280862453474691,0.008879025226970897,0.14095015581140297
2026-05-11,10269.400390625,10286.599609375,10226.5,10233.599609375,1001278500,0.003541111492033341,0.008950287359841371,0.14208140710023084
2026-05-12,10265.2998046875,10271.2001953125,10152.099609375,10271.2001953125,1448117500,-0.00039938114050884786,0.00894951592136593,0.14206916089408403
2026-05-13,10325.400390625,10360.5,10240.400390625,10264.900390625,747664500,0.005837660307260915,0.009092508434819319,0.14433909667373437
2026-05-14,10372.900390625,10375.400390625,10310.2001953125,10325.2001953125,661031600,0.004589756800589556,0.009146716540210837,0.145199623669194
2026-05-15,10195.400390625,10375.7001953125,10163.599609375,10375.400390625,1284799300,-0.017259997159162432,0.009784583921417225,0.1553254544298668
2026-05-18,10323.7998046875,10337.400390625,10151.5,10194.7998046875,656424500,0.012515213924079765,0.010224792156649062,0.1623135435229032
2026-05-19,10330.599609375,10408.400390625,10315.400390625,10323.7001953125,894090100,0.0006584364712668461,0.010049505663655364,0.15953095671100326
2026-05-20,10432.2998046875,10458.2998046875,10279.099609375,10330.7001953125,847563300,0.0097964168325921,0.010298551066025627,0.16348442991001766
2026-05-21,10443.5,10471.599609375,10353.5,10432.5,867561100,0.0010730315956221457,0.010059531224077715,0.15969010754879281
2026-05-22,10466.2998046875,10497.2001953125,10435.5,10443.099609375,669982200,0.002180777811016159,0.010063912838479792,0.15975966352108606
2026-05-26,10491.400390625,10557.2001953125,10461.099609375,10465.599609375,799422100,0.0023953580502914257,0.010068379160975803,0.1598305641926828
2026-05-27,10505.0,10522.2998046875,10462.099609375,10491.2001953125,1071673900,0.0012954231224212832,0.009916656633363132,0.15742204373458726
2026-05-28,10426.0,10505.400390625,10381.2001953125,10505.400390625,890072300,-0.007548647951049612,0.009986075155030878,0.15852402860287487
2026-05-29,10409.2998046875,10462.2001953125,10409.2998046875,10425.900390625,2180912300,-0.001603067778763295,0.009994995489420445,0.15866563452131288
2026-06-01,10339.0,10409.7998046875,10288.900390625,10409.2998046875,936795500,-0.006776465962594844,0.009755998979995118,0.15487168255240136
2026-06-02,10373.5,10395.7001953125,10333.2998046875,10338.400390625,918011300,0.0033313247465010113,0.00911812635452748,0.14474576854166205
2026-06-03,10332.2998046875,10383.099609375,10322.400390625,10373.900390625,778446200,-0.0039795854374541865,0.00915463329990439,0.1453252983332256
2026-06-04,10360.2998046875,10360.2998046875,10238.599609375,10332.5,659929000,0.002706283175418199,0.00859353615570791,0.136418157303871
2026-06-05,10368.099609375,10415.7001953125,10331.5,10360.2998046875,884830800,0.0007525718604530033,0.007184227614825518,0.11404607778546631
2026-06-08,10373.2001953125,10409.2998046875,10319.2001953125,10369.099609375,751153000,0.0004918289681309664,0.006272316181311661,0.09956993256070185
2026-06-09,10227.2998046875,10372.7998046875,10227.2998046875,10372.7998046875,852767500,-0.014164979505561337,0.006975952873680159,0.11073981876878448
2026-06-10,10254.7998046875,10263.7998046875,10127.599609375,10227.400390625,746689500,0.0026852731945422787,0.006956538301817204,0.11043162199502346
2026-06-11,10303.900390625,10370.2001953125,10252.2998046875,10255.2001953125,895653600,0.004776632649776015,0.007035448842424047,0.11168428799262768
2026-06-12,10471.7001953125,10471.7001953125,10302.7001953125,10302.7001953125,752480600,0.016153896769574648,0.00777195441211027,0.12337595145224986
2026-06-15,10430.599609375,10570.099609375,10419.2001953125,10471.400390625,812693000,-0.003932642751490453,0.00777954459223914,0.12349644182641291
2026-06-16,10494.2001953125,10523.5,10428.599609375,10431.2998046875,737349600,0.006078985929557815,0.006749831597098094,0.10715025478492489
2026-06-17,10508.599609375,10508.599609375,10468.400390625,10494.400390625,705672600,0.001371190170120876,0.0062497925962246926,0.09921238173205951
2026-06-18,10399.7001953125,10510.2001953125,10376.599609375,10510.2001953125,966474600,-0.010416954016113207,0.006716214246745265,0.1066165958923018
2026-06-19,10363.2998046875,10418.599609375,10352.900390625,10400.5,1815005600,-0.003506278275504852,0.006397242646809726,0.10155307871997087
2026-06-22,10437.900390625,10443.2001953125,10346.599609375,10363.599609375,1097667700,0.00717275013715384,0.006598767019615657,0.10475217896134745
2026-06-23,10428.900390625,10462.2001953125,10332.400390625,10438.2001953125,896192800,-0.0008626143175876525,0.006581285300735268,0.10447466527746273
2026-06-24,10461.599609375,10469.2998046875,10407.0,10429.0,960306000,0.0031305373691465563,0.006597551636819799,0.10473288535759392
2026-06-25,10529.900390625,10575.2998046875,10415.5,10461.5,1004841900,0.006507493250149984,0.006750338840399911,0.10715830702270976
2026-06-26,10508.0,10530.2001953125,10404.7001953125,10530.2001953125,763639200,-0.0020819946980765594,0.0065423177334622065,0.10385607432425252
2026-06-29,10484.2001953125,10521.0,10472.0,10507.7998046875,724560800,-0.0022674912265814363,0.006553948541695369,0.1040407076810423
2026-06-30,10497.099609375,10613.2001953125,10483.900390625,10484.2998046875,832111200,0.0012296107303020212,0.00634884716100075,0.10078482419979864
2026-07-01,10478.2998046875,10508.2998046875,10429.2001953125,10497.599609375,885709000,-0.001792557972360411,0.006342035107176288,0.10067668619777596
2026-07-02,10652.900390625,10694.900390625,10436.7998046875,10477.7998046875,891213100,0.016525758871638287,0.007148563100704119,0.11347992117549527
2026-07-03,10679.0,10701.2998046875,10604.2998046875,10652.7998046875,423999600,0.0024470039631163698,0.007146517704276176,0.11344745151381001
2026-07-06,10651.7998046875,10733.400390625,10618.400390625,10679.400390625,575233300,-0.002550322566841213,0.007198622063921186,0.11427458258086781
2026-07-07,10665.900390625,10747.0,10651.2001953125,10651.2998046875,640931200,0.0013228995496438315,0.007196324817252931,0.11423811492056156
2026-07-08,10489.0,10666.099609375,10467.0,10666.099609375,736774600,-0.01672468419274378,0.007487595540482718,0.1188618943077212
2026-07-09,10472.5,10539.5,10397.5,10487.900390625,550303900,-0.0015743151404139291,0.007503117677180475,0.11910830058883289
2026-07-10,10497.2998046875,10513.900390625,10462.7998046875,10471.900390625,740632000,0.002365288794413782,0.007460768250385709,0.11843602428004238
2026-07-13,10498.2998046875,10532.099609375,10465.0,10498.099609375,596311300,9.525805591276345e-05,0.0065896961171128515,0.10460818284821141
2026-07-14,10529.400390625,10552.599609375,10423.0,10498.7001953125,726921500,0.002958060874604139,0.006549200072067785,0.10396532806258592
2026-07-15,10515.900390625,10546.2001953125,10443.599609375,10529.099609375,935873100,-0.0012829469145648235,0.006428691572148184,0.10205231493264566
2026-07-16,10572.2001953125,10572.2001953125,10447.599609375,10515.0,778679400,0.005339498284171559,0.006525568982558053,0.10359019614627238
2026-07-17,10600.400390625,10623.7001953125,10527.7001953125,10572.400390625,776616200,0.0026638401715325714,0.006060441677503723,0.09620652908331577
2026-07-20,10524.7998046875,10600.2998046875,10512.7998046875,10600.2998046875,868888600,-0.007157414649881767,0.006243098586721496,0.09910611762554335
2026-07-21,10585.900390625,10585.900390625,10483.099609375,10524.2998046875,722295200,0.005788605397743538,0.006178723357337506,0.09808419254028669
2026-07-22,10717.0,10763.400390625,10568.7001953125,10585.900390625,727194500,0.012308301877875684,0.006664687000153605,0.10579862621094921
2026-07-23,10639.2001953125,10720.2998046875,10610.400390625,10717.0,853019700,-0.007285954256225548,0.006904754883396713,0.10960958571195893
2026-07-24,10736.2001953125,10738.7998046875,10599.099609375,10638.900390625,717428900,0.009075915685204966,0.007032445046018169,0.11163660420295354
2026-07-27,10781.7998046875,10820.900390625,10736.099609375,10736.099609375,1189032700,0.004238282148334392,0.007032613062139517,0.11163927137619355
2026-07-28,10871.0,10884.2998046875,10770.2998046875,10781.900390625,848931800,0.008239183913689498,0.007144578005025201,0.11341665974279198
2026-07-29,10908.400390625,10951.099609375,10864.099609375,10871.2001953125,771519600,0.003434477232397436,0.007153126577639359,0.11355236412600182
2026-07-30,10897.2998046875,10979.599609375,10865.400390625,10907.400390625,964211500,-0.0010181362485019749,0.007135490465932197,0.11327239953197399
2026-07-31,10868.099609375,10989.5,10829.2998046875,10897.099609375,770876200,-0.0026831773013443498,0.006350439686708828,0.10081010476167894
