Date,Close,High,Low,Open,Volume,log_return,volatility_21d,volatility_annualized
2015-01-05,2020.5799560546875,2054.43994140625,2017.3399658203125,2054.43994140625,3799120000,-0.01844721353258727,,
2015-01-06,2002.6099853515625,2030.25,1992.43994140625,2022.1500244140625,4460110000,-0.00893325469070017,,
2015-01-07,2025.9000244140625,2029.6099853515625,2005.550048828125,2005.550048828125,3805480000,0.011562735844876304,,
2015-01-08,2062.139892578125,2064.080078125,2030.6099853515625,2030.6099853515625,3934010000,0.017730168127155693,,
2015-01-09,2044.81005859375,2064.429931640625,2038.3299560546875,2063.449951171875,3364140000,-0.008439322147078786,,
2015-01-12,2028.260009765625,2049.300048828125,2022.5799560546875,2046.1300048828125,3456460000,-0.008126616843470486,,
2015-01-13,2023.030029296875,2056.929931640625,2008.25,2031.5799560546875,4107300000,-0.0025818854358163217,,
2015-01-14,2011.27001953125,2018.4000244140625,1988.43994140625,2018.4000244140625,4378680000,-0.00583002896797565,,
2015-01-15,1992.6700439453125,2021.3499755859375,1991.469970703125,2013.75,4276720000,-0.009290903004567546,,
2015-01-16,2019.4200439453125,2020.4599609375,1988.1199951171875,1992.25,4056410000,0.013334893186267299,,
2015-01-20,2022.550048828125,2028.93994140625,2004.489990234375,2020.760009765625,3944340000,0.001548752433400387,,
2015-01-21,2032.1199951171875,2038.2900390625,2012.0400390625,2020.18994140625,3730070000,0.004720465022189361,,
2015-01-22,2063.14990234375,2064.6201171875,2026.3800048828125,2034.300048828125,4176050000,0.015154313070630327,,
2015-01-23,2051.820068359375,2062.97998046875,2050.5400390625,2062.97998046875,3573560000,-0.005506656279301935,,
2015-01-26,2057.090087890625,2057.6201171875,2040.969970703125,2050.419921875,3465760000,0.0025651679986232745,,
2015-01-27,2029.550048828125,2047.8599853515625,2019.9100341796875,2047.8599853515625,3329810000,-0.013478287815857576,,
2015-01-28,2002.1600341796875,2042.489990234375,2001.489990234375,2032.3399658203125,4067530000,-0.01358750281102202,,
2015-01-29,2021.25,2024.6400146484375,1989.1800537109375,2002.449951171875,4127140000,0.00948951705826357,,
2015-01-30,1994.989990234375,2023.3199462890625,1993.3800048828125,2019.3499755859375,4568650000,-0.013077099006318498,,
2015-02-02,2020.8499755859375,2021.6600341796875,1980.9000244140625,1996.6700439453125,4008330000,0.012879170000215516,,
2015-02-03,2050.030029296875,2050.300048828125,2022.7099609375,2022.7099609375,4615900000,0.014336238577453099,0.0114005471269594,0.18097807504803892
2015-02-04,2041.510009765625,2054.739990234375,2036.719970703125,2048.860107421875,4141920000,-0.0041647065724529616,0.010658777895215672,0.16920285354367887
2015-02-05,2062.52001953125,2063.550048828125,2043.449951171875,2043.449951171875,3821990000,0.010238810710909235,0.01063226595450111,0.16878198953225235
2015-02-06,2055.469970703125,2072.39990234375,2049.969970703125,2062.280029296875,4232970000,-0.00342402761187852,0.010417068843521315,0.1653658413011797
2015-02-09,2046.739990234375,2056.159912109375,2041.8800048828125,2053.469970703125,3549540000,-0.004256239310481708,0.009698933533385336,0.15396579667129545
2015-02-10,2068.590087890625,2070.860107421875,2048.6201171875,2049.3798828125,3669850000,0.010618979554062366,0.00979601036978105,0.15550684367430323
2015-02-11,2068.530029296875,2073.47998046875,2057.989990234375,2068.550048828125,3596860000,-2.9034010158247172e-05,0.009594675698439109,0.15231075485030904
2015-02-12,2088.47998046875,2088.530029296875,2069.97998046875,2069.97998046875,3788350000,0.009598295065916026,0.00973844622337315,0.15459304117932912
2015-02-13,2096.989990234375,2097.030029296875,2086.699951171875,2088.780029296875,3527450000,0.004066459227779422,0.009603696383770365,0.15245395379056026
2015-02-17,2100.340087890625,2101.300048828125,2089.800048828125,2096.469970703125,3361750000,0.0015962996977983961,0.009251829368958074,0.14686823809600025
2015-02-18,2099.679931640625,2100.22998046875,2092.14990234375,2099.159912109375,3370020000,-0.00031435862322874816,0.008926763276768808,0.14170797385844588
2015-02-19,2097.449951171875,2102.1298828125,2090.7900390625,2099.25,3247100000,-0.0010626217157189283,0.00894941595086171,0.14206757391152836
2015-02-20,2110.300048828125,2110.610107421875,2085.43994140625,2097.64990234375,3281600000,0.006107842721055837,0.008977659775012777,0.14251593072019136
2015-02-23,2109.659912109375,2110.050048828125,2103.0,2109.830078125,3093680000,-0.000303385211985694,0.00844571830185239,0.13407162162004901
2015-02-24,2115.47998046875,2117.93994140625,2105.8701171875,2109.10009765625,3199840000,0.002754972468831103,0.008315885517086608,0.1320105900569696
2015-02-25,2113.860107421875,2119.590087890625,2109.889892578125,2115.300048828125,3312340000,-0.0007660169636026022,0.00832541561013874,0.1321618755940931
2015-02-26,2110.739990234375,2113.909912109375,2103.760009765625,2113.909912109375,3408690000,-0.00147711863025381,0.0076445885405700565,0.12135408092257544
2015-02-27,2104.5,2112.739990234375,2103.75,2110.8798828125,3547380000,-0.0029606830486323707,0.006884272925545851,0.1092844447109364
2015-03-02,2117.389892578125,2117.52001953125,2104.5,2105.22998046875,3409490000,0.0061062381811330165,0.006747656431158028,0.10711572509609862
2015-03-03,2107.780029296875,2115.760009765625,2098.260009765625,2115.760009765625,3262300000,-0.004548872603817568,0.005996223078496483,0.09518709042820696
2015-03-04,2098.530029296875,2107.719970703125,2094.489990234375,2107.719970703125,3421110000,-0.004398161230154572,0.005695806217579768,0.09041812060638911
2015-03-05,2101.0400390625,2104.25,2095.219970703125,2098.5400390625,3103030000,0.001195365251036089,0.004917967120525022,0.07807030774140976
2015-03-06,2071.260009765625,2100.909912109375,2067.27001953125,2100.909912109375,3853570000,-0.014275356362467066,0.005869275175445739,0.09317185494260652
2015-03-09,2079.429931640625,2083.489990234375,2072.2099609375,2072.25,3349090000,0.003936662357975969,0.005506468881468043,0.08741248357488267
2015-03-10,2044.1600341796875,2076.139892578125,2044.1600341796875,2076.139892578125,3668900000,-0.017106820937141425,0.0066673400926950096,0.10584074274936799
2015-03-11,2040.239990234375,2050.080078125,2039.68994140625,2044.68994140625,3406570000,-0.001919520676484767,0.006616665907952004,0.10503631500504237
2015-03-12,2065.949951171875,2066.409912109375,2041.0999755859375,2041.0999755859375,3405860000,0.012522702206037068,0.006782568934256984,0.10766994390117827
2015-03-13,2053.39990234375,2064.56005859375,2041.1700439453125,2064.56005859375,3498560000,-0.006093237090196838,0.0069090620382787704,0.1096779596760159
2015-03-16,2081.18994140625,2081.409912109375,2055.35009765625,2055.35009765625,3295600000,0.013442909023855906,0.00722935505441306,0.11476245368018867
2015-03-17,2074.280029296875,2080.590087890625,2065.080078125,2080.590087890625,3221840000,-0.0033256977077820026,0.007192815303213264,0.11418240311233167
2015-03-18,2099.5,2106.85009765625,2061.22998046875,2072.840087890625,4128210000,0.012085101501628708,0.007693737009765063,0.12213428868343247
2015-03-19,2089.27001953125,2098.68994140625,2085.56005859375,2098.68994140625,3305220000,-0.004884489126950175,0.007766796299920476,0.12329406895971727
2015-03-20,2108.10009765625,2113.919921875,2090.320068359375,2090.320068359375,5554120000,0.008972382193259682,0.008018078802219927,0.12728305501915546
2015-03-23,2104.419921875,2114.860107421875,2104.419921875,2107.989990234375,3267960000,-0.0017472566067133015,0.00791324747193408,0.1256189092418889
2015-03-24,2091.5,2107.6298828125,2091.5,2103.93994140625,3189820000,-0.006158345701590925,0.008021952935689067,0.12734455498138675
2015-03-25,2061.050048828125,2097.429931640625,2061.050048828125,2093.10009765625,3521140000,-0.014665926527239062,0.008560778873813051,0.13589815157474958
2015-03-26,2056.14990234375,2067.14990234375,2045.5,2059.93994140625,3510670000,-0.0023803307374738966,0.008563545637985125,0.1359420725943636
2015-03-27,2061.02001953125,2062.830078125,2052.9599609375,2055.780029296875,3008550000,0.0023657607295033602,0.0086009555468325,0.1365359364866421
2015-03-30,2086.239990234375,2088.969970703125,2064.110107421875,2064.110107421875,2917690000,0.012162382647149434,0.009061260644907311,0.14384305338696898
2015-03-31,2067.889892578125,2084.050048828125,2067.0400390625,2084.050048828125,3376550000,-0.008834686217530795,0.00911006063484947,0.1446177292111854
2015-04-01,2059.68994140625,2067.6298828125,2048.3798828125,2067.6298828125,3543270000,-0.0039732542018475255,0.009100108885002208,0.14445975007995074
2015-04-02,2066.9599609375,2072.169921875,2057.320068359375,2060.030029296875,3095960000,0.0035234523037141535,0.009120676133859687,0.14478624503372872
2015-04-06,2080.6201171875,2086.989990234375,2056.52001953125,2064.8701171875,3302970000,0.006587072647165644,0.009252282574856923,0.14687543251660662
2015-04-07,2076.330078125,2089.81005859375,2076.10009765625,2080.7900390625,3065510000,-0.002064032708587167,0.008708692719449983,0.1382462110808607
2015-04-08,2081.89990234375,2086.68994140625,2073.300048828125,2076.93994140625,3265330000,0.0026789415573472003,0.008685400154378796,0.1378764530734098
2015-04-09,2091.179931640625,2093.31005859375,2074.2900390625,2081.2900390625,3172360000,0.004447575873625805,0.007782354411713004,0.1235410463277539
2015-04-10,2102.06005859375,2102.610107421875,2091.510009765625,2091.510009765625,3156200000,0.005189376899456221,0.007799815771764141,0.1238182368252435
2015-04-13,2092.429931640625,2107.64990234375,2092.330078125,2102.030029296875,2908420000,-0.004591806820961145,0.007468989134610012,0.11856652677132973
2015-04-14,2095.840087890625,2098.6201171875,2083.239990234375,2092.280029296875,3301270000,0.00162843225851382,0.007311070519922577,0.11605964648022501
2015-04-15,2106.6298828125,2111.909912109375,2097.820068359375,2097.820068359375,4013760000,0.005134989044995592,0.006810254248531983,0.10810943464042017
2015-04-16,2104.989990234375,2111.300048828125,2100.02001953125,2105.9599609375,3434120000,-0.0007787467579851993,0.006759739040658241,0.10730753057565624
2015-04-17,2081.179931640625,2102.580078125,2072.3701171875,2102.580078125,3627600000,-0.01137570418905323,0.006722596030041747,0.10671790356144338
2015-04-20,2100.39990234375,2103.93994140625,2084.110107421875,2084.110107421875,3000160000,0.009192748586536723,0.006952797373764728,0.11037223660322683
2015-04-21,2097.2900390625,2109.639892578125,2094.3798828125,2102.820068359375,3243410000,-0.001481702504767951,0.006665602870098989,0.1058131651956018
2015-04-22,2107.9599609375,2109.97998046875,2091.050048828125,2098.27001953125,3348480000,0.005074582853386292,0.00675436077137168,0.10722215319755918
2015-04-23,2112.929931640625,2120.489990234375,2103.18994140625,2107.2099609375,3636670000,0.0023549408425523675,0.006615263847112238,0.10501405797921234
2015-04-24,2117.68994140625,2120.919921875,2112.800048828125,2112.800048828125,3375780000,0.0022502668247534868,0.005635418130708821,0.08945948944632016
2015-04-27,2108.919921875,2125.919921875,2107.0400390625,2119.2900390625,3438750000,-0.004149913240734652,0.0057058495310929455,0.09057755326575864
2015-04-28,2114.760009765625,2116.0400390625,2094.889892578125,2108.35009765625,3546270000,0.0027654044373465075,0.005710573134959307,0.0906525381524929
2015-04-29,2106.85009765625,2113.64990234375,2097.409912109375,2112.489990234375,4074970000,-0.003747348127573222,0.005221497483839263,0.08288870288152915
2015-04-30,2085.510009765625,2105.52001953125,2077.590087890625,2105.52001953125,4509680000,-0.010180553033248205,0.005348114186771753,0.08489868072824701
2015-05-01,2108.2900390625,2108.409912109375,2087.3798828125,2087.3798828125,3379390000,0.010863776563455257,0.005708806005978484,0.09062448584958589
2015-05-04,2114.489990234375,2120.949951171875,2110.22998046875,2110.22998046875,3091580000,0.0029364331477630206,0.005697827104553785,0.09045020119255522
2015-05-05,2089.4599609375,2115.239990234375,2088.4599609375,2112.6298828125,3793950000,-0.0119080033585301,0.006210766951325279,0.09859286882511294
2015-05-06,2080.14990234375,2098.419921875,2067.929931640625,2091.260009765625,3792210000,-0.004465681140931977,0.006276343151845057,0.09963385873611194
2015-05-07,2088.0,2092.89990234375,2074.989990234375,2079.9599609375,3676640000,0.003766710469475405,0.006303230480885943,0.10006068185247764
2015-05-08,2116.10009765625,2117.659912109375,2092.1298828125,2092.1298828125,3399440000,0.013368147987361164,0.006882098877197673,0.10924993276333134
2015-05-11,2105.330078125,2117.68994140625,2104.580078125,2115.56005859375,2992670000,-0.005102556456082039,0.0069026797659019505,0.10957664424296465
2015-05-12,2099.1201171875,2105.06005859375,2085.570068359375,2102.8701171875,3139520000,-0.002953996439367266,0.006856423880683631,0.10884235482919971
2015-05-13,2098.47998046875,2110.18994140625,2096.0400390625,2099.6201171875,3374260000,-0.0003050012906516677,0.0068485837976450656,0.10871789736933088
2015-05-14,2121.10009765625,2121.449951171875,2100.429931640625,2100.429931640625,3225740000,0.010721604261760033,0.0071571318645384865,0.11361594608438916
2015-05-15,2122.72998046875,2123.889892578125,2116.81005859375,2122.070068359375,3092080000,0.0007681188278664758,0.007153152726799179,0.11355277923104508
2015-05-18,2129.199951171875,2131.780029296875,2120.010009765625,2121.300048828125,2888190000,0.003043312472570502,0.006639962332939526,0.1054061342867655
2015-05-19,2127.830078125,2133.02001953125,2124.5,2129.449951171875,3296030000,-0.0006435815978420154,0.0063814251087505065,0.10130198308762291
2015-05-20,2125.85009765625,2134.719970703125,2122.590087890625,2127.7900390625,3025880000,-0.0009309494507940488,0.006373491732587954,0.10117604464532345
2015-05-21,2130.820068359375,2134.280029296875,2122.949951171875,2125.550048828125,3070460000,0.0023351459087448084,0.00630595328578298,0.1001039050402343
2015-05-22,2126.06005859375,2132.14990234375,2126.06005859375,2130.360107421875,2571860000,-0.0022363851494835974,0.006318501771708535,0.10030310607877078
2015-05-26,2104.199951171875,2125.340087890625,2099.179931640625,2125.340087890625,3342130000,-0.010335204907502334,0.006708594661616816,0.10649563872824164
2015-05-27,2123.47998046875,2126.219970703125,2105.1298828125,2105.1298828125,3127960000,0.009120918929110081,0.0069489736926284,0.11031153754694964
2015-05-28,2120.7900390625,2122.27001953125,2112.860107421875,2122.27001953125,2980350000,-0.0012675639174870542,0.006933945928066576,0.11007297918019875
2015-05-29,2107.389892578125,2120.659912109375,2104.889892578125,2120.659912109375,3927390000,-0.006338515184097658,0.007028901832437732,0.1115803574310986
2015-06-01,2111.72998046875,2119.14990234375,2102.5400390625,2108.639892578125,3011710000,0.002057343499147661,0.006638026531143076,0.10537540438591998
2015-06-02,2109.60009765625,2117.590087890625,2099.139892578125,2110.409912109375,3049350000,-0.0010091051653478204,0.006211600532528828,0.09860610151648594
2015-06-03,2114.070068359375,2121.919921875,2109.610107421875,2110.639892578125,3099980000,0.0021166294697559994,0.006194972158762277,0.09834213426632359
2015-06-04,2095.840087890625,2112.889892578125,2093.22998046875,2112.35009765625,3200050000,-0.008660562215101069,0.005917421892975307,0.0939361603887704
2015-06-05,2092.830078125,2100.989990234375,2085.669921875,2095.090087890625,3243690000,-0.0014372152327325357,0.005835772503115568,0.09264001650715621
2015-06-08,2079.280029296875,2093.010009765625,2079.110107421875,2092.340087890625,2917150000,-0.006495560338305542,0.005958413161438371,0.0945868766024405
2015-06-09,2080.14990234375,2085.6201171875,2072.139892578125,2079.070068359375,3034580000,0.00041826551900276467,0.00509104214066646,0.0808177885101202
2015-06-10,2105.199951171875,2108.5,2081.1201171875,2081.1201171875,3414320000,0.011970491752514406,0.005699174164320043,0.09047158510341119
2015-06-11,2108.860107421875,2115.02001953125,2106.239990234375,2106.239990234375,3128600000,0.0017371167565281324,0.005669580616226483,0.09000180209140564
2015-06-12,2094.110107421875,2107.429931640625,2091.330078125,2107.429931640625,2719400000,-0.007018874653102703,0.00588586457066808,0.09343520342756217
2015-06-15,2084.429931640625,2091.340087890625,2072.489990234375,2091.340087890625,3061570000,-0.004633289621771348,0.005408821128848055,0.0858623735577816
2015-06-16,2096.2900390625,2097.39990234375,2082.10009765625,2084.260009765625,2919900000,0.005673730515753803,0.005584397528029119,0.08864956248773341
2015-06-17,2100.43994140625,2106.7900390625,2088.860107421875,2097.39990234375,3222240000,0.0019776843950728407,0.005554427445033619,0.08817380216946506
2015-06-18,2121.239990234375,2126.64990234375,2101.580078125,2101.580078125,3520360000,0.009854000054008836,0.006008615361190659,0.09538381181731816
2015-06-19,2109.989990234375,2121.639892578125,2109.449951171875,2121.06005859375,4449810000,-0.00531761523794962,0.006112558001069677,0.09703385007173071
2015-06-22,2122.85009765625,2129.8701171875,2112.5,2112.5,3030020000,0.006076367981542122,0.006247953117850337,0.09918318091813576
2015-06-23,2124.199951171875,2128.030029296875,2119.889892578125,2123.159912109375,3091190000,0.0006356664251933869,0.006232067185525466,0.09893099956047968
2015-06-24,2108.580078125,2125.10009765625,2108.580078125,2123.64990234375,3102480000,-0.007380465718305258,0.006017718067186621,0.09552831279525646
2015-06-25,2102.31005859375,2116.0400390625,2101.780029296875,2109.9599609375,3214610000,-0.0029780041565964136,0.0056804991003156745,0.09017512765296855
2015-06-26,2101.489990234375,2108.919921875,2095.3798828125,2102.6201171875,5025470000,-0.00039015574492238484,0.005677620534712998,0.09012943184066495
2015-06-29,2057.639892578125,2098.6298828125,2056.639892578125,2098.6298828125,3678960000,-0.02108696950861153,0.00716237383013863,0.11369915970854397
2015-06-30,2063.110107421875,2074.280029296875,2056.320068359375,2061.18994140625,4078540000,0.0026549623524674106,0.0071768756721102625,0.11392936931299975
2015-07-01,2077.419921875,2082.780029296875,2067.0,2067.0,3727260000,0.006912096434637041,0.007387468996200584,0.11727243469288028
2015-07-02,2076.780029296875,2085.06005859375,2071.02001953125,2078.030029296875,2996540000,-0.00030807018954653404,0.007359616493819613,0.11683028992473496
2015-07-06,2068.760009765625,2078.610107421875,2058.39990234375,2073.949951171875,3486360000,-0.003869232698897424,0.007177298731099374,0.11393608516625035
2015-07-07,2081.340087890625,2083.739990234375,2044.02001953125,2069.52001953125,4458660000,0.006062560593868743,0.007319740576829599,0.11619727936679757
2015-07-08,2046.6800537109375,2077.659912109375,2044.6600341796875,2077.659912109375,3608780000,-0.016792964912141516,0.008065156471124137,0.12803038984450651
2015-07-09,2051.31005859375,2074.280029296875,2049.72998046875,2049.72998046875,3446810000,0.0022596476448199895,0.008088497676586424,0.12840091999422856
2015-07-10,2076.6201171875,2081.31005859375,2052.739990234375,2052.739990234375,3065070000,0.012262986385007718,0.008111562416967786,0.12876706139684868
2015-07-13,2099.60009765625,2100.669921875,2080.030029296875,2080.030029296875,3096730000,0.011005268507355188,0.00849123682921912,0.13479420584079854
2015-07-14,2108.949951171875,2111.97998046875,2098.179931640625,2099.719970703125,3002120000,0.00444327323650017,0.00839954707614678,0.13333867613438455
2015-07-15,2107.39990234375,2114.139892578125,2102.489990234375,2109.010009765625,3261810000,-0.0007352563007372865,0.008326992205461292,0.13218690326894306
2015-07-16,2124.2900390625,2124.419921875,2110.550048828125,2110.550048828125,3227080000,0.007982733444475738,0.008413218370153765,0.13355570119864213
2015-07-17,2126.639892578125,2128.909912109375,2119.8798828125,2126.800048828125,3362750000,0.00110557162445071,0.008408393909412185,0.13347911525864883
2015-07-20,2128.280029296875,2132.820068359375,2123.659912109375,2126.85009765625,3245870000,0.0007709366240016023,0.008137289695214144,0.12917546927775123
2015-07-21,2119.2099609375,2128.489990234375,2115.39990234375,2127.550048828125,3343690000,-0.004270796242723094,0.008105213840885054,0.128666280875883
2015-07-22,2114.14990234375,2118.510009765625,2110.0,2118.2099609375,3694070000,-0.00239056502019028,0.008008696961468857,0.1271341229143514
2015-07-23,2102.14990234375,2116.8701171875,2098.6298828125,2114.159912109375,3772810000,-0.0056922102113794535,0.008094442517012648,0.12849529141033908
2015-07-24,2079.64990234375,2106.010009765625,2077.090087890625,2102.239990234375,3870040000,-0.010761020696661188,0.008269898945685994,0.13128057586752237
2015-07-27,2067.639892578125,2078.18994140625,2063.52001953125,2078.18994140625,3836750000,-0.005791755065064178,0.008331930544412388,0.13226529696946912
2015-07-28,2093.25,2095.60009765625,2069.090087890625,2070.75,4117740000,0.012310073801889353,0.008809766625394788,0.139850709595868
2015-07-29,2108.570068359375,2110.60009765625,2094.080078125,2094.699951171875,4038900000,0.007292142927383681,0.00752669298476247,0.11948254699449577
2015-07-30,2108.6298828125,2110.47998046875,2094.969970703125,2106.780029296875,3579410000,2.836690402236809e-05,0.007522505939100271,0.11941607970519427
2015-07-31,2103.840087890625,2114.239990234375,2102.070068359375,2111.60009765625,3681340000,-0.002274103801051709,0.007430447836284647,0.11795470262788293
2015-08-03,2098.0400390625,2105.699951171875,2087.31005859375,2104.489990234375,3476770000,-0.0027606939449045503,0.007464660430973493,0.11849781073140055
2015-08-04,2093.320068359375,2102.510009765625,2088.60009765625,2097.679931640625,3546710000,-0.0022522391669328678,0.0074257381470818114,0.11787993862958428
2015-08-05,2099.840087890625,2112.659912109375,2095.27001953125,2095.27001953125,3968680000,0.003109838185490679,0.007343881367816476,0.11658050254321957
2015-08-06,2083.56005859375,2103.320068359375,2075.530029296875,2100.75,4246570000,-0.007783195922562142,0.006502951358805787,0.10323115250009804
2015-08-07,2077.570068359375,2082.610107421875,2067.909912109375,2082.610107421875,3602320000,-0.0028790228563377145,0.006543825383625153,0.10388000752862397
2015-08-10,2104.179931640625,2105.35009765625,2080.97998046875,2080.97998046875,3514460000,0.012726835632025084,0.006585789029069251,0.10454615974832862
2015-08-11,2084.070068359375,2102.659912109375,2076.489990234375,2102.659912109375,3708880000,-0.00960306468018227,0.0064969525933245955,0.10313592505027824
2015-08-12,2086.050048828125,2089.06005859375,2052.090087890625,2081.10009765625,4269130000,0.0009496036382146948,0.00641215823150285,0.10178985628651364
2015-08-13,2083.389892578125,2092.929931640625,2078.260009765625,2086.18994140625,3221300000,-0.0012760258683812036,0.006414151894253166,0.10182150470152646
2015-08-14,2091.5400390625,2092.449951171875,2080.610107421875,2083.14990234375,2795590000,0.0039043322743591373,0.006201225149017557,0.09844139740931948
2015-08-17,2102.43994140625,2102.8701171875,2079.300048828125,2089.699951171875,2867690000,0.005197891709402951,0.006325178407474294,0.10040909438575532
2015-08-18,2096.919921875,2103.469970703125,2094.139892578125,2101.989990234375,2949990000,-0.0026289829356331003,0.0063333189937826335,0.10053832218714406
2015-08-19,2079.610107421875,2096.169921875,2070.530029296875,2095.68994140625,3512920000,-0.008289136409597112,0.0065047626885886755,0.10325990646898513
2015-08-20,2035.72998046875,2076.610107421875,2035.72998046875,2076.610107421875,3922470000,-0.021325960454146156,0.007887426405040874,0.12520901251237418
2015-08-21,1970.8900146484375,2034.0799560546875,1970.8900146484375,2034.0799560546875,5018240000,-0.03236924252187817,0.010319095600390021,0.1638105642823965
2015-08-24,1893.2099609375,1965.1500244140625,1867.010009765625,1965.1500244140625,6612690000,-0.04021144434651928,0.013055063060088499,0.2072427012435603
2015-08-25,1867.6099853515625,1948.0400390625,1867.0799560546875,1898.0799560546875,5183560000,-0.013614249742655897,0.013205317605882212,0.2096279182127231
2015-08-26,1940.510009765625,1943.0899658203125,1872.75,1872.75,5338250000,0.03829129943453164,0.01584600287009836,0.251547497212176
2015-08-27,1987.6600341796875,1989.5999755859375,1942.77001953125,1942.77001953125,5006390000,0.02400725448969004,0.016811304638558993,0.26687118772904217
2015-08-28,1988.8699951171875,1993.47998046875,1975.18994140625,1986.06005859375,3949080000,0.0006085511568762156,0.016816681787075086,0.2669565473154596
2015-08-31,1972.1800537109375,1986.72998046875,1965.97998046875,1986.72998046875,3915100000,-0.008427078663984055,0.016860890708805445,0.2676583421912327
2015-09-01,1913.8499755859375,1970.0899658203125,1903.0699462890625,1970.0899658203125,4371850000,-0.030022649842427997,0.017855460619891468,0.2834466500684401
2015-09-02,1948.8599853515625,1948.9100341796875,1916.52001953125,1916.52001953125,3742620000,0.01812767142321464,0.01851817774373784,0.29396695826412905
2015-09-03,1951.1300048828125,1975.010009765625,1944.719970703125,1950.7900390625,3520700000,0.0011641156994188924,0.01848879557137205,0.29350053073777677
2015-09-04,1921.219970703125,1947.760009765625,1911.2099609375,1947.760009765625,3167090000,-0.015448308754276238,0.01865256606663636,0.29610030675313226
2015-09-08,1969.4100341796875,1970.4200439453125,1927.300048828125,1927.300048828125,3548650000,0.024773637197038505,0.019673619604806424,0.3123090291768158
2015-09-09,1942.0400390625,1988.6300048828125,1937.8800048828125,1971.449951171875,3652120000,-0.013995035769084717,0.01949980380107874,0.3095497888332382
2015-09-10,1952.2900390625,1965.2900390625,1937.18994140625,1941.5899658203125,3626320000,0.005264075444935658,0.019549106440947473,0.31033244397766807
2015-09-11,1961.050048828125,1961.050048828125,1939.18994140625,1951.449951171875,3218590000,0.004477006444986281,0.019600821777938933,0.3111533995015519
2015-09-14,1953.030029296875,1963.06005859375,1948.27001953125,1963.06005859375,3000200000,-0.00409804122304381,0.019598498997170283,0.31111652649996807
2015-09-15,1978.0899658203125,1983.18994140625,1954.300048828125,1955.0999755859375,3239860000,0.01274968763143236,0.019849483988735286,0.3151007897229119
2015-09-16,1995.31005859375,1997.260009765625,1977.9300537109375,1978.02001953125,3630680000,0.0086677407153759,0.019932395894429848,0.3164169754220774
2015-09-17,1990.199951171875,2020.8599853515625,1986.72998046875,1995.3299560546875,4183790000,-0.002564344442560099,0.01993237842016276,0.31641669802668704
2015-09-18,1958.030029296875,1989.6600341796875,1953.449951171875,1989.6600341796875,6021240000,-0.01629623095438354,0.02012456900452762,0.31946762897003267
2015-09-21,1966.969970703125,1979.6400146484375,1955.800048828125,1960.8399658203125,3269350000,0.004555392033672697,0.019726266799484502,0.31314477748287617
2015-09-22,1942.739990234375,1961.3900146484375,1929.219970703125,1961.3900146484375,3808260000,-0.012394930019378313,0.018620880314411455,0.2955973110301856
2015-09-23,1938.760009765625,1949.52001953125,1932.5699462890625,1943.239990234375,3190530000,-0.002050744229593947,0.01628638636750578,0.2585383685059974
2015-09-24,1932.239990234375,1937.1700439453125,1908.9200439453125,1934.81005859375,4091530000,-0.00336865187130644,0.01597299310473446,0.25356340469086114
2015-09-25,1931.3399658203125,1952.8900146484375,1921.5,1935.9300537109375,3721870000,-0.00046590180122054944,0.013584492885445953,0.2156471391708974
2015-09-28,1881.77001953125,1929.1800537109375,1879.2099609375,1929.1800537109375,4326660000,-0.026001211162809106,0.013507101425022625,0.21441858782361609
2015-09-29,1884.0899658203125,1899.47998046875,1871.9100341796875,1881.9000244140625,4132390000,0.001232093912981713,0.013515206310913472,0.2145472488984465
2015-09-30,1920.030029296875,1920.530029296875,1887.1400146484375,1887.1400146484375,4525070000,0.01889589860356512,0.014220654823640624,0.22574589686306507
2015-10-01,1923.8199462890625,1927.2099609375,1900.699951171875,1919.6500244140625,3983600000,0.001971938678337173,0.012609485731498594,0.20016938043577592
2015-10-02,1951.3599853515625,1951.3599853515625,1893.699951171875,1921.77001953125,4378570000,0.014213793016405511,0.012358416882452676,0.19618378601659164
2015-10-05,1987.050048828125,1989.1700439453125,1954.3299560546875,1954.3299560546875,4334490000,0.018124593518502156,0.012973022644914683,0.2059403500275219
2015-10-06,1979.9200439453125,1991.6199951171875,1971.989990234375,1986.6300048828125,4202400000,-0.0035946893441432997,0.012475922418642375,0.1980491285751791
2015-10-07,1995.8299560546875,1999.31005859375,1976.43994140625,1982.3399658203125,4666470000,0.008003519857552759,0.011397306422003673,0.18092663045172658
2015-10-08,2013.4300537109375,2016.5,1987.530029296875,1994.010009765625,3939140000,0.008779780144558488,0.011012700282359785,0.17482119726248874
2015-10-09,2014.8900146484375,2020.1300048828125,2007.6099853515625,2013.72998046875,3706900000,0.0007248485605153577,0.010984151592571286,0.17436800086186616
2015-10-12,2017.4599609375,2018.6600341796875,2010.550048828125,2015.6500244140625,2893250000,0.0012746644773328382,0.01096300682084876,0.17403233801682394
2015-10-13,2003.68994140625,2022.3399658203125,2001.780029296875,2015.0,3401920000,-0.006848823690127077,0.011047470334001008,0.17537315472078202
2015-10-14,1994.239990234375,2009.56005859375,1990.72998046875,2003.6600341796875,3644590000,-0.0047274309119391435,0.010790750117502659,0.17129784762451827
2015-10-15,2023.8599853515625,2024.1500244140625,1996.469970703125,1996.469970703125,3746290000,0.014743551351355088,0.011100867738570884,0.1762208122396712
2015-10-16,2033.1099853515625,2033.5400390625,2020.4599609375,2024.3699951171875,3595430000,0.004560061373697022,0.01110573464907245,0.1762980720487133
2015-10-19,2033.6600341796875,2034.449951171875,2022.31005859375,2031.72998046875,3287320000,0.0002705089438730595,0.01037913038131468,0.16476358688444184
2015-10-20,2030.77001953125,2039.1199951171875,2026.6099853515625,2033.1300048828125,3331500000,-0.0014221010558937615,0.01038188612302124,0.16480733292784036
2015-10-21,2018.93994140625,2037.969970703125,2017.219970703125,2033.469970703125,3627790000,-0.005842448911134253,0.010035453557868975,0.1593078864471579
2015-10-22,2052.510009765625,2055.199951171875,2021.8800048828125,2021.8800048828125,4430850000,0.016490847012594123,0.010482460273288101,0.16640389806740688
2015-10-23,2075.14990234375,2079.739990234375,2058.18994140625,2058.18994140625,4108460000,0.010969953969042788,0.010533239916087324,0.1672099999064755
2015-10-26,2071.179931640625,2075.139892578125,2066.530029296875,2075.080078125,3385800000,-0.0019149330011001104,0.010564515532776668,0.1677064849296366
2015-10-27,2065.889892578125,2070.3701171875,2058.840087890625,2068.75,4216880000,-0.00255738586508774,0.008307846327218883,0.13188297187417503
2015-10-28,2090.35009765625,2090.35009765625,2063.110107421875,2066.47998046875,4698110000,0.011770488488143476,0.008421563129064705,0.13368817013961695
2015-10-29,2089.409912109375,2092.52001953125,2082.6298828125,2088.35009765625,4008940000,-0.00044987538066072313,0.007858710054761424,0.12475315458396911
2015-10-30,2079.360107421875,2094.320068359375,2079.340087890625,2090.0,4256200000,-0.004821481688425431,0.00808407158657815,0.12833065799357488
2015-11-02,2104.050048828125,2106.199951171875,2080.760009765625,2080.760009765625,3760020000,0.011803876338814608,0.007943272524050355,0.1260955421678974
2015-11-03,2109.7900390625,2116.47998046875,2097.510009765625,2102.6298828125,4272060000,0.0027243529250675206,0.007211226844313674,0.11447467726636244
2015-11-04,2102.31005859375,2114.590087890625,2096.97998046875,2110.60009765625,4078870000,-0.003551666939647187,0.007209308999806862,0.11444423242865255
2015-11-05,2099.929931640625,2108.780029296875,2090.409912109375,2101.679931640625,4051890000,-0.0011327897564983025,0.007158648931332865,0.11364002877315035
2015-11-06,2099.199951171875,2101.909912109375,2083.739990234375,2098.60009765625,4369020000,-0.00034768178002366065,0.007029196395879124,0.11158503348076614
2015-11-09,2078.580078125,2096.56005859375,2068.239990234375,2096.56005859375,3882350000,-0.009871290656502512,0.0074895291232592795,0.11889258898271804
2015-11-10,2081.719970703125,2083.669921875,2069.909912109375,2077.18994140625,3821440000,0.0015094551534496445,0.007489379501448524,0.11889021381010623
2015-11-11,2075.0,2086.93994140625,2074.85009765625,2083.409912109375,3692410000,-0.003233307321568946,0.007327840192878558,0.11632585678548149
2015-11-12,2045.969970703125,2072.2900390625,2045.6600341796875,2072.2900390625,4016370000,-0.014089163336632673,0.00799095420226373,0.12685246534377817
2015-11-13,2023.0400390625,2044.6400146484375,2022.02001953125,2044.6400146484375,4278750000,-0.011270640432155438,0.007803792935287609,0.12388137233888269
2015-11-16,2053.18994140625,2053.219970703125,2019.3900146484375,2022.0799560546875,3741240000,0.014793302794234362,0.008400713149463645,0.13335718697442592
2015-11-17,2050.43994140625,2066.68994140625,2045.9000244140625,2053.669921875,4427350000,-0.0013402770182465746,0.008409955233422464,0.133503900508932
2015-11-18,2083.580078125,2085.31005859375,2051.989990234375,2051.989990234375,3926390000,0.016033229877172244,0.009059303555019976,0.14381198554815725
2015-11-19,2081.239990234375,2086.739990234375,2078.760009765625,2083.699951171875,3628110000,-0.0011237403289792015,0.008932946417292203,0.14180612817132351
2015-11-20,2089.169921875,2097.06005859375,2082.820068359375,2082.820068359375,3929600000,0.0038029552801494165,0.008268987700213884,0.13126611029410715
2015-11-23,2086.590087890625,2095.610107421875,2081.389892578125,2089.409912109375,3587980000,-0.0012356238416840882,0.007944164443025498,0.1261097009426845
2015-11-24,2089.139892578125,2094.1201171875,2070.2900390625,2084.419921875,3884930000,0.0012212499449607925,0.007930665125234689,0.12589540591622342
2015-11-25,2088.8701171875,2093.0,2086.300048828125,2089.300048828125,2852940000,-0.00012914061496715576,0.007902872747926481,0.12545421560401868
2015-11-27,2090.110107421875,2093.2900390625,2084.1298828125,2088.820068359375,1466840000,0.0005934415594808398,0.007472423915953993,0.11862105223479408
2015-11-30,2080.409912109375,2093.81005859375,2080.409912109375,2090.949951171875,4275030000,-0.004651800139618441,0.007540863753773071,0.11970750097862733
2015-12-01,2102.6298828125,2103.3701171875,2082.929931640625,2082.929931640625,3712120000,0.01062393894673922,0.007816341086184784,0.12408056805900852
2015-12-02,2079.510009765625,2104.27001953125,2077.110107421875,2101.7099609375,3950640000,-0.011056592639448921,0.007759394191676056,0.12317656413416338
2015-12-03,2049.6201171875,2085.0,2042.3499755859375,2080.7099609375,4306490000,-0.014477826444150087,0.008285643949651103,0.1315305200568228
2015-12-04,2091.68994140625,2093.840087890625,2051.239990234375,2051.239990234375,4214910000,0.02031785636385123,0.00951809579789288,0.15109508661668075
2015-12-07,2077.070068359375,2090.419921875,2066.780029296875,2090.419921875,4043820000,-0.007014043960397749,0.009631491982496392,0.15289519524118755
2015-12-08,2063.590087890625,2073.85009765625,2052.320068359375,2073.389892578125,4173570000,-0.006511052625594547,0.009719443857483915,0.1542913879725405
2015-12-09,2047.6199951171875,2080.330078125,2036.530029296875,2061.169921875,4385250000,-0.007769086365692726,0.009631934038020406,0.1529022126550809
2015-12-10,2052.22998046875,2067.64990234375,2045.6700439453125,2047.9300537109375,3715150000,0.0022488565785946774,0.009641817008407888,0.15305909994624023
2015-12-11,2012.3699951171875,2047.27001953125,2008.800048828125,2047.27001953125,4301060000,-0.01961386775581532,0.01048452897691682,0.1664367377194342
2015-12-14,2021.93994140625,2022.9200439453125,1993.260009765625,2013.3699951171875,4612440000,0.0047442880640680245,0.010150350922823912,0.16113182557096226
2015-12-15,2043.4100341796875,2053.8701171875,2025.550048828125,2025.550048828125,4353540000,0.010562580105914385,0.01011681872444886,0.16059951842408024
2015-12-16,2073.070068359375,2076.719970703125,2042.4300537109375,2046.5,4635450000,0.014410635650771483,0.01009005249197827,0.16017461765617227
2015-12-17,2041.8900146484375,2076.3701171875,2041.6600341796875,2073.760009765625,4327390000,-0.015154776635876313,0.010648108278724725,0.169033478632762
2015-12-18,2005.550048828125,2040.81005859375,2005.3299560546875,2040.81005859375,6683070000,-0.017957495007106937,0.010640740162617549,0.16891651341565816
2015-12-21,2021.1500244140625,2022.9000244140625,2005.9300537109375,2010.27001953125,3760280000,0.0077483067271562,0.010843854492281197,0.17214085343967978
2015-12-22,2038.969970703125,2042.739990234375,2020.489990234375,2023.1500244140625,3520860000,0.008778095591568889,0.011016077144433109,0.1748748032860354
2015-12-23,2064.2900390625,2064.72998046875,2042.199951171875,2042.199951171875,3484090000,0.012341596527553888,0.011402936684479758,0.18101600809769303
2015-12-24,2060.989990234375,2067.360107421875,2058.72998046875,2063.52001953125,1411860000,-0.0015999154038633197,0.011398117456859728,0.18093950523092894
2015-12-28,2056.5,2057.77001953125,2044.199951171875,2057.77001953125,2492510000,-0.002180936456306017,0.01140225865213114,0.1810052446678412
2015-12-29,2078.360107421875,2081.56005859375,2060.5400390625,2060.5400390625,2542000000,0.010573664173022947,0.011665722944583592,0.1851876106508899
2015-12-30,2063.360107421875,2077.340087890625,2061.969970703125,2077.340087890625,2367430000,-0.007243398783778549,0.011727954062663281,0.18617549902438002
2015-12-31,2043.93994140625,2062.5400390625,2043.6199951171875,2060.590087890625,2655330000,-0.009456485041467845,0.011602836718359329,0.1841893227580054
2016-01-04,2012.6600341796875,2038.199951171875,1989.6800537109375,2038.199951171875,4304880000,-0.015422041797805928,0.011822500015821346,0.1876763695015228
2016-01-05,2016.7099609375,2021.93994140625,2004.1700439453125,2013.780029296875,3706620000,0.0020102041393599396,0.011463479761969746,0.18197709965756315
2016-01-06,1990.260009765625,2011.7099609375,1979.050048828125,2011.7099609375,4336660000,-0.01320216300262602,0.010687679046621639,0.16966164509902054
2016-01-07,1943.0899658203125,1985.3199462890625,1938.8299560546875,1985.3199462890625,5076590000,-0.023985816519344776,0.011654594759243467,0.18501095618516947
2016-01-08,1922.030029296875,1960.4000244140625,1918.4599609375,1945.969970703125,4664940000,-0.010897537445847908,0.011756236806064977,0.18662447365699325
2016-01-11,1923.6700439453125,1935.6500244140625,1901.0999755859375,1926.1199951171875,4607290000,0.0008529082958226729,0.011745989965219004,0.18646181010137824
2016-01-12,1938.6800537109375,1947.3800048828125,1914.3499755859375,1927.8299560546875,4887260000,0.00777251411777486,0.011929200340536218,0.18937018464555516
2016-01-13,1890.280029296875,1950.3299560546875,1886.4100341796875,1940.3399658203125,5087030000,-0.025282375077909022,0.012386186839194041,0.19662462041333167
2016-01-14,1921.8399658203125,1934.469970703125,1878.9300537109375,1891.6800537109375,5241110000,0.016558060934383972,0.013007280444466895,0.2064841757359986
2016-01-15,1880.3299560546875,1916.6800537109375,1857.8299560546875,1916.6800537109375,5468460000,-0.021835772698162375,0.013308585620826685,0.21126724712830536
2016-01-19,1881.3299560546875,1901.43994140625,1864.5999755859375,1888.6600341796875,4928350000,0.0005316801874288286,0.012680446560257247,0.20129584867011055
2016-01-20,1859.3299560546875,1876.1800537109375,1812.2900390625,1876.1800537109375,6416070000,-0.011762766025898373,0.012560601956317368,0.19939337456212283
2016-01-21,1868.989990234375,1889.8499755859375,1848.97998046875,1861.4599609375,5078810000,0.005181988635948063,0.012330171011897933,0.1957353967222774
2016-01-22,1906.9000244140625,1908.8499755859375,1877.4000244140625,1877.4000244140625,4901760000,0.02008072688221347,0.013151894292570203,0.20877984940530314
2016-01-25,1877.0799560546875,1906.280029296875,1875.969970703125,1906.280029296875,4401380000,-0.015761545172821467,0.013164632112263487,0.20898205602422482
2016-01-26,1903.6300048828125,1906.72998046875,1878.7900390625,1878.7900390625,4357940000,0.014045237830367907,0.013274767258425708,0.21073039726834272
2016-01-27,1882.949951171875,1916.989990234375,1872.699951171875,1902.52001953125,4754040000,-0.010922922300528425,0.013351140401784367,0.2119427833333705
2016-01-28,1893.3599853515625,1902.9599609375,1873.6500244140625,1885.219970703125,4693010000,0.005513350717591524,0.013516814627336622,0.21457278013015743
2016-01-29,1940.239990234375,1940.239990234375,1894.0,1894.0,5497570000,0.024458650994556432,0.014561294838524525,0.23115338945894592
2016-02-01,1939.3800048828125,1947.199951171875,1920.300048828125,1936.93994140625,4322530000,-0.00044333484554180534,0.01454422477051071,0.23088241052998085
2016-02-02,1903.030029296875,1935.260009765625,1897.2900390625,1935.260009765625,4463190000,-0.01892096871823143,0.014898230960221562,0.23650208457329563
2016-02-03,1912.530029296875,1918.010009765625,1872.22998046875,1907.0699462890625,5172950000,0.0049796200215740235,0.014739531723692056,0.23398281229461831
2016-02-04,1915.449951171875,1927.3499755859375,1900.52001953125,1911.6700439453125,5193320000,0.0015255682925234377,0.014732609782484366,0.23387292988446615
2016-02-05,1880.050048828125,1913.0699462890625,1872.6500244140625,1913.0699462890625,4929940000,-0.018654158276351848,0.014977503830415448,0.2377605023747796
2016-02-08,1853.43994140625,1873.25,1828.4599609375,1873.25,5636460000,-0.014255057923057347,0.014426857245589323,0.22901925883235785
2016-02-09,1852.2099609375,1868.25,1834.93994140625,1848.4599609375,5183220000,-0.0006638406467602255,0.014292339918290129,0.22688386246198136
2016-02-10,1851.8599853515625,1881.5999755859375,1850.3199462890625,1857.0999755859375,4471170000,-0.00018896813076091644,0.014284615074860752,0.2267612343741951
2016-02-11,1829.0799560546875,1847.0,1810.0999755859375,1847.0,5500800000,-0.012377447329256216,0.014285395947430309,0.22677363034194317
2016-02-12,1864.780029296875,1864.780029296875,1833.4000244140625,1833.4000244140625,4696920000,0.01933001520704595,0.014086133210226557,0.22361043245272433
2016-02-16,1895.5799560546875,1895.77001953125,1871.43994140625,1871.43994140625,4570670000,0.016381737741684915,0.014075413615793153,0.22344026416656676
2016-02-17,1926.8199462890625,1930.6800537109375,1898.800048828125,1898.800048828125,5011540000,0.016346110625641338,0.013662627733405586,0.2168874914294716
2016-02-18,1917.8299560546875,1930.0,1915.0899658203125,1927.5699462890625,4436490000,-0.004676632123934705,0.013721806126657137,0.21782691929866352
2016-02-19,1917.780029296875,1918.780029296875,1902.1700439453125,1916.739990234375,4142850000,-2.60332818018429e-05,0.013415213536928436,0.21295991282123913
2016-02-22,1945.5,1946.699951171875,1924.43994140625,1924.43994140625,4054710000,0.014350731099076084,0.01368835021910796,0.21729582323109697
2016-02-23,1921.27001953125,1942.3800048828125,1919.43994140625,1942.3800048828125,3890650000,-0.01253257757078849,0.013370146040074108,0.2122444884879067
2016-02-24,1929.800048828125,1932.0799560546875,1891.0,1917.56005859375,4317250000,0.0044299600346319485,0.012869660464076324,0.20429952627471637
2016-02-25,1951.699951171875,1951.8299560546875,1925.4100341796875,1931.8699951171875,4118210000,0.011284366730450844,0.012746669472830404,0.20234710481668822
2016-02-26,1948.050048828125,1962.9599609375,1945.780029296875,1954.949951171875,4348510000,-0.0018718653295646535,0.012466650378084046,0.19790193949439844
2016-02-29,1932.22998046875,1958.27001953125,1931.81005859375,1947.1300048828125,4588180000,-0.008154131091571704,0.012609099085796301,0.20016324262553337
2016-03-01,1978.3499755859375,1978.3499755859375,1937.0899658203125,1937.0899658203125,4819750000,0.023588385401618943,0.012529210197417933,0.198895045838534
2016-03-02,1986.449951171875,1986.510009765625,1968.800048828125,1976.5999755859375,4666610000,0.0040859498611017005,0.012543430805963896,0.19912079100076172
2016-03-03,1993.4000244140625,1993.68994140625,1977.3699951171875,1985.5999755859375,5081700000,0.003492634320316937,0.011674408273599144,0.18532548597466944
2016-03-04,1999.989990234375,2009.1300048828125,1986.77001953125,1994.010009765625,6049930000,0.0033004398659416986,0.01166022655439357,0.18510035816158166
2016-03-07,2001.760009765625,2006.1199951171875,1989.3800048828125,1996.1099853515625,4968180000,0.0008846228008639487,0.011662724437385905,0.18514001082479278
2016-03-08,1979.260009765625,1996.8800048828125,1977.4300537109375,1996.8800048828125,4641650000,-0.011303756056006186,0.01110575001234184,0.17629831593305412
2016-03-09,1989.260009765625,1992.68994140625,1979.8399658203125,1981.43994140625,4038120000,0.00503967278281425,0.010432448826566125,0.16560999096300946
2016-03-10,1989.5699462890625,2005.0799560546875,1969.25,1990.969970703125,4376790000,0.00015579279712262694,0.010418135604179219,0.16538277560163517
2016-03-11,2022.18994140625,2022.3699951171875,1994.7099609375,1994.7099609375,4078620000,0.016262545588851488,0.010747579661000296,0.17061253787317598
2016-03-14,2019.6400146484375,2024.5699462890625,2012.050048828125,2019.27001953125,3487850000,-0.0012617686166117468,0.01014782380499308,0.16109170881907742
2016-03-15,2015.9300537109375,2015.93994140625,2005.22998046875,2015.27001953125,3560280000,-0.0018386309343179589,0.009663754933312629,0.15340735370771277
2016-03-16,2027.219970703125,2032.02001953125,2010.0400390625,2014.239990234375,4057020000,0.005584727881779697,0.009233585378838527,0.1465786237313332
2016-03-17,2040.5899658203125,2046.239990234375,2022.1600341796875,2026.9000244140625,4530480000,0.006573583068596323,0.00877251318837812,0.13925932961689694
2016-03-18,2049.580078125,2052.360107421875,2041.1600341796875,2041.1600341796875,6503140000,0.004395967251026178,0.008611342895666285,0.13670083053741494
2016-03-21,2051.60009765625,2053.909912109375,2043.1400146484375,2047.8800048828125,3376600000,0.0009850919042923014,0.008595427560091223,0.1364481824176324
2016-03-22,2049.800048828125,2056.60009765625,2040.5699462890625,2048.639892578125,3418460000,-0.0008777728967722512,0.008243903292116253,0.13086790766043763
2016-03-23,2036.7099609375,2048.550048828125,2034.8599853515625,2048.550048828125,3639510000,-0.00640650953066712,0.007781261930928566,0.12352370373294745
2016-03-24,2035.93994140625,2036.0400390625,2022.489990234375,2032.47998046875,3407720000,-0.0003781417793768198,0.007800952926295108,0.12383628859379063
2016-03-28,2037.050048828125,2042.6700439453125,2031.9599609375,2037.8900146484375,2809090000,0.000545106888072358,0.0075476048623219745,0.11981451275931507
2016-03-29,2055.010009765625,2055.909912109375,2028.31005859375,2035.75,3822330000,0.00877801205423741,0.007629097427653505,0.12110816712872255
2016-03-30,2063.949951171875,2072.2099609375,2058.27001953125,2058.27001953125,3590310000,0.0043408799935662195,0.007229708411107459,0.11476806304381355
2016-03-31,2059.739990234375,2067.919921875,2057.4599609375,2063.77001953125,3715280000,-0.0020418423596207116,0.005580430164842543,0.08858658254961929
2016-04-01,2072.780029296875,2075.070068359375,2043.97998046875,2056.6201171875,3749990000,0.006310959066599757,0.0056443696400178085,0.08960159025126173
2016-04-04,2066.1298828125,2074.02001953125,2062.570068359375,2073.18994140625,3485710000,-0.003213480045854618,0.0057460202924581455,0.09121524433304928
2016-04-05,2045.1700439453125,2062.5,2042.56005859375,2062.5,4154920000,-0.01019629841179453,0.006288065225935547,0.0998199408934718
2016-04-06,2066.659912109375,2067.330078125,2043.0899658203125,2045.56005859375,3750800000,0.01045279793201316,0.006612707037070224,0.10497346987808755
2016-04-07,2041.9100341796875,2063.010009765625,2033.800048828125,2063.010009765625,3801250000,-0.012048073970004866,0.006686458298730374,0.1061442348614676
2016-04-08,2047.5999755859375,2060.6298828125,2041.68994140625,2045.5400390625,3359530000,0.002782702604616504,0.006644454254717872,0.10547744133437105
2016-04-11,2041.989990234375,2062.929931640625,2041.8800048828125,2050.22998046875,3567840000,-0.0027435458896039448,0.006700968475633524,0.10637457677885932
2016-04-12,2061.719970703125,2065.050048828125,2039.739990234375,2043.719970703125,4239740000,0.009615753881389974,0.006084450750080579,0.09658766129480174
2016-04-13,2082.419921875,2083.179931640625,2065.919921875,2065.919921875,4191830000,0.009990069768557895,0.006371207760731836,0.1011397877161269
2016-04-14,2082.780029296875,2087.840087890625,2078.1298828125,2082.889892578125,3765870000,0.00017291243013242585,0.006334185159190694,0.1005520721367279
2016-04-15,2080.72998046875,2083.219970703125,2076.31005859375,2083.10009765625,3701450000,-0.000984769576145959,0.006287187424964045,0.09980600623504458
2016-04-18,2094.340087890625,2094.659912109375,2073.64990234375,2078.830078125,3316880000,0.006519725613797989,0.006284913838548116,0.0997699141696
2016-04-19,2100.800048828125,2104.050048828125,2091.679931640625,2096.050048828125,3896830000,0.0030797379028665328,0.006258353521844805,0.09934828221315954
2016-04-20,2102.39990234375,2111.050048828125,2096.320068359375,2101.52001953125,4184880000,0.0007612550492345003,0.00625888443455733,0.0993567101911909
2016-04-21,2091.47998046875,2103.780029296875,2088.52001953125,2102.090087890625,4175290000,-0.005207562857292034,0.0063992746802251374,0.10158533625040858
2016-04-22,2091.580078125,2094.320068359375,2081.199951171875,2091.489990234375,3790580000,4.785857954074228e-05,0.0061790603845919105,0.09808954268208793
2016-04-25,2087.7900390625,2089.3701171875,2077.52001953125,2089.3701171875,3319740000,-0.0018136896207629953,0.006206039928235698,0.09851782965989278
2016-04-26,2091.699951171875,2096.8701171875,2085.800048828125,2089.840087890625,3557190000,0.0018710001742369307,0.006205814918930364,0.09851425774790525
2016-04-27,2095.14990234375,2099.889892578125,2082.31005859375,2092.330078125,4100110000,0.0016479941117468401,0.005964317954650214,0.09468061228873129
2016-04-28,2075.81005859375,2099.300048828125,2071.6201171875,2090.929931640625,4309840000,-0.00927363606156167,0.006304263461992996,0.10007707991918739
2016-04-29,2065.300048828125,2073.85009765625,2052.280029296875,2071.820068359375,4704720000,-0.005075949230557177,0.006394091968782038,0.10150306325683589
2016-05-02,2081.429931640625,2083.419921875,2066.110107421875,2067.169921875,3841110000,0.007779606697244105,0.00647264454445025,0.10275004673720592
2016-05-03,2063.3701171875,2077.179931640625,2054.889892578125,2077.179931640625,4173390000,-0.008714499388395887,0.006724058836744065,0.10674112489794635
2016-05-04,2051.1201171875,2060.300048828125,2045.550048828125,2060.300048828125,4058560000,-0.00595458270547255,0.006463107162582467,0.10259864549372105
2016-05-05,2050.6298828125,2060.22998046875,2045.77001953125,2052.949951171875,4008530000,-0.00023903669279415213,0.00601558738786615,0.0954944893096229
2016-05-06,2057.139892578125,2057.719970703125,2039.449951171875,2047.77001953125,3796350000,0.0031696105535526063,0.005426297030157449,0.08613979489058979
2016-05-09,2058.68994140625,2064.14990234375,2054.31005859375,2057.550048828125,3788620000,0.0007532133076099479,0.005398879703318224,0.08570455832000519
2016-05-10,2084.389892578125,2084.8701171875,2062.6298828125,2062.6298828125,3600200000,0.012406365236037333,0.005960813210318063,0.09462497619726089
2016-05-11,2064.4599609375,2083.2900390625,2064.4599609375,2083.2900390625,3821980000,-0.009607522877868724,0.00604357510538316,0.09593878055150891
2016-05-12,2064.110107421875,2073.989990234375,2053.1298828125,2067.169921875,3782390000,-0.00016947926796424465,0.005599523194594415,0.08888967500060854
2016-05-13,2046.6099853515625,2066.7900390625,2043.1300048828125,2062.5,3579880000,-0.008514434161752484,0.005867956365268505,0.09315091948007374
2016-05-16,2066.659912109375,2071.8798828125,2046.530029296875,2046.530029296875,3501360000,0.009748976389612767,0.006305368546402801,0.10009462259034387
2016-05-17,2047.2099609375,2065.68994140625,2040.8199462890625,2065.0400390625,4108960000,-0.009455863552162807,0.006401497199680696,0.10162061765298905
2016-05-18,2047.6300048828125,2060.610107421875,2034.489990234375,2044.3800048828125,4101320000,0.00020515768640127935,0.006338438199621888,0.10061958706050896
2016-05-19,2040.0400390625,2044.2099609375,2025.9100341796875,2044.2099609375,3846770000,-0.0037135945227206248,0.006343692124401492,0.1007029905307522
2016-05-20,2052.320068359375,2058.35009765625,2041.8800048828125,2041.8800048828125,3507650000,0.006001459222804671,0.006480384689752468,0.10287291773469297
2016-05-23,2048.0400390625,2055.580078125,2047.260009765625,2052.22998046875,3055480000,-0.0020876365681016884,0.006481521378073839,0.1028909621023922
2016-05-24,2076.06005859375,2079.669921875,2052.64990234375,2052.64990234375,3627340000,0.013588637533990108,0.007215003454604045,0.11453462909612522
2016-05-25,2090.5400390625,2094.72998046875,2078.929931640625,2078.929931640625,3859160000,0.006950529651583447,0.007373709050392434,0.11705400232490773
2016-05-26,2090.10009765625,2094.300048828125,2087.080078125,2091.43994140625,3230990000,-0.0002104660499285901,0.0073637540266069295,0.11689597122151466
2016-05-27,2099.06005859375,2099.06005859375,2090.06005859375,2090.06005859375,3079150000,0.004277694939439437,0.0071104343516562776,0.11287464604879979
2016-05-31,2096.949951171875,2103.47998046875,2088.659912109375,2100.1298828125,4514410000,-0.0010057686205899895,0.007004660605001793,0.1111955398754759
2016-06-01,2099.330078125,2100.969970703125,2085.10009765625,2093.93994140625,3525170000,0.001134398653926189,0.006817595650766774,0.10822597578794665
2016-06-02,2105.260009765625,2105.260009765625,2088.590087890625,2097.7099609375,3632720000,0.002820696166986195,0.006503316115000547,0.10323694282518106
2016-06-03,2099.1298828125,2104.070068359375,2085.360107421875,2104.070068359375,3627780000,-0.002916062236694851,0.006374374500977492,0.10119005815906737
2016-06-06,2109.409912109375,2113.360107421875,2100.830078125,2100.830078125,3442020000,0.004885328519363624,0.0064184120617892925,0.10188913276459081
2016-06-07,2112.1298828125,2119.219970703125,2110.179931640625,2110.179931640625,3534730000,0.001288615629197613,0.006404797692934895,0.10167301135911579
2016-06-08,2119.1201171875,2120.550048828125,2112.7099609375,2112.7099609375,3562060000,0.0033041019719547236,0.0064189551601395835,0.10189775418362473
2016-06-09,2115.47998046875,2117.639892578125,2107.72998046875,2115.64990234375,3290320000,-0.0017192355978938075,0.005926706277751888,0.09408354542794078
2016-06-10,2096.070068359375,2109.570068359375,2089.9599609375,2109.570068359375,3515010000,-0.009217532410166119,0.00589329366773247,0.09355313668735099
2016-06-13,2079.06005859375,2098.1201171875,2078.4599609375,2091.75,3392030000,-0.008148298789709478,0.006202820493578545,0.09846672271910248
2016-06-14,2075.320068359375,2081.300048828125,2064.10009765625,2076.64990234375,3759770000,-0.0018005050719719037,0.0058884838314213804,0.09347678290299458
2016-06-15,2071.5,2085.64990234375,2069.800048828125,2077.60009765625,3544720000,-0.0018424090638101951,0.005526378855312806,0.08772854461130093
2016-06-16,2077.989990234375,2079.6201171875,2050.3701171875,2066.360107421875,3628280000,0.0031280931110455722,0.005103158791488387,0.08101013437890715
2016-06-17,2071.219970703125,2078.199951171875,2062.840087890625,2078.199951171875,4952630000,-0.003263284144608922,0.005175945394254982,0.08216558587709309
2016-06-20,2083.25,2100.659912109375,2075.580078125,2075.580078125,3467440000,0.0057913827784231015,0.005200414208159945,0.0825540162559086
2016-06-21,2088.89990234375,2093.659912109375,2083.02001953125,2085.18994140625,3232880000,0.002708390604209703,0.0050904869161117,0.08080897459355806
2016-06-22,2085.449951171875,2099.7099609375,2084.360107421875,2089.75,3168160000,-0.00165292899657585,0.005078851627911566,0.08062427011949734
2016-06-23,2113.320068359375,2113.320068359375,2092.800048828125,2092.800048828125,3297940000,0.013275567071955107,0.005039937181530889,0.08000652243431117
2016-06-24,2037.4100341796875,2103.81005859375,2032.5699462890625,2103.81005859375,7597450000,-0.03658079280558263,0.009437622595665978,0.14981761413489642
2016-06-27,2000.5400390625,2031.449951171875,1991.6800537109375,2031.449951171875,5431220000,-0.018262246511702756,0.010136726440407274,0.1609155436176639
2016-06-28,2036.0899658203125,2036.0899658203125,2006.6700439453125,2006.6700439453125,4385810000,0.01761412160408792,0.010941158228000125,0.1736855023577788
2016-06-29,2070.77001953125,2073.1298828125,2042.68994140625,2042.68994140625,4241740000,0.016889242971253916,0.011651340060624129,0.18495928944633405
2016-06-30,2098.860107421875,2098.93994140625,2070.0,2073.169921875,4622820000,0.013473863149466128,0.012047502514619652,0.19124817343865338
2016-07-01,2102.949951171875,2108.7099609375,2097.89990234375,2099.340087890625,3458890000,0.0019467062930320223,0.01203873885625803,0.19110905467505349
2016-07-05,2088.550048828125,2095.050048828125,2080.860107421875,2095.050048828125,3658380000,-0.006871028985598719,0.01211646381474222,0.19234290013992542
2016-07-06,2099.72998046875,2100.719970703125,2074.02001953125,2084.429931640625,3909380000,0.0053386870582759595,0.012126453380476705,0.19250147957975927
2016-07-07,2097.89990234375,2109.080078125,2089.389892578125,2100.419921875,3604550000,-0.0008719578867330009,0.012122187283272776,0.19243375738613674
2016-07-08,2129.89990234375,2131.7099609375,2106.969970703125,2106.969970703125,3607500000,0.0151381865659924,0.012566117589139857,0.19948093251875154
2016-07-11,2137.159912109375,2143.159912109375,2131.719970703125,2131.719970703125,3253340000,0.0034028193119982385,0.012575860098338804,0.19963559005766857
2016-07-12,2152.139892578125,2155.39990234375,2139.5,2139.5,4097820000,0.006984842307345719,0.012447160441582615,0.19759254634409107
2016-07-13,2152.429931640625,2156.449951171875,2146.2099609375,2153.81005859375,3502320000,0.00013475867498170382,0.012264109425368088,0.19468670154724335
2016-07-14,2163.75,2168.989990234375,2157.8798828125,2157.8798828125,3465610000,0.005245422801696999,0.012261328403320742,0.19464255419087614
2016-07-15,2161.739990234375,2169.050048828125,2155.7900390625,2165.1298828125,3122600000,-0.0009293790598711438,0.012248682874188998,0.19444181263919963
2016-07-18,2166.889892578125,2168.35009765625,2159.6298828125,2162.0400390625,3009310000,0.0023794618218687365,0.01224641787686496,0.19440585692136186
2016-07-19,2163.780029296875,2164.6298828125,2159.010009765625,2163.7900390625,2968340000,-0.0014362045004153862,0.012213640359072383,0.19388552995732292
2016-07-20,2173.02001953125,2175.6298828125,2164.889892578125,2166.10009765625,3211860000,0.004261208315763991,0.012194953255678466,0.1935888813874962
2016-07-21,2165.169921875,2174.56005859375,2159.75,2172.909912109375,3438900000,-0.003619069856524976,0.012254829766818973,0.19453939153460803
2016-07-22,2175.030029296875,2175.110107421875,2163.239990234375,2166.469970703125,3023280000,0.004543626789510244,0.012244463056820781,0.19437482511519316
2016-07-25,2168.47998046875,2173.7099609375,2161.949951171875,2173.7099609375,3057240000,-0.0030160187399297005,0.012008352159858196,0.1906266808240208
2016-07-26,2169.179931640625,2173.5400390625,2160.179931640625,2168.969970703125,3442350000,0.0003227321607194127,0.008338317018438311,0.1323666791016321
2016-07-27,2166.580078125,2174.97998046875,2159.070068359375,2169.81005859375,3995500000,-0.001199260946808637,0.0068657623084691964,0.10899059777454137
2016-07-28,2170.06005859375,2172.85009765625,2159.739990234375,2166.050048828125,3664240000,0.001604920448092453,0.006101045971553298,0.09685110226861487
2016-07-29,2173.60009765625,2177.090087890625,2163.489990234375,2168.830078125,4038840000,0.0016299801176578648,0.005212412024368455,0.08274447568369006
2016-08-01,2170.840087890625,2178.2900390625,2166.2099609375,2173.14990234375,3505990000,-0.0012705941474910585,0.004588883756406425,0.07284627128901182
2016-08-02,2157.030029296875,2170.199951171875,2147.580078125,2169.93994140625,3848750000,-0.006381940812667669,0.004906832750489621,0.07789355509669552
2016-08-03,2163.7900390625,2163.7900390625,2152.56005859375,2156.81005859375,3786530000,0.0031290427160710972,0.004556181451066642,0.07232713828564642
2016-08-04,2164.25,2168.18994140625,2159.070068359375,2163.510009765625,3709200000,0.00021254929948908707,0.004487461579166064,0.07123624413858355
2016-08-05,2182.8701171875,2182.8701171875,2168.7900390625,2168.7900390625,3663070000,0.00856669728938006,0.004711295002391761,0.07478948957634034
2016-08-08,2180.889892578125,2185.43994140625,2177.85009765625,2183.760009765625,3327550000,-0.0009075772915415996,0.0036331718311236206,0.05767481481310956
2016-08-09,2181.739990234375,2187.659912109375,2178.610107421875,2182.239990234375,3334300000,0.00038971798655598234,0.0035981111823546394,0.05711824426842571
2016-08-10,2175.489990234375,2183.409912109375,2172.0,2182.81005859375,3254950000,-0.0028687970634882847,0.0034140926676056935,0.05419704090848262
2016-08-11,2185.7900390625,2188.449951171875,2177.969970703125,2177.969970703125,3423160000,0.004723415102443644,0.0035333727598382634,0.05609055367093198
2016-08-12,2184.050048828125,2186.280029296875,2179.419921875,2183.739990234375,3000660000,-0.0007963633869140575,0.0033906171131319945,0.05382437803432207
2016-08-15,2190.14990234375,2193.81005859375,2186.080078125,2186.080078125,3078530000,0.002789016294521772,0.0034122954652186952,0.05416851120505272
2016-08-16,2178.14990234375,2186.239990234375,2178.139892578125,2186.239990234375,3196400000,-0.0054941422164782264,0.0036348147077757227,0.05770089467144685
2016-08-17,2182.219970703125,2183.080078125,2168.5,2177.840087890625,3388910000,0.0018668460061555662,0.0036298073656607713,0.05762140557965336
2016-08-18,2187.02001953125,2187.030029296875,2180.4599609375,2181.89990234375,3300570000,0.002197201696382422,0.0035471472647134353,0.056309217156928486
2016-08-19,2183.8701171875,2185.0,2175.1298828125,2184.239990234375,3084800000,-0.0014413095687681864,0.00345736160373258,0.054883913975399094
2016-08-22,2182.639892578125,2185.14990234375,2175.9599609375,2181.580078125,2777550000,-0.0005634818833231075,0.0033292699317622773,0.05285052172108779
2016-08-23,2186.89990234375,2193.419921875,2186.800048828125,2187.81005859375,3041490000,0.001949867178361733,0.003267723064786178,0.051873495497124195
2016-08-24,2175.43994140625,2186.659912109375,2171.25,2185.090087890625,3148280000,-0.005254055259671874,0.0034933705280616543,0.05545553792792114
2016-08-25,2172.469970703125,2179.0,2169.739990234375,2173.2900390625,2969310000,-0.001366160396645455,0.0034967513462268876,0.055509206752479966
2016-08-26,2169.0400390625,2187.93994140625,2160.389892578125,2175.10009765625,3342340000,-0.001580064238713279,0.003498618829807639,0.05553885213527295
2016-08-29,2180.3798828125,2183.47998046875,2170.18994140625,2170.18994140625,2654780000,0.005214428428674345,0.003666665920381403,0.05820651699650971
2016-08-30,2176.1201171875,2182.27001953125,2170.409912109375,2179.449951171875,3006800000,-0.001955591407122778,0.003682930448281995,0.05846470837261073
2016-08-31,2170.949951171875,2173.7900390625,2161.35009765625,2173.56005859375,3766390000,-0.0023786911055626065,0.003424318869741249,0.05435937683472676
2016-09-01,2170.860107421875,2173.56005859375,2157.090087890625,2171.330078125,3392120000,-4.138538941144249e-05,0.0033629869889396794,0.0533857634104819
2016-09-02,2179.97998046875,2184.8701171875,2173.590087890625,2177.489990234375,3091120000,0.004192241599034617,0.0034765841769673804,0.055189062865427144
2016-09-06,2186.47998046875,2186.570068359375,2175.10009765625,2181.610107421875,3447650000,0.002977242370005349,0.0029964623551413314,0.04756736522802521
2016-09-07,2186.159912109375,2187.8701171875,2179.070068359375,2185.169921875,3319420000,-0.00014639593829345095,0.002988528841233451,0.047441424599086464
2016-09-08,2181.300048828125,2184.93994140625,2177.489990234375,2182.760009765625,3727840000,-0.0022254881924702883,0.0030306968064883126,0.04811082029523433
2016-09-09,2127.81005859375,2169.080078125,2127.81005859375,2169.080078125,4233960000,-0.024827742410836417,0.00619881370345102,0.09840311689770412
2016-09-12,2159.0400390625,2163.300048828125,2119.1201171875,2120.860107421875,4010480000,0.014570387233434434,0.006980889829713219,0.1108181905161673
2016-09-13,2127.02001953125,2150.469970703125,2120.27001953125,2150.469970703125,4141670000,-0.014941748278210834,0.007652323936405755,0.12147687652461886
2016-09-14,2125.77001953125,2141.330078125,2119.89990234375,2127.860107421875,3664100000,-0.0005878493998128358,0.0075982754256290475,0.12061888301512748
2016-09-15,2147.260009765625,2151.31005859375,2122.360107421875,2125.360107421875,3373720000,0.01005851644943989,0.007932019571309864,0.1259169070810984
2016-09-16,2139.159912109375,2146.47998046875,2131.199951171875,2146.47998046875,5014360000,-0.0037794277955721,0.007937061372966799,0.12599694320116217
2016-09-19,2139.1201171875,2153.610107421875,2135.909912109375,2143.989990234375,3141820000,-1.8603233824686035e-05,0.007907818951368325,0.12553273414946498
2016-09-20,2139.760009765625,2150.800048828125,2139.169921875,2145.93994140625,3117380000,0.0002990934842341777,0.007912681281549268,0.12560992124817133
2016-09-21,2163.1201171875,2165.110107421875,2139.570068359375,2144.580078125,3685450000,0.010858000333635954,0.008323980090566877,0.1321390874273572
2016-09-22,2177.179931640625,2179.989990234375,2170.93994140625,2170.93994140625,3523860000,0.006478751917642122,0.008446428781435191,0.1340829001337751
2016-09-23,2164.68994140625,2173.75,2163.969970703125,2173.2900390625,3289860000,-0.005753292959718776,0.008462017490837926,0.13433036322381564
2016-09-26,2146.10009765625,2158.5400390625,2145.0400390625,2158.5400390625,3199910000,-0.008624850117916047,0.008656508821937955,0.13741781738930725
2016-09-27,2159.929931640625,2161.1298828125,2141.550048828125,2146.0400390625,3414090000,0.006423495165298114,0.008785573780873591,0.13946666009520597
2016-09-28,2171.3701171875,2172.39990234375,2151.7900390625,2161.85009765625,3860390000,0.005282576603642458,0.008787686216694412,0.13950019397426083
2016-09-29,2151.1298828125,2172.669921875,2145.199951171875,2168.89990234375,4215620000,-0.009365127730081198,0.009007811901088342,0.14299458088276623
2016-09-30,2168.27001953125,2175.300048828125,2156.510009765625,2156.510009765625,4158800000,0.0079363925880277,0.009182651667908914,0.14577007613651677
2016-10-03,2161.199951171875,2164.409912109375,2154.77001953125,2164.330078125,3113850000,-0.003266023181527122,0.00920926850158409,0.14619260527207167
2016-10-04,2150.489990234375,2165.4599609375,2144.010009765625,2163.3701171875,3716100000,-0.004967881786362002,0.00920714703966679,0.14615892810817724
2016-10-05,2159.72998046875,2163.949951171875,2155.14990234375,2155.14990234375,3883710000,0.004287486231196994,0.009237335977190004,0.14663816263436738
2016-10-06,2160.77001953125,2162.929931640625,2150.280029296875,2158.219970703125,3438040000,0.0004814438526045025,0.009239846200670735,0.14667801119675863
2016-10-07,2153.739990234375,2165.860107421875,2144.85009765625,2164.18994140625,3578770000,-0.0032587874416142044,0.009251923049862967,0.1468697252342619
2016-10-10,2163.659912109375,2169.60009765625,2160.389892578125,2160.389892578125,2881970000,0.004595330317324387,0.0074534143674448,0.11831928500744841
2016-10-11,2136.72998046875,2161.56005859375,2128.840087890625,2161.35009765625,3393060000,-0.012524577697755964,0.007293119712705134,0.11577468624984372
2016-10-12,2139.179931640625,2145.360107421875,2132.77001953125,2137.669921875,2959510000,0.0011459322063988205,0.006501689950811638,0.1032111282689722
2016-10-13,2132.550048828125,2138.18994140625,2114.719970703125,2130.260009765625,3538030000,-0.0031040764122339942,0.006541382757835547,0.10384123204631224
2016-10-14,2132.97998046875,2149.18994140625,2132.97998046875,2139.679931640625,3187910000,0.0002015841591211507,0.0061360548061093765,0.0974068502881684
2016-10-17,2126.5,2135.610107421875,2124.429931640625,2132.949951171875,2832440000,-0.0030426181118402627,0.006117349097757336,0.09710990637378758
2016-10-18,2139.60009765625,2144.3798828125,2135.489990234375,2138.31005859375,3172940000,0.00614150560569863,0.00627627404107533,0.09963276163665427
2016-10-19,2144.2900390625,2148.43994140625,2138.14990234375,2140.81005859375,3364990000,0.0021895721553504997,0.006294150083293288,0.09991653500946313
2016-10-20,2141.340087890625,2147.179931640625,2133.43994140625,2142.510009765625,3339320000,-0.0013766711313809553,0.005795091963445761,0.09199423296015898
2016-10-21,2141.159912109375,2142.6298828125,2130.090087890625,2139.429931640625,3456390000,-8.414514015477906e-05,0.005573680838703221,0.0884794403187278
2016-10-24,2151.330078125,2154.7900390625,2146.909912109375,2148.5,3359950000,0.004738594647427366,0.005577186629676465,0.08853509302511048
2016-10-25,2143.159912109375,2151.43994140625,2141.929931640625,2149.719970703125,3756200000,-0.0038049574647063588,0.005310016241862276,0.08429389460208832
2016-10-26,2139.429931640625,2145.72998046875,2131.590087890625,2136.969970703125,3778120000,-0.001741927921187231,0.005106159905843267,0.08105777559234162
2016-10-27,2133.0400390625,2147.1298828125,2132.52001953125,2144.06005859375,4209400000,-0.0029911959060088668,0.00495845128500029,0.07871297392883653
2016-10-28,2126.409912109375,2140.719970703125,2119.360107421875,2132.22998046875,4028270000,-0.00311314013962507,0.004595944705634861,0.07295836038308279
2016-10-31,2126.14990234375,2133.25,2125.530029296875,2129.780029296875,3926560000,-0.0001222838841985538,0.004168449859367206,0.06617209008316677
2016-11-01,2111.719970703125,2131.449951171875,2097.85009765625,2128.679931640625,4539190000,-0.006810019108735079,0.004335952632719691,0.06883111417639252
2016-11-02,2097.93994140625,2111.760009765625,2094.0,2109.429931640625,4289120000,-0.006546884453454001,0.004419218658888018,0.07015292136380445
2016-11-03,2088.659912109375,2102.56005859375,2085.22998046875,2098.800048828125,3892100000,-0.004433213022609399,0.004287725280829772,0.06806552869944095
2016-11-04,2085.179931640625,2099.070068359375,2083.7900390625,2083.7900390625,3841910000,-0.0016675202716929607,0.004261294102408251,0.06764594674967063
2016-11-07,2131.52001953125,2132.0,2100.590087890625,2100.590087890625,3739720000,0.0219801997294649,0.0066743666721804,0.10595228624068262
2016-11-08,2139.56005859375,2146.8701171875,2123.56005859375,2129.919921875,3921850000,0.0037648783971575305,0.0066451019819218655,0.10548772368496612
2016-11-09,2163.260009765625,2170.10009765625,2125.35009765625,2131.56005859375,6267590000,0.011016119879656035,0.006505232174469064,0.1032673593262865
2016-11-10,2167.47998046875,2182.300048828125,2151.169921875,2167.489990234375,6458450000,0.001948845716095396,0.006511034706992002,0.10335947167446685
2016-11-11,2164.449951171875,2165.919921875,2152.489990234375,2162.7099609375,4993990000,-0.0013989283477976058,0.006472713552051435,0.10275114219891376
2016-11-14,2164.199951171875,2171.360107421875,2156.080078125,2165.639892578125,5373670000,-0.00011550945718323702,0.00647432130487871,0.10277666448381755
2016-11-15,2180.389892578125,2180.840087890625,2166.3798828125,2168.2900390625,4548110000,0.007452955022089459,0.006575924236032582,0.10438956101366773
2016-11-16,2176.93994140625,2179.219970703125,2172.199951171875,2177.530029296875,3847900000,-0.0015835165223759536,0.006500828995715047,0.10319746103051876
2016-11-17,2187.1201171875,2188.06005859375,2176.64990234375,2178.610107421875,3811730000,0.004665469361197901,0.0065491083057759155,0.10396387131786378
2016-11-18,2181.89990234375,2189.889892578125,2180.3798828125,2186.85009765625,3580900000,-0.00238965136554844,0.006570733314615758,0.10430715769080257
2016-11-21,2198.179931640625,2198.699951171875,2186.429931640625,2186.429931640625,3611500000,0.007433702070873876,0.0067179511936673346,0.1066441690698797
2016-11-22,2202.93994140625,2204.800048828125,2194.510009765625,2201.56005859375,3960520000,0.002163091103593048,0.006674476733516005,0.10595403341022047
2016-11-23,2204.719970703125,2204.719970703125,2194.510009765625,2198.550048828125,3419850000,0.000807698156908801,0.006579209729336093,0.10444171660295928
2016-11-25,2213.35009765625,2213.35009765625,2206.27001953125,2206.27001953125,1584590000,0.003906745613423708,0.006561989499560199,0.10416835392992084
2016-11-28,2201.719970703125,2211.139892578125,2200.360107421875,2210.2099609375,3515100000,-0.0052683892547352165,0.006660040004491461,0.10572485744175543
2016-11-29,2204.659912109375,2210.4599609375,2198.14990234375,2200.760009765625,3709190000,0.001334402353261901,0.006575889021885536,0.10438900200641343
2016-11-30,2198.81005859375,2214.10009765625,2198.81005859375,2204.969970703125,5538400000,-0.0026569305551563936,0.00663441144981593,0.10531801674895458
2016-12-01,2191.080078125,2202.60009765625,2187.43994140625,2200.169921875,5067470000,-0.003521722966763813,0.006462568841592991,0.10259009991293896
2016-12-02,2191.949951171875,2197.949951171875,2188.3701171875,2191.1201171875,3782370000,0.0003969277200846238,0.006188289774731163,0.09823605470845546
2016-12-05,2204.7099609375,2209.419921875,2199.969970703125,2200.64990234375,3898530000,0.005804426926743671,0.0060506418542725085,0.09605096171234265
2016-12-06,2212.22998046875,2212.780029296875,2202.2099609375,2207.260009765625,3857290000,0.0034050844688746093,0.005973570634706648,0.09482749403107231
2016-12-07,2241.35009765625,2241.6298828125,2208.929931640625,2210.719970703125,4504070000,0.013077358744723351,0.0047325148378444945,0.0751263440211582
2016-12-08,2246.18994140625,2251.68994140625,2237.570068359375,2241.1298828125,4203270000,0.0021570150168711013,0.00472219728457134,0.07496255794056163
2016-12-09,2259.530029296875,2259.800048828125,2249.22998046875,2249.72998046875,3886460000,0.005921418532969715,0.004370660764689665,0.06938208869037749
2016-12-12,2256.9599609375,2264.030029296875,2252.3701171875,2258.830078125,4038850000,-0.001138082290599516,0.004426610331012731,0.07027026052109397
2016-12-13,2271.719970703125,2277.530029296875,2263.320068359375,2263.320068359375,3875630000,0.00651848320123699,0.0044662210579515015,0.07089906131747681
2016-12-14,2253.280029296875,2276.199951171875,2248.43994140625,2268.35009765625,4409670000,-0.008150295461858616,0.00499648242156837,0.07931669950545417
2016-12-15,2262.030029296875,2272.1201171875,2253.77001953125,2253.77001953125,4173360000,0.0038757076875535726,0.004857489486355263,0.07711025506204142
2016-12-16,2258.070068359375,2268.050048828125,2254.239990234375,2266.81005859375,5928980000,-0.0017521567509802415,0.004863412593371393,0.07720428147096242
2016-12-19,2262.530029296875,2267.469970703125,2258.2099609375,2259.239990234375,3252840000,0.0019731727152112587,0.004817776316697238,0.07647982803790591
2016-12-20,2270.760009765625,2272.56005859375,2266.139892578125,2266.5,3306250000,0.0036309124011527547,0.004746207595331376,0.07534370980759623
2016-12-21,2265.179931640625,2271.22998046875,2265.14990234375,2270.5400390625,2854880000,-0.0024603857246776667,0.004659810959298909,0.07397220572926942
2016-12-22,2260.9599609375,2263.179931640625,2256.080078125,2262.929931640625,2880670000,-0.0018647112223965044,0.0047107314359007176,0.07478054323564504
2016-12-23,2263.7900390625,2263.7900390625,2258.840087890625,2260.25,2021230000,0.0012509325350792359,0.004709700210556315,0.0747641730408033
2016-12-27,2268.8798828125,2273.820068359375,2266.14990234375,2266.22998046875,1989730000,0.0022458489045486347,0.0046768451923815445,0.07424261579633759
2016-12-28,2249.919921875,2271.31005859375,2249.110107421875,2270.22998046875,2402750000,-0.008391640709771516,0.0049347107263636725,0.07833610424400711
2016-12-29,2249.260009765625,2254.510009765625,2244.56005859375,2249.5,2338700000,-0.00029334773186837293,0.0049424882991191315,0.07845956938389505
2016-12-30,2238.830078125,2253.580078125,2233.6201171875,2251.610107421875,2671550000,-0.004647834696854234,0.005033466310197073,0.07990380053642013
2017-01-03,2257.830078125,2263.8798828125,2245.1298828125,2251.570068359375,3773010000,0.008450766753157112,0.005188141601919542,0.08235919467160426
2017-01-04,2270.75,2272.820068359375,2261.60009765625,2261.60009765625,3768890000,0.005705963770549438,0.005264128720198628,0.08356545277846972
2017-01-05,2269.0,2271.5,2260.449951171875,2268.179931640625,3785080000,-0.0007709676024811847,0.005201839654099515,0.08257664450868941
2017-01-06,2276.97998046875,2282.10009765625,2264.06005859375,2271.139892578125,3342080000,0.0035107891805790594,0.005203959370321508,0.08261029396052995
2017-01-09,2268.89990234375,2275.489990234375,2268.89990234375,2273.590087890625,3219730000,-0.003554905471559629,0.004559431979958436,0.07237873883210913
2017-01-10,2268.89990234375,2279.27001953125,2265.27001953125,2269.719970703125,3640560000,0.0,0.0045464480709166925,0.07217262566588951
2017-01-11,2275.320068359375,2275.320068359375,2260.830078125,2268.60009765625,3625080000,0.0028256423891019514,0.004409276790739835,0.06999509909967953
2017-01-12,2270.43994140625,2271.780029296875,2254.25,2271.139892578125,3466220000,-0.002147112393729617,0.004431534895219054,0.07034843555432578
2017-01-13,2274.639892578125,2278.679931640625,2271.510009765625,2272.739990234375,3090680000,0.0018481313951466559,0.004214884438631304,0.06690921617696709
2017-01-17,2267.889892578125,2272.080078125,2262.81005859375,2269.139892578125,3586950000,-0.0029719144562184454,0.003845773964762379,0.0610497690559688
2017-01-18,2271.889892578125,2272.010009765625,2263.35009765625,2269.139892578125,3317670000,0.0017622004698093201,0.003774731580616632,0.059922006170000215
2017-01-19,2263.68994140625,2274.330078125,2258.409912109375,2271.89990234375,3168390000,-0.003615837624319374,0.003844364641907369,0.06102739674922067
2017-01-20,2271.31005859375,2276.9599609375,2265.010009765625,2269.9599609375,3536850000,0.0033605840612999428,0.003889490939584207,0.06174375451667258
2017-01-23,2265.199951171875,2271.780029296875,2257.02001953125,2267.780029296875,3155240000,-0.002693749646069815,0.003853982985551942,0.061180083221068056
2017-01-24,2280.070068359375,2284.6298828125,2266.679931640625,2267.8798828125,3816950000,0.006543140528962317,0.00407470778823102,0.06468398083750392
2017-01-25,2298.3701171875,2299.550048828125,2288.8798828125,2288.8798828125,3849340000,0.007994052795968681,0.004368709252540443,0.06935110939541331
2017-01-26,2296.679931640625,2300.989990234375,2294.080078125,2298.6298828125,3611510000,-0.0007356549352631034,0.004379530394577432,0.06952288969980279
2017-01-27,2294.68994140625,2299.02001953125,2291.6201171875,2299.02001953125,3137420000,-0.0008668394897415927,0.004376802032225271,0.06947957829018106
2017-01-30,2280.89990234375,2286.010009765625,2268.0400390625,2286.010009765625,3595040000,-0.006027673496096654,0.004160699235093903,0.06604905273717081
2017-01-31,2278.8701171875,2279.090087890625,2267.2099609375,2274.02001953125,4089730000,-0.0008903016080325452,0.0041695051465697255,0.06618884224816446
2017-02-01,2279.550048828125,2289.139892578125,2272.43994140625,2285.590087890625,3919190000,0.00029831898811628964,0.003992845719436661,0.06338446078246912
2017-02-02,2280.85009765625,2283.969970703125,2271.64990234375,2276.68994140625,3809760000,0.0005701468386910137,0.003594000059659631,0.057052982218864116
2017-02-03,2297.419921875,2298.31005859375,2287.8798828125,2288.5400390625,3605970000,0.007238496854553608,0.0037187506435971433,0.059033336344916594
2017-02-06,2292.56005859375,2296.179931640625,2288.570068359375,2294.280029296875,3112390000,-0.002117597513709103,0.003754218459273483,0.05959637046387423
2017-02-07,2293.080078125,2299.39990234375,2290.159912109375,2295.8701171875,3452460000,0.00022680346384577153,0.003690028209803937,0.058577381843724546
2017-02-08,2294.669921875,2295.909912109375,2285.3798828125,2289.550048828125,3611950000,0.0006930821486096318,0.0035809167464931667,0.056845291061084664
2017-02-09,2307.8701171875,2311.080078125,2296.610107421875,2296.699951171875,3681600000,0.00573606373596025,0.0037525002651866233,0.059569094978326395
2017-02-10,2316.10009765625,2319.22998046875,2311.10009765625,2312.27001953125,3496600000,0.0035597068220090916,0.003775554142266937,0.05993506393138857
2017-02-13,2328.25,2331.580078125,2321.419921875,2321.719970703125,3352370000,0.005232133584011204,0.0038261206679014496,0.06073778264034953
2017-02-14,2337.580078125,2337.580078125,2322.169921875,2326.1201171875,3528040000,0.003999327195672579,0.0038729278310352883,0.061480823319720934
2017-02-15,2349.25,2351.300048828125,2334.81005859375,2335.580078125,3785870000,0.00497988866573445,0.0038228058589236547,0.06068516167915595
2017-02-16,2347.219970703125,2351.31005859375,2338.8701171875,2349.639892578125,3675900000,-0.0008644916015501692,0.003862690724529401,0.06131831429196418
2017-02-17,2351.159912109375,2351.159912109375,2339.580078125,2343.010009765625,3516830000,0.001677149327237158,0.0036767425458037284,0.05836647846604305
2017-02-21,2365.3798828125,2366.7099609375,2354.909912109375,2354.909912109375,3587520000,0.0060298500200691545,0.0037779426770436384,0.059972980745490456
2017-02-22,2362.820068359375,2365.1298828125,2358.340087890625,2361.110107421875,3473170000,-0.001082786146804093,0.0036947483025308804,0.05865231099284849
2017-02-23,2363.81005859375,2368.260009765625,2355.090087890625,2367.5,4021770000,0.00041889897125923353,0.0035581561321742974,0.05648397751003596
2017-02-24,2367.340087890625,2367.340087890625,2352.8701171875,2355.72998046875,3832410000,0.0014922502320316529,0.003254633376528032,0.0516657031379017
2017-02-27,2369.75,2371.5400390625,2361.8701171875,2365.22998046875,3584680000,0.0010174652677336642,0.0032191915165084187,0.05110308105222094
2017-02-28,2363.639892578125,2367.7900390625,2358.9599609375,2366.080078125,4212460000,-0.0025817061151949088,0.00330267182884051,0.052428289927025216
2017-03-01,2395.9599609375,2400.97998046875,2380.1298828125,2380.1298828125,4347630000,0.013581211083725323,0.003825386153326229,0.06072612258294721
2017-03-02,2381.919921875,2394.75,2380.169921875,2394.75,3824030000,-0.0058771169721052695,0.004174976908665397,0.0662757037785952
2017-03-03,2383.1201171875,2383.889892578125,2375.389892578125,2380.919921875,3556670000,0.0005037503685347897,0.004170767950608393,0.06620888864081
2017-03-06,2375.31005859375,2378.800048828125,2367.97998046875,2375.22998046875,3251800000,-0.0032826227635658124,0.004324080525684851,0.06864265031987735
2017-03-07,2368.389892578125,2375.1201171875,2365.510009765625,2370.739990234375,3526300000,-0.0029176259020898777,0.004268542837951651,0.06776101685907569
2017-03-08,2362.97998046875,2373.090087890625,2361.010009765625,2369.81005859375,3814080000,-0.002286827964063899,0.004275766023151057,0.06787568136934403
2017-03-09,2364.8701171875,2369.080078125,2354.5400390625,2363.489990234375,3718450000,0.0007995756127663866,0.004269457759890477,0.06777554079459072
2017-03-10,2372.60009765625,2376.860107421875,2363.0400390625,2372.52001953125,3434400000,0.0032633397058585423,0.004282953174919805,0.06798977386663395
2017-03-13,2373.469970703125,2374.419921875,2368.52001953125,2371.56005859375,3166650000,0.0003665656191696328,0.004182173939843649,0.066389953106649
2017-03-14,2365.449951171875,2368.550048828125,2358.179931640625,2368.550048828125,3173760000,-0.003384748980891005,0.004271048839923345,0.06780079840708854
2017-03-15,2385.260009765625,2390.010009765625,2368.93994140625,2370.340087890625,3909490000,0.008339879124686365,0.0044738988491404294,0.07102094247410193
2017-03-16,2381.3798828125,2388.10009765625,2377.179931640625,2387.7099609375,3368880000,-0.0016280347991836145,0.004463341584708585,0.07085335109683108
2017-03-17,2378.25,2385.7099609375,2377.639892578125,2383.7099609375,5179820000,-0.0013151792642314352,0.004385209934028625,0.06961304959349822
2017-03-20,2373.469970703125,2379.550048828125,2369.659912109375,2378.239990234375,3061560000,-0.0020119160803802947,0.0044112345507376785,0.0700261775761658
2017-03-21,2344.02001953125,2381.929931640625,2341.89990234375,2379.320068359375,4278890000,-0.012485594590102116,0.005233098173090684,0.08307285811430636
2017-03-22,2348.449951171875,2351.81005859375,2336.449951171875,2343.0,3575160000,0.0018881028474626675,0.005064067703905905,0.0803895826015734
2017-03-23,2345.9599609375,2358.919921875,2342.1298828125,2345.969970703125,3262400000,-0.001060832144830083,0.005063909404422518,0.08038706967517913
2017-03-24,2343.97998046875,2356.219970703125,2335.739990234375,2350.419921875,2978530000,-0.0008443522139384829,0.005061933797583323,0.08035570788886945
2017-03-27,2341.590087890625,2344.89990234375,2322.25,2329.110107421875,3242300000,-0.0010201075858456302,0.00504460596435193,0.08008063706393023
2017-03-28,2358.570068359375,2363.780029296875,2337.6298828125,2339.7900390625,3369120000,0.007225308829623951,0.00531395240749345,0.08435637929436379
2017-03-29,2361.1298828125,2363.360107421875,2352.93994140625,2356.5400390625,3107670000,0.0010847362038301697,0.005292846062153883,0.08402132644924015
2017-03-30,2368.06005859375,2370.419921875,2358.580078125,2361.31005859375,3159680000,0.0029308109117050134,0.004347099957110664,0.06900807246512619
2017-03-31,2362.719970703125,2370.35009765625,2362.60009765625,2364.820068359375,3356740000,-0.0022575939382668176,0.004194732165629553,0.0665893087606752
2017-04-03,2358.840087890625,2365.8701171875,2344.72998046875,2362.340087890625,3418730000,-0.0016434753080133316,0.004198143514336935,0.06664346224256552
2017-04-04,2360.159912109375,2360.530029296875,2350.719970703125,2354.760009765625,3208340000,0.0005593660746613713,0.004153731029532006,0.06593843590316387
2017-04-05,2352.949951171875,2378.360107421875,2350.52001953125,2366.590087890625,3780650000,-0.003059536811522123,0.004158307442432804,0.06601108420575742
2017-04-06,2357.489990234375,2364.159912109375,2348.89990234375,2353.7900390625,3203250000,0.001927650293734993,0.004159904400615479,0.06603643513099058
2017-04-07,2355.5400390625,2363.760009765625,2350.739990234375,2356.590087890625,3054700000,-0.0008274724629448716,0.004157252609640034,0.06599433925429087
2017-04-10,2357.159912109375,2366.3701171875,2351.5,2357.159912109375,2792570000,0.000687450135783276,0.004087740468642327,0.06489086822521332
2017-04-11,2353.780029296875,2355.219970703125,2337.25,2353.919921875,3120900000,-0.0014349082919582845,0.004091713128669398,0.06495393224806355
2017-04-12,2344.929931640625,2352.719970703125,2341.179931640625,2352.14990234375,3201300000,-0.0037670374189869064,0.004106495550135725,0.06518859591391502
2017-04-13,2328.949951171875,2348.260009765625,2328.949951171875,2341.97998046875,3146380000,-0.006838020289804216,0.0038138348965747,0.0605427520667784
2017-04-17,2349.010009765625,2349.139892578125,2332.510009765625,2332.6201171875,2826890000,0.008576465691107291,0.0043593097302890745,0.06920189660549368
2017-04-18,2342.18994140625,2348.35009765625,2334.5400390625,2342.530029296875,3272210000,-0.0029076028458332546,0.004385200681723068,0.06961290271770088
2017-04-19,2338.169921875,2352.6298828125,2335.050048828125,2346.7900390625,3521160000,-0.0017178253968685745,0.004381361838659843,0.06955196297329587
2017-04-20,2355.840087890625,2361.3701171875,2340.909912109375,2342.68994140625,3648990000,0.0075288503629738525,0.0038354104229341864,0.06088525292969352
2017-04-21,2348.68994140625,2356.179931640625,2344.510009765625,2354.739990234375,3524160000,-0.0030396881071153782,0.003879990528411901,0.06159294016478389
2017-04-24,2374.14990234375,2376.97998046875,2369.18994140625,2370.330078125,3711170000,0.010781736588111827,0.004524452209232051,0.0718234521865487
2017-04-25,2388.610107421875,2392.47998046875,2381.14990234375,2381.510009765625,4005820000,0.006072214211751177,0.004665972097370004,0.07407001076404493
2017-04-26,2387.449951171875,2398.159912109375,2386.780029296875,2388.97998046875,4111350000,-0.0004858214756873499,0.00465643627167485,0.07391863422403469
2017-04-27,2388.77001953125,2392.10009765625,2382.679931640625,2389.699951171875,4099940000,0.0005527670002992063,0.004426927988922849,0.07027530318408695
2017-04-28,2384.199951171875,2393.679931640625,2382.360107421875,2393.679931640625,3721350000,-0.0019149794714900413,0.004458983341931798,0.07078416613758734
2017-05-01,2388.330078125,2394.489990234375,2384.830078125,2388.5,3201500000,0.0017307918268938255,0.004433392158501031,0.07037791869490548
2017-05-02,2391.169921875,2392.929931640625,2385.820068359375,2391.050048828125,3861360000,0.0011883435858115294,0.004393472851202657,0.06974421933717669
2017-05-03,2388.1298828125,2389.820068359375,2379.75,2386.5,3896760000,-0.0012721693958273864,0.004384858320238704,0.06960746789762418
2017-05-04,2389.52001953125,2391.429931640625,2380.35009765625,2389.7900390625,4367860000,0.0005819332878695465,0.004384853808190629,0.06960739627108152
2017-05-05,2399.2900390625,2399.2900390625,2389.3798828125,2392.3701171875,3543240000,0.00408035940747836,0.004364590946771572,0.06928573331808918
2017-05-08,2399.3798828125,2401.360107421875,2393.919921875,2399.93994140625,3429990000,3.7445271907879016e-05,0.004362450227548784,0.0692517504539473
2017-05-09,2396.919921875,2403.8701171875,2392.43994140625,2401.580078125,3657840000,-0.0010257745567932176,0.004366449956156139,0.06931524417718818
2017-05-10,2399.6298828125,2399.739990234375,2392.7900390625,2396.7900390625,3649370000,0.0011299627174494742,0.00436679910739267,0.06932078678123904
2017-05-11,2394.43994140625,2395.719970703125,2381.739990234375,2394.840087890625,3727710000,-0.0021651513741066187,0.004388759035865406,0.0696693898385248
2017-05-12,2390.89990234375,2392.43994140625,2387.18994140625,2392.43994140625,3304620000,-0.0014795353407942593,0.004296755740238338,0.06820888279835934
2017-05-15,2402.320068359375,2404.050048828125,2393.93994140625,2393.97998046875,3490080000,0.0047651423030152336,0.0039832468890121445,0.063232084073387
2017-05-16,2400.669921875,2405.77001953125,2396.050048828125,2404.550048828125,3421810000,-0.0006871330369860457,0.0036573227263814244,0.05805819838985986
2017-05-17,2357.030029296875,2384.8701171875,2356.2099609375,2382.949951171875,4164760000,-0.018345468171115042,0.0055509342453998085,0.08811834934439927
2017-05-18,2365.719970703125,2375.739990234375,2352.719970703125,2354.68994140625,4319440000,0.003680038627215951,0.005577700077729219,0.0885432437602629
2017-05-19,2381.72998046875,2389.06005859375,2370.429931640625,2371.3701171875,3831700000,0.0067447032082007,0.0055311287987338574,0.08780394762550331
2017-05-22,2394.02001953125,2395.4599609375,2386.919921875,2387.2099609375,3176580000,0.00514686329600843,0.005556101211693439,0.08820037239147285
2017-05-23,2398.419921875,2400.85009765625,2393.8798828125,2397.0400390625,3216560000,0.0018361851723804105,0.00508432186179414,0.08071110739029723
2017-05-24,2404.389892578125,2405.580078125,2397.989990234375,2401.409912109375,3389240000,0.0024860338045762944,0.00494558620146287,0.07850874705902003
2017-05-25,2415.070068359375,2418.7099609375,2408.010009765625,2409.5400390625,3538210000,0.004432112041978175,0.0050216944584085335,0.07971692818260101
2017-05-26,2415.820068359375,2416.679931640625,2412.199951171875,2414.5,2806930000,0.00031050178530242343,0.005021960597634039,0.07972115301182985
2017-05-30,2412.909912109375,2415.260009765625,2409.429931640625,2411.669921875,3205860000,-0.0012053507295338199,0.00500700760446964,0.07948378160421556
2017-05-31,2411.800048828125,2415.989990234375,2403.590087890625,2415.6298828125,4518040000,-0.0004600746199513276,0.005004435622139783,0.07944295265048804
2017-06-01,2430.06005859375,2430.06005859375,2413.5400390625,2415.64990234375,3860620000,0.0075425955848472245,0.005237010155371816,0.08313495890780136
2017-06-02,2439.070068359375,2440.22998046875,2427.7099609375,2431.280029296875,3465500000,0.00370087461804602,0.0052525461593843845,0.08338158532571109
2017-06-05,2436.10009765625,2439.550048828125,2434.320068359375,2437.830078125,2916720000,-0.0012184071404286387,0.0052744442812759215,0.08372920723393741
2017-06-06,2429.330078125,2436.2099609375,2428.1201171875,2431.919921875,3376750000,-0.0027829086662040834,0.005281413826370502,0.08383984533236648
2017-06-07,2433.139892578125,2435.280029296875,2424.75,2432.030029296875,3576220000,0.0015670287963475379,0.005283922914990272,0.08387967587939847
2017-06-08,2433.7900390625,2439.27001953125,2427.93994140625,2434.27001953125,3735980000,0.00026716903566476714,0.005270748913038396,0.08367054508178162
2017-06-09,2431.77001953125,2446.199951171875,2415.699951171875,2436.389892578125,4029860000,-0.0008303338661872762,0.005280603487185108,0.0838269815965935
2017-06-12,2429.389892578125,2430.3798828125,2419.969970703125,2425.8798828125,4031840000,-0.0009792424797181137,0.005255458237079416,0.0834278131259884
2017-06-13,2440.35009765625,2441.489990234375,2431.280029296875,2434.14990234375,3278240000,0.00450135884323014,0.005293923688468858,0.08403843323665425
2017-06-14,2437.919921875,2443.75,2428.340087890625,2443.75,3558640000,-0.0009963269653176028,0.00523665447967087,0.0831293127310888
2017-06-15,2432.4599609375,2433.949951171875,2418.530029296875,2424.139892578125,3371980000,-0.002242109796840374,0.005268155500555795,0.08362937593492578
2017-06-16,2433.14990234375,2433.14990234375,2422.8798828125,2431.239990234375,5299380000,0.00028359915005969524,0.0029893784212163725,0.047454911263208485
2017-06-19,2453.4599609375,2453.820068359375,2441.7900390625,2442.550048828125,3271480000,0.008312583206893995,0.0033108837596011065,0.05255865028648253
2017-06-20,2437.030029296875,2450.659912109375,2436.60009765625,2450.659912109375,3422700000,-0.0067191604469316645,0.00358440572243783,0.05690067683716386
2017-06-21,2435.610107421875,2442.22998046875,2430.739990234375,2439.31005859375,3599190000,-0.0005828141932715965,0.0034768558547739817,0.05519337561690516
2017-06-22,2434.5,2441.6201171875,2433.27001953125,2437.39990234375,3477250000,-0.0004558859724380852,0.0034793414440191625,0.05523283312293039
2017-06-23,2438.300048828125,2441.39990234375,2431.110107421875,2434.64990234375,5282460000,0.0015596985554090976,0.003461538974930736,0.054950227687345046
2017-06-26,2439.070068359375,2450.419921875,2437.030029296875,2443.320068359375,3243660000,0.00031575193973236123,0.0033524964594678825,0.053219231417859295
2017-06-27,2419.3798828125,2440.14990234375,2419.3798828125,2436.340087890625,3564770000,-0.008105586575672907,0.0038401945156826323,0.06096119804766225
2017-06-28,2440.68994140625,2442.969970703125,2428.02001953125,2428.699951171875,3479980000,0.008769501646551084,0.00426764787495991,0.06774680976202319
2017-06-29,2419.699951171875,2442.72998046875,2405.699951171875,2442.3798828125,3869560000,-0.008637216844141348,0.004713687619832613,0.07482747120072639
2017-06-30,2423.409912109375,2432.7099609375,2421.64990234375,2429.199951171875,3366030000,0.0015320576108735333,0.004415796128000562,0.07009859037030858
2017-07-03,2429.010009765625,2439.169921875,2428.68994140625,2431.389892578125,1901480000,0.0023081679791475806,0.00436554940881035,0.06930094843126339
2017-07-05,2432.5400390625,2434.89990234375,2422.050048828125,2430.780029296875,3368150000,0.0014522240362887008,0.0043731937427780474,0.0694222984709669
2017-07-06,2409.75,2424.280029296875,2407.699951171875,2423.43994140625,3368710000,-0.009412987306866183,0.004797601190946048,0.0761595578454633
2017-07-07,2425.179931640625,2426.919921875,2413.52001953125,2413.52001953125,2929390000,0.006382712569615801,0.00500614715661984,0.07947012241805529
2017-07-10,2427.429931640625,2432.0,2422.27001953125,2424.510009765625,3009880000,0.0009273361035125654,0.005011008040308083,0.0795472865544019
2017-07-11,2425.530029296875,2429.300048828125,2412.7900390625,2427.35009765625,3108800000,-0.0007829870660821734,0.005010685274587188,0.07954216280742654
2017-07-12,2443.25,2445.760009765625,2435.75,2435.75,3176900000,0.007279050947821435,0.00525803290141929,0.08346868465530505
2017-07-13,2447.830078125,2449.320068359375,2441.68994140625,2444.989990234375,3068510000,0.001872829473473065,0.005183042565927493,0.08227824998463747
2017-07-14,2459.27001953125,2463.5400390625,2446.68994140625,2449.159912109375,2738460000,0.004662616170009233,0.005267122449764239,0.08361297676200884
2017-07-17,2459.139892578125,2462.820068359375,2457.159912109375,2459.5,2800580000,-5.291423670686425e-05,0.005233455635905991,0.08307853266057988
2017-07-18,2460.610107421875,2460.919921875,2450.340087890625,2455.8798828125,2974090000,0.0005976786981109875,0.005233196684377632,0.08307442193250593
2017-07-19,2473.830078125,2473.830078125,2463.85009765625,2463.85009765625,3063810000,0.00535825821605345,0.005050152850060243,0.0801686911447408
2017-07-20,2473.449951171875,2477.6201171875,2468.429931640625,2475.56005859375,3223820000,-0.00015367108860704477,0.0047840080621850065,0.07594377361601731
2017-07-21,2472.5400390625,2472.5400390625,2465.06005859375,2467.39990234375,3066880000,-0.0003679393292088825,0.004781341902468252,0.07590144964262065
2017-07-24,2469.909912109375,2473.10009765625,2466.320068359375,2472.0400390625,3019920000,-0.0010643009954088047,0.00479063602882471,0.07604898932457745
2017-07-25,2477.1298828125,2481.239990234375,2474.909912109375,2477.8798828125,4116360000,0.002918907519898033,0.004812140826695241,0.07639036740753827
2017-07-26,2477.830078125,2481.68994140625,2474.93994140625,2479.969970703125,3597830000,0.00028262400611947947,0.004812296538774756,0.07639283926016942
2017-07-27,2475.419921875,2484.0400390625,2459.929931640625,2482.760009765625,4035740000,-0.0009731616373937137,0.004389067476361328,0.06967428617960363
2017-07-28,2472.10009765625,2473.530029296875,2464.659912109375,2469.1201171875,3302850000,-0.0013420156781160386,0.004045726006631336,0.0642239093175178
2017-07-31,2470.300048828125,2477.9599609375,2468.530029296875,2475.93994140625,3475930000,-0.0007284108345598019,0.003468983208442565,0.0550684012307878
2017-08-01,2476.35009765625,2478.510009765625,2471.139892578125,2477.10009765625,3470260000,0.0024461207749384662,0.0034818941792172484,0.05527335653791321
2017-08-02,2477.570068359375,2480.3798828125,2466.47998046875,2480.3798828125,3487150000,0.0004925274073474498,0.0034710696612253195,0.055101522641900484
2017-08-03,2472.159912109375,2476.030029296875,2468.85009765625,2476.030029296875,3662410000,-0.0021860418349456704,0.003534577819153192,0.056109683394506275
2017-08-04,2476.830078125,2480.0,2472.080078125,2476.8798828125,3239980000,0.0018873214175395684,0.002658514556434799,0.04220261023903001
2017-08-07,2480.909912109375,2480.949951171875,2475.8798828125,2477.139892578125,2935130000,0.0016458446442804673,0.0023941781713226647,0.038006400214194984
2017-08-08,2474.919921875,2490.8701171875,2470.320068359375,2478.35009765625,3347480000,-0.002417352230385335,0.002513263562104057,0.03989682218692603
2017-08-09,2474.02001953125,2474.409912109375,2462.080078125,2465.35009765625,3310960000,-0.0003636747927123762,0.0025006695342680674,0.03969689819297411
2017-08-10,2438.2099609375,2465.3798828125,2437.75,2465.3798828125,3635820000,-0.01458021840074153,0.0038930702110415724,0.06180057368957846
2017-08-11,2441.320068359375,2448.090087890625,2437.85009765625,2441.0400390625,3161830000,0.0012747571279871366,0.0038800952091207607,0.06159460191952014
2017-08-14,2465.840087890625,2468.219970703125,2454.9599609375,2454.9599609375,2824320000,0.009993651246049404,0.004354506843509249,0.06912565314152597
2017-08-15,2464.610107421875,2468.89990234375,2461.610107421875,2468.659912109375,2922430000,-0.00049893232688349,0.004356515742212271,0.06915754341978987
2017-08-16,2468.110107421875,2474.929931640625,2463.860107421875,2468.6298828125,2956570000,0.0014190955233323716,0.004364832445133516,0.06928956698573557
2017-08-17,2430.010009765625,2465.02001953125,2430.010009765625,2462.949951171875,3164950000,-0.015557342487191416,0.005383242487812154,0.0854563252194457
2017-08-18,2425.550048828125,2440.27001953125,2420.68994140625,2427.639892578125,3426970000,-0.0018370536613519935,0.005384871826711444,0.08548219017261949
2017-08-21,2428.3701171875,2430.580078125,2417.35009765625,2425.5,2803650000,0.0011619757145661966,0.0054031917059667155,0.08577300923996856
2017-08-22,2452.510009765625,2454.77001953125,2433.669921875,2433.75,2780990000,0.009891695260625078,0.005889376518447976,0.0934909538702205
2017-08-23,2444.0400390625,2448.909912109375,2441.419921875,2444.8798828125,2796950000,-0.0034595701326390073,0.005877549195251576,0.09330320093510093
2017-08-24,2438.969970703125,2450.389892578125,2436.18994140625,2447.909912109375,2849680000,-0.0020766167471384417,0.0058815705444218375,0.09336703787413773
2017-08-25,2443.050048828125,2453.9599609375,2442.219970703125,2444.719970703125,2593350000,0.0016714716689374216,0.005904881757363153,0.09373709190734968
2017-08-28,2444.239990234375,2449.1201171875,2439.030029296875,2447.35009765625,2682920000,0.0004869534732960745,0.005907292896794078,0.09377536755921285
2017-08-29,2446.300048828125,2449.18994140625,2428.199951171875,2431.93994140625,2739460000,0.0008424667620097917,0.005914725132835722,0.09389335064872077
2017-08-30,2457.590087890625,2460.31005859375,2443.77001953125,2446.06005859375,2637780000,0.004604531788061044,0.005986162060990686,0.09502737672666732
2017-08-31,2471.64990234375,2475.010009765625,2462.64990234375,2462.64990234375,3353860000,0.0057046735847135445,0.00612970081088334,0.09730598374096969
2017-09-01,2476.550048828125,2480.3798828125,2473.85009765625,2474.419921875,2712780000,0.001980578042335197,0.006126708701985249,0.09725848548472986
2017-09-05,2457.85009765625,2471.969970703125,2446.550048828125,2470.35009765625,3502190000,-0.007579458552144929,0.006332256509968826,0.10052145577948388
2017-09-06,2465.5400390625,2469.639892578125,2459.199951171875,2463.830078125,3400200000,0.003123842493144133,0.006363873928548834,0.10102336673944708
2017-09-07,2465.10009765625,2468.6201171875,2460.2900390625,2468.06005859375,3365780000,-0.00017845204485370908,0.006345283669311628,0.10072825552294785
2017-09-08,2461.429931640625,2467.110107421875,2459.39990234375,2462.25,3308360000,-0.001489960143457705,0.006351587858367587,0.10082833142170787
2017-09-11,2488.110107421875,2488.949951171875,2474.52001953125,2474.52001953125,3293460000,0.010780975197147024,0.005883004478287666,0.09338980086857071
2017-09-12,2496.47998046875,2496.77001953125,2490.3701171875,2491.93994140625,3234280000,0.003358302594883113,0.00590601893985603,0.09375514411977837
2017-09-13,2498.3701171875,2498.3701171875,2492.139892578125,2493.889892578125,3371370000,0.0007568342480825294,0.005540365703993355,0.08795057895070628
2017-09-14,2495.6201171875,2498.429931640625,2491.35009765625,2494.56005859375,3422470000,-0.0011013238508279736,0.005548025070242524,0.08807216762048026
2017-09-15,2500.22998046875,2500.22998046875,2493.159912109375,2495.669921875,4862970000,0.001845477546159349,0.005551969006822668,0.08813477567274629
2017-09-18,2503.8701171875,2508.320068359375,2499.919921875,2502.510009765625,3204700000,0.0014548619291293301,0.0041342588684923414,0.06562932492956414
2017-09-19,2506.64990234375,2507.840087890625,2503.18994140625,2506.2900390625,3253760000,0.0011095796167313857,0.004067444750901211,0.064568683694278
2017-09-20,2508.239990234375,2508.85009765625,2496.669921875,2506.840087890625,3584570000,0.000634146702309437,0.00407169575750295,0.06463616633201738
2017-09-21,2500.60009765625,2507.159912109375,2499.0,2507.159912109375,2965590000,-0.0030505659469148337,0.003707736595952477,0.058858493758940575
2017-09-22,2502.219970703125,2503.469970703125,2496.5400390625,2497.260009765625,2877980000,0.0006475839951670207,0.0035706994481060892,0.05668309647746578
2017-09-25,2496.659912109375,2502.5400390625,2488.030029296875,2499.389892578125,3314530000,-0.0022245226998538568,0.0035774600337089043,0.05679041744679905
2017-09-26,2496.840087890625,2503.510009765625,2495.1201171875,2501.0400390625,3070770000,7.216412589487934e-05,0.0035820023473423722,0.05686252444030514
2017-09-27,2507.0400390625,2511.75,2495.909912109375,2503.300048828125,3485070000,0.004076822401987925,0.0036396327681398116,0.057777379008597314
2017-09-28,2510.06005859375,2510.81005859375,2502.929931640625,2503.409912109375,3173030000,0.0012038906289380277,0.003638672124099183,0.057762129257217555
2017-09-29,2519.360107421875,2519.43994140625,2507.989990234375,2509.9599609375,3220260000,0.0036982630684988258,0.0036017760271013386,0.057176421875186276
2017-10-02,2529.1201171875,2529.22998046875,2520.39990234375,2521.199951171875,3226370000,0.0038665188297123134,0.003507472594329957,0.05567940128982963
2017-10-03,2534.580078125,2535.1298828125,2528.85009765625,2530.340087890625,3073480000,0.002156511184660919,0.0035099040001200284,0.0557179986601705
2017-10-04,2537.739990234375,2540.530029296875,2531.800048828125,2533.47998046875,3020770000,0.0012459436611136387,0.0028923709737564817,0.04591496577540827
2017-10-05,2552.070068359375,2552.510009765625,2540.02001953125,2540.860107421875,3059730000,0.00563090403129274,0.003011047520772343,0.047798897554567274
2017-10-06,2549.330078125,2549.409912109375,2543.7900390625,2547.43994140625,2898270000,-0.001074211165239725,0.0030442955835851284,0.04832669418923098
2017-10-09,2544.72998046875,2551.820068359375,2541.60009765625,2551.389892578125,2486940000,-0.0018060638680135568,0.0030610726625549863,0.048593022061312996
2017-10-10,2550.639892578125,2555.22998046875,2544.860107421875,2549.989990234375,2962610000,0.0023197196304780643,0.0022356838294715605,0.03549038053770172
2017-10-11,2555.239990234375,2555.239990234375,2547.949951171875,2550.6201171875,2991320000,0.001801882929663564,0.002185155357613849,0.034688265913719936
2017-10-12,2550.929931640625,2555.330078125,2548.31005859375,2552.8798828125,3157280000,-0.0016881771203513885,0.0022683459062232433,0.03600887493202886
2017-10-13,2553.169921875,2557.64990234375,2552.090087890625,2555.659912109375,3150470000,0.0008777220048463043,0.002217597638006353,0.03520327114901429
2017-10-16,2557.639892578125,2559.469970703125,2552.639892578125,2555.570068359375,2918030000,0.0017492225323057532,0.0022160475319355838,0.035178663978000124
2017-10-17,2559.360107421875,2559.7099609375,2554.68994140625,2557.169921875,2901890000,0.0006723529054339931,0.0022160266699156267,0.03517833280370021
2017-10-18,2561.260009765625,2564.110107421875,2559.669921875,2562.8701171875,2999320000,0.0007420595113295467,0.002216932210362463,0.03519270781264685
2017-10-19,2562.10009765625,2562.360107421875,2547.919921875,2553.389892578125,3019520000,0.00032794411501048555,0.002220644237698105,0.03525163441978674
2017-10-20,2575.2099609375,2575.43994140625,2567.56005859375,2567.56005859375,3394450000,0.005103796185030386,0.002187485938464681,0.03472526273776971
2017-10-23,2564.97998046875,2578.2900390625,2564.330078125,2578.080078125,3214470000,-0.003980395312997195,0.0024805709892183375,0.03937784368147923
2017-10-24,2569.1298828125,2572.179931640625,2565.580078125,2568.659912109375,3435660000,0.0016166008745580412,0.0023554692863976103,0.03739191571595312
2017-10-25,2557.14990234375,2567.39990234375,2544.0,2566.52001953125,3885470000,-0.004673955687259985,0.002689482576593773,0.042694212318650095
2017-10-26,2560.39990234375,2567.070068359375,2559.800048828125,2560.080078125,3891750000,0.0012701392506023993,0.002604455837117596,0.041344454673982234
2017-10-27,2581.070068359375,2582.97998046875,2565.93994140625,2570.260009765625,3896100000,0.008040609979727099,0.0030242947152440765,0.04800919024741637
2017-10-30,2572.830078125,2580.030029296875,2568.25,2577.75,3660230000,-0.0031975773767407194,0.003126752540967749,0.049635657807839774
2017-10-31,2575.260009765625,2578.2900390625,2572.14990234375,2575.989990234375,3844420000,0.0009440129366793155,0.003057053710556857,0.048529223176204055
2017-11-01,2579.360107421875,2588.39990234375,2574.919921875,2583.2099609375,3841200000,0.0015908441079038695,0.0030475443257127147,0.048378266371691216
2017-11-02,2579.85009765625,2581.110107421875,2566.169921875,2579.4599609375,4050140000,0.00018994776966671517,0.0030491184774717834,0.048403255256173436
2017-11-03,2587.840087890625,2588.419921875,2576.77001953125,2581.929931640625,3568710000,0.003092289326314394,0.002893697511195282,0.04593602390441556
2017-11-06,2591.1298828125,2593.3798828125,2585.659912109375,2587.469970703125,3541970000,0.00127044388477643,0.002868448673693917,0.045535211034883005
2017-11-07,2590.639892578125,2597.02001953125,2584.35009765625,2592.110107421875,3815190000,-0.00018912080508191734,0.0028169564901906734,0.04471779796280329
2017-11-08,2594.3798828125,2595.469970703125,2585.02001953125,2588.7099609375,3898450000,0.0014426139320604147,0.002800552579751846,0.04445739395750261
2017-11-09,2584.6201171875,2586.5,2566.330078125,2584.0,3844100000,-0.0037689813393701364,0.0029611122959330785,0.04700620043504654
2017-11-10,2582.300048828125,2583.81005859375,2575.570068359375,2580.179931640625,3489740000,-0.0008980469760537102,0.0029362411775022746,0.04661138366987089
2017-11-13,2584.840087890625,2587.659912109375,2574.47998046875,2576.530029296875,3405200000,0.000983150911293032,0.002936862109985354,0.04662124066745802
2017-11-14,2578.8701171875,2579.659912109375,2566.56005859375,2577.75,3643580000,-0.0023122805602819227,0.0029897583575190516,0.04746094256503409
2017-11-15,2564.6201171875,2572.840087890625,2557.449951171875,2569.449951171875,3586590000,-0.005540998742123611,0.003256355269701009,0.051693037344621204
2017-11-16,2585.639892578125,2590.090087890625,2572.949951171875,2572.949951171875,3329730000,0.008162652782972403,0.003701905711194998,0.05876593133298997
2017-11-17,2578.85009765625,2583.9599609375,2577.6201171875,2582.93994140625,3309800000,-0.002629416978897395,0.003762580403685517,0.05972911221622136
2017-11-20,2582.139892578125,2584.639892578125,2578.239990234375,2579.489990234375,3023940000,0.0012748698887901106,0.00360828836217372,0.05727980198952135
2017-11-21,2599.030029296875,2601.18994140625,2589.169921875,2589.169921875,3351230000,0.006519838879752696,0.0037357860903715332,0.059303765678744076
2017-11-22,2597.080078125,2600.93994140625,2595.22998046875,2600.31005859375,2764110000,-0.0007505427033295442,0.0037401744172334914,0.05937342820803451
2017-11-24,2602.419921875,2604.2099609375,2600.419921875,2600.419921875,1385890000,0.002053984278231966,0.0035571217366675138,0.05646755699042657
2017-11-27,2601.419921875,2606.409912109375,2598.8701171875,2602.659912109375,3017720000,-0.00038433158680325395,0.0035653295394957236,0.05659785182098875
2017-11-28,2627.0400390625,2627.68994140625,2605.43994140625,2605.93994140625,3493340000,0.009800332196793644,0.0037604217077122724,0.05969484398001295
2017-11-29,2626.070068359375,2634.889892578125,2620.320068359375,2627.820068359375,4090630000,-0.0003692938827907781,0.003657808014691694,0.0580659021029587
2017-11-30,2647.580078125,2657.739990234375,2633.929931640625,2633.929931640625,4965700000,0.008157586662811174,0.003979303368174745,0.06316948262083244
2017-12-01,2642.219970703125,2650.6201171875,2605.52001953125,2645.10009765625,3950930000,-0.0020265829358053324,0.004044699048800664,0.06420760686735635
2017-12-04,2639.43994140625,2665.18994140625,2639.030029296875,2657.18994140625,4025840000,-0.0010527105492864532,0.004068414927670621,0.06458408477303579
2017-12-05,2629.570068359375,2648.719970703125,2627.72998046875,2639.780029296875,3547570000,-0.003746390525955308,0.0041722833111122294,0.06623294424304856
2017-12-06,2629.27001953125,2634.409912109375,2624.75,2626.239990234375,3253080000,-0.00011411217053034995,0.004174781692164975,0.06627260481272361
2017-12-07,2636.97998046875,2640.989990234375,2626.530029296875,2628.3798828125,3297060000,0.002928067010109385,0.004197101038119282,0.06662691344564788
2017-12-08,2651.5,2651.64990234375,2644.10009765625,2646.2099609375,3126750000,0.005491202035518141,0.004317225258252616,0.06853382632309815
2017-12-11,2659.989990234375,2660.330078125,2651.469970703125,2652.18994140625,3141480000,0.0031968421216958323,0.004195383622599772,0.06659965031947354
2017-12-12,2664.110107421875,2669.719970703125,2659.780029296875,2661.72998046875,3568910000,0.001547723722089516,0.0041631338821947255,0.0660877015617247
2017-12-13,2662.85009765625,2671.8798828125,2662.85009765625,2667.590087890625,3568360000,-0.000473068970150185,0.004183990396353865,0.06641878845980936
2017-12-14,2652.010009765625,2668.090087890625,2652.010009765625,2665.8701171875,3442760000,-0.004079167730762682,0.004279387813574173,0.06793317550990621
2017-12-15,2675.81005859375,2679.6298828125,2659.139892578125,2660.6298828125,5736910000,0.008934313410142761,0.004282814633089542,0.06798757458325962
2017-12-18,2690.159912109375,2694.969970703125,2685.919921875,2685.919921875,3727770000,0.005348478579597589,0.0041220463897940155,0.06543545784039947
2017-12-19,2681.469970703125,2694.43994140625,2680.739990234375,2692.7099609375,3407680000,-0.0032354980431185012,0.004157221646666892,0.06599384773233015
2017-12-20,2679.25,2691.010009765625,2676.110107421875,2688.179931640625,3246230000,-0.0008282360735725663,0.0041971165532975465,0.06662715974146728
2017-12-21,2684.570068359375,2692.639892578125,2682.39990234375,2683.02001953125,3293130000,0.0019836870126583982,0.004054083855311071,0.06435658605213034
2017-12-22,2683.340087890625,2685.35009765625,2678.1298828125,2684.219970703125,2401030000,-0.00045827163811375547,0.004046314230999369,0.06423324708987535
2017-12-26,2680.5,2682.739990234375,2677.9599609375,2679.090087890625,1970660000,-0.0010589757000585695,0.004084001740614163,0.06483151775771996
2017-12-27,2682.6201171875,2685.639892578125,2678.909912109375,2682.10009765625,2202900000,0.0007906283102422613,0.004066233373950768,0.06454945368134903
2017-12-28,2687.5400390625,2687.659912109375,2682.68994140625,2686.10009765625,2174890000,0.0018323190029195554,0.0035937261527073045,0.057048634080794754
2017-12-29,2673.610107421875,2692.1201171875,2673.610107421875,2689.14990234375,2447760000,-0.005196632292748298,0.0038374734082549074,0.06091800180639555
2018-01-02,2695.81005859375,2695.889892578125,2682.360107421875,2683.72998046875,3397430000,0.008269078218398127,0.0038481448883735453,0.06108740630148486
2018-01-03,2713.06005859375,2714.3701171875,2697.77001953125,2697.85009765625,3544030000,0.006378433243936035,0.003968166838573478,0.06299269569407287
2018-01-04,2723.989990234375,2729.2900390625,2719.070068359375,2719.31005859375,3697340000,0.004020542855326989,0.003974760499729434,0.06309736681996139
2018-01-05,2743.14990234375,2743.449951171875,2727.919921875,2731.330078125,3239280000,0.007009145888585348,0.003957651662843683,0.06282577245423379
2018-01-08,2747.7099609375,2748.510009765625,2737.60009765625,2742.669921875,3246160000,0.001660963767296979,0.003928785641745522,0.062367538575239724
2018-01-09,2751.2900390625,2759.139892578125,2747.860107421875,2751.14990234375,3467460000,0.0013020835172984225,0.0039276345390567655,0.06234926538655204
2018-01-10,2748.22998046875,2750.800048828125,2736.06005859375,2745.550048828125,3579900000,-0.0011128458115206878,0.00390015843342602,0.061913095731579076
2018-01-11,2767.56005859375,2767.56005859375,2752.780029296875,2752.969970703125,3645690000,0.007009025768882019,0.004058510441913105,0.06442685593596557
2018-01-12,2786.239990234375,2787.85009765625,2769.639892578125,2770.179931640625,3587220000,0.006726926399094035,0.004191982398255913,0.06654565755687161
2018-01-16,2776.419921875,2807.5400390625,2768.639892578125,2798.9599609375,4362880000,-0.0035307132616026696,0.004337648540278028,0.06885803587426802
2018-01-17,2802.56005859375,2807.0400390625,2778.3798828125,2784.989990234375,3790340000,0.009371006206502086,0.004389563667911241,0.06968216297626596
2018-01-18,2798.030029296875,2805.830078125,2792.56005859375,2802.39990234375,3703300000,-0.0016176974974736241,0.004232890253481496,0.06719504962644716
2018-01-19,2810.300048828125,2810.330078125,2798.080078125,2802.60009765625,3724230000,0.004375647986990156,0.004201073052220796,0.06668996721474775
2018-01-22,2832.969970703125,2833.030029296875,2808.1201171875,2809.159912109375,3489480000,0.00803436438221324,0.004207854260291503,0.06679761555560981
2018-01-23,2839.1298828125,2842.239990234375,2830.590087890625,2835.050048828125,3541140000,0.002172004968222319,0.00413533241556949,0.06564636696108526
2018-01-24,2837.5400390625,2852.969970703125,2824.81005859375,2845.419921875,4079270000,-0.0005601325472320471,0.0041960227183897155,0.06660979565061839
2018-01-25,2839.25,2848.56005859375,2830.93994140625,2846.239990234375,3873100000,0.0006024393988328895,0.004163131369195855,0.06608766166910435
2018-01-26,2872.8701171875,2872.8701171875,2846.179931640625,2847.47998046875,3474680000,0.011771638106084168,0.004512374405196622,0.0716317229913796
2018-01-29,2853.530029296875,2870.6201171875,2851.47998046875,2867.22998046875,3587420000,-0.006754736284863033,0.004996629213373486,0.07931902975311922
2018-01-30,2822.429931640625,2837.75,2818.27001953125,2832.739990234375,4012070000,-0.010958642805337085,0.005845974444427682,0.09280196730476778
2018-01-31,2823.81005859375,2839.260009765625,2813.0400390625,2832.409912109375,4276270000,0.0004888658586947881,0.005606629811916935,0.0890024890531983
2018-02-01,2821.97998046875,2835.9599609375,2812.699951171875,2816.449951171875,3977380000,-0.0006482983520233253,0.00549254517675394,0.0871914516148694
2018-02-02,2762.1298828125,2808.919921875,2759.969970703125,2808.919921875,4340220000,-0.021436680516698812,0.00743819188901825,0.11807763565392024
2018-02-05,2648.93994140625,2763.389892578125,2638.169921875,2741.06005859375,5310840000,-0.041842540938381426,0.011872865911419566,0.18847590330739442
2018-02-06,2695.139892578125,2701.0400390625,2593.070068359375,2614.780029296875,5917350000,0.017290573348937088,0.012432734212289276,0.19736353705369164
2018-02-07,2681.659912109375,2727.669921875,2681.330078125,2690.949951171875,4646300000,-0.005014138223752627,0.012450891135673518,0.1976517692767842
2018-02-08,2581.0,2685.27001953125,2580.56005859375,2685.010009765625,5333840000,-0.0382590522458017,0.01482624345576791,0.23535931836756455
2018-02-09,2619.550048828125,2638.669921875,2532.68994140625,2601.780029296875,5690110000,0.014825645199524345,0.015329384784176689,0.24334643934329436
2018-02-12,2656.0,2672.610107421875,2622.449951171875,2636.75,4069220000,0.013818665678186272,0.015605322737354401,0.24772681855164885
2018-02-13,2662.93994140625,2668.840087890625,2637.080078125,2646.27001953125,3503540000,0.0026095219802775584,0.015516343718462675,0.24631432041630869
2018-02-14,2698.6298828125,2702.10009765625,2648.8701171875,2651.2099609375,4011940000,0.013313439808897013,0.015872963489858744,0.25197548378264495
2018-02-15,2731.199951171875,2731.510009765625,2689.820068359375,2713.4599609375,3696140000,0.01199686177677526,0.01597170441352519,0.2535429473521223
2018-02-16,2732.219970703125,2754.419921875,2725.110107421875,2727.139892578125,3646920000,0.0003733996499216942,0.015975186189948806,0.25359821883934797
2018-02-20,2716.260009765625,2737.60009765625,2706.760009765625,2722.989990234375,3646920000,-0.005858517106837343,0.015954813235776893,0.2532748082180844
2018-02-21,2701.330078125,2747.75,2701.2900390625,2720.530029296875,3789040000,-0.005511664483310908,0.015818188887280264,0.25110596392313456
2018-02-22,2703.9599609375,2731.260009765625,2697.77001953125,2710.419921875,3720620000,0.0009730774855778604,0.015803527787547976,0.2508732261801045
2018-02-23,2747.300048828125,2747.760009765625,2713.739990234375,2715.800048828125,3200360000,0.015901278245121022,0.016295917338859895,0.25868966798573256
2018-02-26,2779.60009765625,2780.639892578125,2753.780029296875,2757.3701171875,3436590000,0.011688438620627399,0.016546397362488585,0.2626659150911992
2018-02-27,2744.280029296875,2789.14990234375,2744.219970703125,2780.449951171875,3752070000,-0.012788311441467541,0.016465489351755343,0.2613815402383605
2018-02-28,2713.830078125,2761.52001953125,2713.5400390625,2753.780029296875,4244570000,-0.011157806083656078,0.016554442027016832,0.2627936201815353
2018-03-01,2677.669921875,2730.889892578125,2659.64990234375,2715.219970703125,4514490000,-0.013413965854876449,0.01662649804888284,0.26393747406746776
2018-03-02,2691.25,2696.25,2647.320068359375,2658.889892578125,3891250000,0.005058785485198549,0.016697427934208357,0.2650634510900297
2018-03-05,2720.93994140625,2728.090087890625,2675.75,2681.06005859375,3733640000,0.01097161761052657,0.01694523240933909,0.26899722517981856
2018-03-06,2728.1201171875,2732.080078125,2711.260009765625,2730.179931640625,3389030000,0.0026353829319968104,0.016349662052486613,0.25954283886497664
2018-03-07,2726.800048828125,2730.60009765625,2701.739990234375,2710.179931640625,3406690000,-0.000483991825716375,0.01334730604876783,0.21188191486624697
2018-03-08,2738.969970703125,2740.449951171875,2722.64990234375,2732.75,3206040000,0.004453148208884627,0.012867495330677395,0.2042651558475433
2018-03-09,2786.570068359375,2786.570068359375,2751.5400390625,2752.909912109375,3376870000,0.017229546741207587,0.013276725900650016,0.21076148974973993
2018-03-12,2783.02001953125,2796.97998046875,2779.260009765625,2790.5400390625,3216960000,-0.001274797337998416,0.009651408261559,0.15321135636983607
2018-03-13,2765.31005859375,2801.89990234375,2758.679931640625,2792.31005859375,3324290000,-0.006383910414314703,0.00952562464918479,0.15121460342573903
2018-03-14,2749.47998046875,2777.110107421875,2744.3798828125,2774.06005859375,3394630000,-0.005740969825188786,0.00932579180331812,0.14804235534206597
2018-03-15,2747.330078125,2763.030029296875,2741.469970703125,2754.27001953125,3543710000,-0.0007822363990965508,0.00933765478239134,0.1482306742966826
2018-03-16,2752.010009765625,2761.85009765625,2749.969970703125,2750.570068359375,5429140000,0.0017019979472317418,0.008937466189702937,0.141877877334012
2018-03-19,2712.919921875,2741.3798828125,2694.590087890625,2741.3798828125,3327460000,-0.014306040541373417,0.009149935380682322,0.14525072117757923
2018-03-20,2716.93994140625,2724.219970703125,2710.050048828125,2715.050048828125,3272590000,0.0014807086617189258,0.009157317402528113,0.1453679071414401
2018-03-21,2711.929931640625,2739.139892578125,2709.7900390625,2714.989990234375,3434780000,-0.0018456921256294063,0.009076315653992386,0.14408204424711854
2018-03-22,2643.68994140625,2695.679931640625,2641.590087890625,2691.360107421875,3765460000,-0.025484886972854417,0.01059400700962493,0.16817464761085574
2018-03-23,2588.260009765625,2657.669921875,2585.889892578125,2646.7099609375,3829380000,-0.02118980731175066,0.011453830320709707,0.18182391952637442
2018-03-26,2658.550048828125,2661.360107421875,2601.81005859375,2619.35009765625,3538080000,0.02679504070603539,0.012507294844307475,0.19854715039318738
2018-03-27,2612.6201171875,2674.780029296875,2596.1201171875,2667.570068359375,3761320000,-0.0174272856453219,0.012578383531483717,0.1996756483169778
2018-03-28,2605.0,2632.64990234375,2593.06005859375,2611.300048828125,3875720000,-0.0029209188994626773,0.012375156431121515,0.1964495181136149
2018-03-29,2640.8701171875,2659.070068359375,2609.719970703125,2614.409912109375,3572360000,0.013675777493843445,0.012687084278891753,0.20140121918678888
2018-04-02,2581.8798828125,2638.300048828125,2553.800048828125,2633.449951171875,3635780000,-0.022590682343495868,0.013269925679363036,0.2106535395834266
2018-04-03,2614.449951171875,2619.139892578125,2575.489990234375,2592.169921875,3395840000,0.012535961315741067,0.013558497248465397,0.2152344712271578
2018-04-04,2644.68994140625,2649.860107421875,2573.610107421875,2584.0400390625,3369230000,0.01150010234644679,0.013583035051852986,0.21562399678005797
2018-04-05,2662.840087890625,2672.080078125,2649.580078125,2657.360107421875,3230430000,0.006839421401651201,0.01367543053000058,0.2170907295247306
2018-04-06,2604.469970703125,2656.8798828125,2586.27001953125,2645.820068359375,3312390000,-0.022164067057064987,0.01442041910725252,0.22891705655468536
2018-04-09,2613.159912109375,2653.550048828125,2610.7900390625,2617.179931640625,3076140000,0.0033309949675928295,0.014396647892683908,0.22853970022202236
2018-04-10,2656.8701171875,2665.449951171875,2635.780029296875,2638.409912109375,3579130000,0.01658859899631407,0.014353926035479003,0.2278615117637564
2018-04-11,2642.18994140625,2661.429931640625,2639.25,2643.889892578125,3054520000,-0.005540685772461173,0.014369320124960134,0.2281058853583205
2018-04-12,2663.989990234375,2674.719970703125,2653.830078125,2653.830078125,3045330000,0.008216898697657044,0.01452303030141459,0.23054595876359057
2018-04-13,2656.300048828125,2680.260009765625,2645.050048828125,2676.89990234375,2988540000,-0.0028907998267066345,0.014497433855159754,0.23013962777616662
2018-04-16,2677.840087890625,2686.489990234375,2665.159912109375,2670.10009765625,3020740000,0.008076336801563068,0.014651754263967545,0.23258938831973003
2018-04-17,2706.389892578125,2713.340087890625,2692.050048828125,2692.739990234375,3286190000,0.01060507161386675,0.01486774524181607,0.2360181387966552
2018-04-18,2708.639892578125,2717.489990234375,2703.6298828125,2710.110107421875,3412030000,0.0008310204075532664,0.014543403870511304,0.23086937914648276
2018-04-19,2693.1298828125,2702.840087890625,2681.89990234375,2701.159912109375,3375120000,-0.00574258179583257,0.014590109545719392,0.2316108087549785
2018-04-20,2670.139892578125,2693.93994140625,2660.610107421875,2692.56005859375,3428260000,-0.008573177188352708,0.014696468715002558,0.23329920822442654
2018-04-23,2670.2900390625,2682.860107421875,2657.989990234375,2675.39990234375,3030390000,5.623011118453955e-05,0.013559054263877188,0.215243313572694
2018-04-24,2634.56005859375,2683.550048828125,2617.320068359375,2680.800048828125,3716020000,-0.013470888006475166,0.013036907124694174,0.20695448470432148
2018-04-25,2639.39990234375,2645.300048828125,2612.669921875,2634.919921875,3563680000,0.0018353742328236348,0.011612696596600412,0.1843458434727051
2018-04-26,2666.93994140625,2676.47998046875,2647.159912109375,2651.64990234375,3690920000,0.010380144187376953,0.011143283890931225,0.17689414778397733
2018-04-27,2669.909912109375,2677.35009765625,2659.010009765625,2675.469970703125,3234510000,0.001113005271363815,0.011107389149430392,0.1763243364276604
2018-04-30,2648.050048828125,2682.8701171875,2648.0400390625,2682.510009765625,3749510000,-0.008221192548921247,0.01090077371846418,0.1730444181434702
2018-05-01,2654.800048828125,2655.27001953125,2625.409912109375,2642.9599609375,3562820000,0.0025458021710273926,0.009581471693045273,0.15210114776281677
2018-05-02,2635.669921875,2660.8701171875,2631.699951171875,2654.239990234375,4047020000,-0.007231951201402355,0.009394332511004754,0.14913040534540523
2018-05-03,2629.72998046875,2637.139892578125,2594.6201171875,2628.080078125,3867530000,-0.002256217585064076,0.009053969251312308,0.14372730610198817
2018-05-04,2663.419921875,2670.929931640625,2615.320068359375,2621.449951171875,3335260000,0.012729810028334959,0.009370932831988855,0.1487589469567964
2018-05-07,2672.6298828125,2683.35009765625,2664.699951171875,2680.340087890625,3266810000,0.003451980554989958,0.007890437302339686,0.12525680902522907
2018-05-08,2671.919921875,2676.340087890625,2655.199951171875,2670.260009765625,3745100000,-0.0002656766117338216,0.00788158669206473,0.12511630994279693
2018-05-09,2697.7900390625,2701.27001953125,2674.139892578125,2678.1201171875,3913650000,0.009635647934868785,0.007322824903157414,0.11624624152935097
2018-05-10,2723.070068359375,2726.110107421875,2704.5400390625,2705.02001953125,3380640000,0.009327011603848374,0.007404732285524033,0.11754648091504508
2018-05-11,2727.719970703125,2732.860107421875,2717.449951171875,2722.699951171875,2874850000,0.001706139270961256,0.0072411064334100125,0.1149490010385167
2018-05-14,2730.1298828125,2742.10009765625,2725.469970703125,2738.469970703125,2994360000,0.0008830995101265589,0.007183036707479013,0.11402717271742609
2018-05-15,2711.449951171875,2718.590087890625,2701.909912109375,2718.590087890625,3291190000,-0.006865655043990812,0.007218765704419776,0.11459435296042036
2018-05-16,2722.4599609375,2727.760009765625,2712.169921875,2712.6201171875,3248480000,0.004052339847514407,0.006898930420389091,0.10951712522812695
2018-05-17,2720.1298828125,2731.9599609375,2711.360107421875,2719.7099609375,3478150000,-0.0008562387886101002,0.006902040061761851,0.10956648925456047
2018-05-18,2712.969970703125,2719.5,2709.179931640625,2717.35009765625,3383270000,-0.0026356652545503154,0.0068008103546940285,0.10795951747340023
2018-05-21,2733.010009765625,2739.18994140625,2725.699951171875,2735.389892578125,3053480000,0.007359604547933372,0.006642510529013223,0.10544658564538249
2018-05-22,2724.43994140625,2742.239990234375,2721.8798828125,2738.340087890625,3384140000,-0.0031406885928751895,0.006704173361695023,0.10642545276785347
2018-05-23,2733.2900390625,2733.330078125,2709.5400390625,2713.97998046875,3333160000,0.0032431452068987514,0.00584256913206581,0.09274790964689175
2018-05-24,2727.760009765625,2731.969970703125,2707.3798828125,2730.93994140625,3285750000,-0.0020252629577225518,0.0059002648432891274,0.09366380066856313
2018-05-25,2721.330078125,2727.360107421875,2714.989990234375,2723.60009765625,3015260000,-0.002360003054185922,0.0055960260403129245,0.08883415939745706
2018-05-29,2689.860107421875,2710.669921875,2676.81005859375,2705.110107421875,3743310000,-0.011631572511792225,0.006233519025513497,0.09895404680579044
2018-05-30,2724.010009765625,2729.340087890625,2702.429931640625,2702.429931640625,3566490000,0.012615875351923801,0.0064546831757712675,0.10246491884882032
2018-05-31,2705.27001953125,2722.5,2700.679931640625,2720.97998046875,4241100000,-0.006903333243434208,0.0066919089970659896,0.10623076201507363
2018-06-01,2734.6201171875,2736.929931640625,2718.699951171875,2718.699951171875,3694310000,0.01079079970923988,0.006752705614996906,0.10719587840466772
2018-06-04,2746.8701171875,2749.159912109375,2740.5400390625,2741.669921875,3410090000,0.004469594898352221,0.006712323033710016,0.10655482480036395
2018-06-05,2748.800048828125,2752.610107421875,2739.510009765625,2748.4599609375,3523550000,0.0007023462695756739,0.006255329983674228,0.0993002850326864
2018-06-06,2772.35009765625,2772.389892578125,2748.4599609375,2753.25,3662780000,0.008530900637311972,0.0064302106232630146,0.10207642912151747
2018-06-07,2770.3701171875,2779.89990234375,2760.159912109375,2774.840087890625,3742080000,-0.0007144436219845289,0.006437965856731494,0.10219953963621853
2018-06-08,2779.030029296875,2779.389892578125,2763.590087890625,2765.840087890625,3138850000,0.0031210289077513477,0.006189798091497336,0.09825999849482506
2018-06-11,2782.0,2790.2099609375,2780.169921875,2780.179931640625,3262130000,0.0010681370069403208,0.005918226857017931,0.09394893879679718
2018-06-12,2786.85009765625,2789.800048828125,2778.780029296875,2785.60009765625,3435700000,0.0017418672787038484,0.005918439239482678,0.09395231026390448
2018-06-13,2775.6298828125,2791.469970703125,2774.64990234375,2787.93994140625,3820770000,-0.004034254541411457,0.00602057256373659,0.09557362652319351
2018-06-14,2782.489990234375,2789.06005859375,2776.52001953125,2783.2099609375,3540930000,0.002468500522503687,0.005766541262234325,0.09154100462918716
2018-06-15,2779.659912109375,2782.81005859375,2761.72998046875,2777.780029296875,5451990000,-0.00101762031549408,0.005748642936921967,0.09125687752322097
2018-06-18,2773.75,2774.989990234375,2757.1201171875,2765.7900390625,3316120000,-0.002128391180886516,0.005775711826853666,0.09168658282937608
2018-06-19,2762.590087890625,2765.050048828125,2743.18994140625,2752.010009765625,3671160000,-0.004031517951391294,0.005826601060515388,0.09249442436945353
2018-06-20,2767.320068359375,2774.860107421875,2763.909912109375,2769.72998046875,3332140000,0.001710690224112545,0.005639058843300696,0.08951728396699915
2018-06-21,2749.760009765625,2769.280029296875,2744.389892578125,2769.280029296875,3336580000,-0.006365728843220268,0.005787809998144468,0.09187863534470084
2018-06-22,2754.8798828125,2764.169921875,2752.679931640625,2760.7900390625,5468110000,0.0018602032551338834,0.005762137580099041,0.09147109834248952
2018-06-25,2717.070068359375,2742.93994140625,2698.669921875,2742.93994140625,3663280000,-0.013819722967770653,0.006531237119068336,0.10368017502389262
2018-06-26,2723.06005859375,2732.909912109375,2715.60009765625,2722.1201171875,3568900000,0.0022021505056967236,0.006531217353835048,0.10367986126054131
2018-06-27,2699.6298828125,2746.090087890625,2699.3798828125,2728.449951171875,3803990000,-0.008641586313141117,0.006292506870177223,0.09989044980992598
2018-06-28,2716.31005859375,2724.340087890625,2691.989990234375,2698.68994140625,3461100000,0.006159680019031288,0.005791970958188199,0.09194468853764677
2018-06-29,2718.3701171875,2743.260009765625,2718.030029296875,2727.1298828125,3586800000,0.0007581158875170001,0.005581790042208287,0.08860816993355912
2018-07-02,2726.7099609375,2727.260009765625,2698.949951171875,2704.949951171875,3095040000,0.003063260834293461,0.00508321485310178,0.08069353417210222
2018-07-03,2713.219970703125,2736.580078125,2711.159912109375,2733.27001953125,1911460000,-0.004959629280533677,0.005072311641538403,0.08052045105437049
2018-07-05,2736.610107421875,2737.830078125,2716.02001953125,2724.18994140625,2980160000,0.008583856745537827,0.005450001638465518,0.08651609388164587
2018-07-06,2759.820068359375,2764.409912109375,2733.52001953125,2737.679931640625,2590250000,0.00844551760058016,0.005443180919474086,0.08640781832436197
2018-07-09,2784.169921875,2784.64990234375,2770.72998046875,2775.6201171875,3070060000,0.008784290785341506,0.0057836802893314635,0.09181307824966291
2018-07-10,2793.840087890625,2795.580078125,2786.239990234375,2788.56005859375,3080140000,0.003467249318821859,0.005792799851845228,0.09195784681652568
2018-07-11,2774.02001953125,2785.909912109375,2770.77001953125,2779.820068359375,2986180000,-0.007119486371916502,0.006006783981310492,0.0953547395630041
2018-07-12,2798.2900390625,2799.219970703125,2781.530029296875,2783.139892578125,2834230000,0.0087109915801719,0.006301071906356107,0.10002641554412357
2018-07-13,2801.31005859375,2804.530029296875,2791.68994140625,2796.929931640625,2619790000,0.0010786555366086475,0.006227835829056215,0.09886382885892309
2018-07-16,2798.429931640625,2801.18994140625,2793.389892578125,2797.360107421875,2819860000,-0.0010286646208985384,0.006217589523597602,0.09870117380231891
2018-07-17,2809.550048828125,2814.18994140625,2789.239990234375,2789.340087890625,3064920000,0.003965824343443431,0.006260857978000318,0.09938803922210127
2018-07-18,2815.6201171875,2816.760009765625,2805.889892578125,2811.35009765625,3111560000,0.0021581820767374625,0.00624040493925938,0.09906335729771672
2018-07-19,2804.489990234375,2812.050048828125,2799.77001953125,2809.3701171875,3278360000,-0.003960826849049506,0.006237735895936292,0.09902098754848862
2018-07-20,2801.830078125,2809.699951171875,2800.010009765625,2804.550048828125,3243250000,-0.0009488977712743676,0.006243544430339686,0.09911319517356748
2018-07-23,2806.97998046875,2808.610107421875,2795.139892578125,2799.169921875,2928490000,0.0018363623432315187,0.0060398757218671105,0.09588005465878259
2018-07-24,2820.39990234375,2829.989990234375,2811.1201171875,2820.679931640625,3430410000,0.004769518886053562,0.006094178841434331,0.09674208995752182
2018-07-25,2846.070068359375,2848.030029296875,2817.72998046875,2817.72998046875,3584400000,0.009060435070372713,0.005280813773692415,0.08383031979140794
2018-07-26,2837.43994140625,2845.570068359375,2835.260009765625,2835.489990234375,3667290000,-0.00303690274886736,0.005403472508410781,0.08577746684057577
2018-07-27,2818.820068359375,2843.169921875,2808.340087890625,2842.35009765625,3434370000,-0.006583834644845457,0.005217062869939824,0.08281830556829811
2018-07-30,2802.60009765625,2821.739990234375,2798.110107421875,2819.0,3261190000,-0.0057707893155871425,0.005394566265691281,0.08563608462046512
2018-07-31,2816.2900390625,2824.4599609375,2808.06005859375,2809.72998046875,3906890000,0.004872837219303094,0.0054412093067057726,0.0863765199419619
2018-08-01,2813.360107421875,2825.830078125,2805.85009765625,2821.169921875,3501350000,-0.0010408930675711336,0.005462898126563819,0.08672081928341113
2018-08-02,2827.219970703125,2829.909912109375,2796.340087890625,2800.47998046875,3501380000,0.0049143495822087,0.0053026255924277545,0.08417657167950231
2018-08-03,2840.35009765625,2840.3798828125,2827.3701171875,2829.6201171875,3043690000,0.004633432065347987,0.0051229120209177505,0.08132370717487014
2018-08-06,2850.39990234375,2853.2900390625,2835.97998046875,2840.2900390625,2879020000,0.003531982650801626,0.004910674186722102,0.07795453600638626
2018-08-07,2858.449951171875,2863.429931640625,2855.919921875,2855.919921875,3185440000,0.0028202017464857678,0.0046353723014051695,0.0735842540622913
2018-08-08,2857.699951171875,2862.43994140625,2853.090087890625,2856.7900390625,2978070000,-0.00026241439329510795,0.004617741061070086,0.07330436679889785
2018-08-09,2853.580078125,2862.47998046875,2851.97998046875,2857.18994140625,3066180000,-0.0014427146770399496,0.004266801033462413,0.06773336657000958
2018-08-10,2833.280029296875,2842.199951171875,2825.81005859375,2838.89990234375,3265590000,-0.007139312263244473,0.004300710206354161,0.06827165800182233
2018-08-13,2821.929931640625,2843.39990234375,2819.8798828125,2835.4599609375,3173630000,-0.004014037665980266,0.004413973479254039,0.07006965671844424
2018-08-14,2839.9599609375,2843.110107421875,2826.580078125,2827.8798828125,2986500000,0.006368930016417421,0.004590182471780545,0.07286688775643449
2018-08-15,2818.3701171875,2827.949951171875,2802.489990234375,2827.949951171875,3656680000,-0.007631208581378815,0.004867079747521747,0.07726249573836946
2018-08-16,2840.68994140625,2850.489990234375,2831.43994140625,2831.43994140625,3232000000,0.00788821455263811,0.0051383922524426365,0.08156944823198545
2018-08-17,2850.1298828125,2855.6298828125,2833.72998046875,2838.320068359375,3037640000,0.003317606375263089,0.005073029325795,0.08053184393874743
2018-08-20,2857.050048828125,2859.760009765625,2850.6201171875,2853.929931640625,2757150000,0.002425074902128281,0.005069338382995582,0.08047325203824368
2018-08-21,2862.9599609375,2873.22998046875,2861.320068359375,2861.510009765625,3174010000,0.002066399954627058,0.005071644277109803,0.08050985697249895
2018-08-22,2861.820068359375,2867.5400390625,2856.050048828125,2860.989990234375,2701250000,-0.0003982310542435054,0.005001444030391506,0.07939546260374698
2018-08-23,2856.97998046875,2868.780029296875,2854.030029296875,2860.2900390625,2724450000,-0.0016926939235351061,0.004639434173593993,0.07364873428430503
2018-08-24,2874.68994140625,2876.159912109375,2862.35009765625,2862.35009765625,2603010000,0.006179705928285333,0.004754206456436922,0.07547068779113836
2018-08-27,2896.739990234375,2898.25,2884.68994140625,2884.68994140625,2865070000,0.007641141407110444,0.0046892666653792995,0.07443980056715258
2018-08-28,2897.52001953125,2903.77001953125,2893.5,2901.449951171875,2687770000,0.00026924207759835515,0.004410965024235342,0.07002189897558427
2018-08-29,2914.0400390625,2916.5,2898.39990234375,2900.6201171875,2805520000,0.005685242468911669,0.004444666384237191,0.07055689148004156
2018-08-30,2901.1298828125,2912.4599609375,2895.219970703125,2908.93994140625,2810450000,-0.004440172044458075,0.004605587127822926,0.07311142908995825
2018-08-31,2901.52001953125,2906.320068359375,2891.72998046875,2898.3701171875,2887220000,0.00013446846730492032,0.004544187737076122,0.07213674397855671
2018-09-04,2896.719970703125,2900.179931640625,2885.1298828125,2896.9599609375,3087420000,-0.0016556920488793076,0.004516191052488296,0.0716923103888345
2018-09-05,2888.60009765625,2894.2099609375,2876.919921875,2891.590087890625,3248780000,-0.002807062801265972,0.004545739490264732,0.072161377296756
2018-09-06,2878.050048828125,2892.050048828125,2867.2900390625,2888.639892578125,3144240000,-0.0036589910366181576,0.004609367582403441,0.07317144194593517
2018-09-07,2871.679931640625,2883.81005859375,2864.1201171875,2868.260009765625,2976580000,-0.002215797895014484,0.0046414214882560005,0.07368028192654007
2018-09-10,2877.1298828125,2886.929931640625,2875.93994140625,2881.389892578125,2751100000,0.0018960282146933797,0.00463835526114683,0.07363160708017541
2018-09-11,2887.889892578125,2892.52001953125,2866.780029296875,2871.570068359375,2904500000,0.003732865689715426,0.004353804925741532,0.0691145105424008
2018-09-12,2888.919921875,2894.64990234375,2879.199951171875,2888.2900390625,3341280000,0.0003566083498935524,0.004208745014757766,0.06681175584439152
2018-09-13,2904.179931640625,2906.760009765625,2896.389892578125,2896.85009765625,3274090000,0.005268352159391334,0.004146471142299495,0.06582318876618228
2018-09-14,2904.97998046875,2908.300048828125,2895.77001953125,2906.3798828125,3179410000,0.00027544390076635555,0.0036461612528300544,0.057881015490168164
2018-09-17,2888.800048828125,2904.64990234375,2886.159912109375,2903.830078125,2967980000,-0.005585290991549207,0.003640440583939417,0.057790202686862746
2018-09-18,2904.31005859375,2911.169921875,2890.429931640625,2890.739990234375,3091190000,0.0053546528676252396,0.0037367512070118326,0.05931908643044249
2018-09-19,2907.949951171875,2912.360107421875,2903.820068359375,2906.60009765625,3302460000,0.0012524880331719868,0.003721501303655565,0.059077001719651766
2018-09-20,2930.75,2934.800048828125,2919.72998046875,2919.72998046875,3406520000,0.00781001418532906,0.004015515763224384,0.06374433657090867
2018-09-21,2929.669921875,2940.909912109375,2927.110107421875,2936.760009765625,5652470000,-0.00036860093700704873,0.004014962854002268,0.06373555940911278
2018-09-24,2919.3701171875,2923.7900390625,2912.6298828125,2921.830078125,3392030000,-0.003521882314013849,0.004097924413600626,0.0650525333395647
2018-09-25,2915.56005859375,2923.949951171875,2913.699951171875,2921.75,3330880000,-0.001305948493117946,0.003950374175428056,0.06271024592300689
2018-09-26,2905.969970703125,2931.14990234375,2903.280029296875,2916.97998046875,3417540000,-0.003294699681159941,0.0036985492533076134,0.05871264921585349
2018-09-27,2914.0,2927.219970703125,2909.27001953125,2911.64990234375,3101360000,0.0027594762285113967,0.003742176939892108,0.05940521726973134
2018-09-28,2913.97998046875,2920.530029296875,2907.5,2910.030029296875,3461680000,-6.870144138179519e-06,0.0035304923267968904,0.0560448282139581
2018-10-01,2924.590087890625,2937.06005859375,2917.909912109375,2926.2900390625,3375890000,0.0036344923421985013,0.0034618853690166684,0.054955726522987046
2018-10-02,2923.429931640625,2931.419921875,2919.3701171875,2923.800048828125,3432620000,-0.0003967689102790794,0.003465735119312765,0.05501683941434606
2018-10-03,2925.510009765625,2939.860107421875,2921.360107421875,2931.68994140625,3625510000,0.0007112667367183715,0.0034353192634298067,0.05453400267086913
2018-10-04,2901.610107421875,2919.780029296875,2883.919921875,2919.35009765625,3510370000,-0.008203035421009815,0.003867392101544061,0.06139294633836625
2018-10-05,2885.570068359375,2909.639892578125,2869.2900390625,2902.5400390625,3340820000,-0.0055433145846221455,0.003981908649447914,0.06321084017889751
2018-10-08,2884.429931640625,2889.449951171875,2862.080078125,2877.530029296875,3381820000,-0.000395194708349698,0.003948088466823238,0.06267396142377943
2018-10-09,2880.340087890625,2894.830078125,2874.27001953125,2882.510009765625,3531690000,-0.0014189098341542976,0.00394361363659821,0.06260292569617149
2018-10-10,2785.679931640625,2874.02001953125,2784.860107421875,2873.89990234375,4554260000,-0.03341638904260208,0.008221892928762513,0.13051850397423664
2018-10-11,2728.3701171875,2795.139892578125,2710.510009765625,2776.8701171875,4914090000,-0.02078757997254153,0.00919275356651481,0.14593043880540152
2018-10-12,2767.1298828125,2775.77001953125,2729.43994140625,2770.5400390625,4024010000,0.014106235408376288,0.009761589070000154,0.15496042248016012
2018-10-15,2750.7900390625,2775.989990234375,2749.030029296875,2763.830078125,3327160000,-0.005922482291300048,0.009773455842038986,0.15514880164623918
2018-10-16,2809.919921875,2813.4599609375,2766.909912109375,2767.050048828125,3460260000,0.02126782803490127,0.011037832051089434,0.17522015172288377
2018-10-17,2809.2099609375,2816.93994140625,2781.81005859375,2811.669921875,3347090000,-0.0002526942626648821,0.010935685155392828,0.17359862002362095
2018-10-18,2768.780029296875,2806.0400390625,2755.179931640625,2802.0,3639300000,-0.014496490575341185,0.011266359494594008,0.17884791242248257
2018-10-19,2767.780029296875,2797.77001953125,2760.27001953125,2775.659912109375,3593940000,-0.00036123513527937907,0.011037225586637034,0.17521052439816348
2018-10-22,2755.8798828125,2778.93994140625,2749.219970703125,2773.93994140625,3331270000,-0.004308797096477868,0.011028662784078956,0.17507459412159695
2018-10-23,2740.68994140625,2753.590087890625,2691.429931640625,2721.030029296875,4373710000,-0.005527076180694164,0.011042877945849539,0.17530025281894604
2018-10-24,2656.10009765625,2742.590087890625,2651.889892578125,2737.8701171875,4738670000,-0.03135077386114084,0.012641917741582107,0.20068422263496943
2018-10-25,2705.570068359375,2722.699951171875,2667.840087890625,2674.8798828125,4663930000,0.018453717978714167,0.013595168581488995,0.21581661059171184
2018-10-26,2658.68994140625,2692.3798828125,2628.159912109375,2667.860107421875,4804330000,-0.017479138010003174,0.01385143510529915,0.21988471553982794
2018-10-29,2641.25,2706.85009765625,2603.5400390625,2682.64990234375,4701260000,-0.00658120829519397,0.013822242081813076,0.21942129065885463
2018-10-30,2682.6298828125,2685.429931640625,2635.340087890625,2640.679931640625,5125600000,0.015545322971877482,0.014412235584161543,0.22878714715300288
2018-10-31,2711.739990234375,2736.68994140625,2705.60009765625,2705.60009765625,5133380000,0.010792878754571094,0.014759142743110834,0.23429412757664958
2018-11-01,2740.3701171875,2741.669921875,2708.85009765625,2717.580078125,4730250000,0.010502498868529206,0.015053189833023943,0.2389619804185636
2018-11-02,2723.06005859375,2756.550048828125,2700.43994140625,2745.449951171875,4261230000,-0.006336721055879746,0.015027123877916942,0.23854819620917259
2018-11-05,2738.31005859375,2744.27001953125,2717.93994140625,2726.3701171875,3650910000,0.0055846936971941175,0.015129707145692596,0.24017665510043695
2018-11-06,2755.449951171875,2756.820068359375,2737.080078125,2738.39990234375,3543800000,0.0062397877444086355,0.015244578128870584,0.2420001754265156
2018-11-07,2813.889892578125,2815.14990234375,2774.1298828125,2774.1298828125,3929080000,0.020987078560774024,0.016062534030943473,0.2549848228283298
2018-11-08,2806.830078125,2814.75,2794.989990234375,2806.3798828125,3673550000,-0.002512068988491457,0.014270551944163328,0.2265379890953128
2018-11-09,2781.010009765625,2794.10009765625,2764.239990234375,2794.10009765625,4029030000,-0.00924158591537243,0.013622758756042058,0.21625459103468944
2018-11-12,2726.219970703125,2775.989990234375,2722.0,2773.929931640625,3701570000,-0.019898150985467496,0.013991724471527201,0.22211174018758567
2018-11-13,2722.179931640625,2754.60009765625,2714.97998046875,2730.050048828125,4112820000,-0.0014830188221738934,0.013942470440671106,0.22132985668730928
2018-11-14,2701.580078125,2746.800048828125,2685.75,2737.89990234375,4449060000,-0.007596188818450545,0.013085903779623853,0.20773228248842934
2018-11-15,2730.199951171875,2735.3798828125,2670.75,2693.52001953125,4204960000,0.01053803274264194,0.013361637123230966,0.2121094136205458
2018-11-16,2736.27001953125,2746.75,2712.159912109375,2718.5400390625,3996970000,0.002220837537483983,0.013033732487271844,0.20690408889758777
2018-11-19,2690.72998046875,2733.159912109375,2681.090087890625,2730.739990234375,3806940000,-0.016783161235721437,0.013505171737456887,0.2143879549831741
2018-11-20,2641.889892578125,2669.43994140625,2631.52001953125,2654.60009765625,4370820000,-0.018317995556585972,0.013996003202203074,0.22217966293135796
2018-11-21,2649.929931640625,2670.72998046875,2649.820068359375,2657.739990234375,3237400000,0.0030386693107672014,0.014013232576929019,0.2224531707759779
2018-11-23,2632.56005859375,2647.550048828125,2631.090087890625,2633.360107421875,1651680000,-0.006576419711855615,0.012324819184970118,0.19565043910361227
2018-11-26,2673.449951171875,2674.35009765625,2649.969970703125,2649.969970703125,3523520000,0.015412975845366429,0.01210790067368054,0.19220696448978078
2018-11-27,2682.169921875,2682.530029296875,2655.889892578125,2663.75,3494380000,0.003256384364612641,0.011489602938547045,0.18239179222963453
2018-11-28,2743.7900390625,2744.0,2684.3798828125,2691.449951171875,3984540000,0.022714051303113776,0.01234389809296503,0.1959533073786596
2018-11-29,2737.800048828125,2753.75,2722.93994140625,2736.969970703125,3599200000,-0.002185494545393453,0.01195805641134881,0.1898282605686627
2018-11-30,2760.169921875,2760.8798828125,2732.760009765625,2737.760009765625,4668310000,0.008137547716617559,0.011862647339182256,0.18831368850202998
2018-12-03,2790.3701171875,2800.179931640625,2773.3798828125,2790.5,4221580000,0.010882001794362436,0.011878377126956288,0.18856339114178547
2018-12-04,2700.06005859375,2785.929931640625,2697.179931640625,2782.429931640625,4515710000,-0.03290022883855611,0.01392179935024018,0.22100171329965673
2018-12-06,2695.949951171875,2696.14990234375,2621.530029296875,2663.510009765625,5180430000,-0.0015233879141442856,0.013855168275494805,0.21994397777946542
2018-12-07,2633.080078125,2708.5400390625,2623.139892578125,2691.260009765625,4242240000,-0.02359633545632224,0.014612452160897857,0.2319654867753847
2018-12-10,2637.719970703125,2647.510009765625,2583.22998046875,2630.860107421875,4162880000,0.0017606032229163218,0.013660773451057448,0.21685805560974958
2018-12-11,2636.780029296875,2674.35009765625,2621.300048828125,2664.43994140625,3963440000,-0.00035640967530566644,0.013673337536921107,0.2170575042896262
2018-12-12,2651.070068359375,2685.43994140625,2650.260009765625,2658.22998046875,4029300000,0.005404871010351243,0.013711256726473501,0.2176594527624627
2018-12-13,2650.5400390625,2670.18994140625,2637.27001953125,2658.699951171875,3978340000,-0.00019995031241503897,0.013106041992284155,0.2080519667037203
2018-12-14,2599.949951171875,2635.070068359375,2593.840087890625,2629.679931640625,4064370000,-0.019271212268699812,0.013678058468478351,0.21713244675476837
2018-12-17,2545.93994140625,2601.1298828125,2530.5400390625,2590.75,4661420000,-0.020992284828576645,0.014243598509632166,0.22611011658682173
2018-12-18,2546.159912109375,2573.989990234375,2528.7099609375,2559.89990234375,4519190000,8.639685378910398e-05,0.013932505086487345,0.22117166159392782
2018-12-19,2506.9599609375,2585.2900390625,2488.9599609375,2547.050048828125,5152830000,-0.015515459175936802,0.01411599572367456,0.22408448515736476
2018-12-20,2467.419921875,2509.6298828125,2441.179931640625,2496.77001953125,5619780000,-0.015897809484103957,0.014077704447556197,0.22347662999340975
2018-12-21,2416.6201171875,2504.409912109375,2408.550048828125,2465.3798828125,7657890000,-0.02080312049854063,0.014212769459605989,0.22562072058966792
2018-12-24,2351.10009765625,2410.340087890625,2351.10009765625,2400.56005859375,2613670000,-0.02748657287831441,0.014971411902185844,0.2376637960121773
2018-12-26,2467.699951171875,2467.760009765625,2346.580078125,2363.1201171875,4249740000,0.04840317767080503,0.019059178716074533,0.30255508245521123
2018-12-27,2488.830078125,2489.10009765625,2397.93994140625,2442.5,4139010000,0.008526228968816992,0.01878231643155082,0.29816002994163354
2018-12-28,2485.739990234375,2520.27001953125,2472.889892578125,2498.77001953125,3728440000,-0.0012423539102312722,0.01872808743754309,0.29729917134967154
2018-12-31,2506.85009765625,2509.239990234375,2482.820068359375,2498.93994140625,3461920000,0.008456625862206874,0.017968666563530813,0.28524373871126474
2019-01-02,2510.030029296875,2519.489990234375,2467.469970703125,2476.9599609375,3733160000,0.0012676930626261643,0.018004755109120783,0.2858166266121192
2019-01-03,2447.889892578125,2493.139892578125,2443.9599609375,2491.919921875,3858830000,-0.02506833181891511,0.018328158496821612,0.2909504962341924
2019-01-04,2531.93994140625,2538.070068359375,2474.330078125,2474.330078125,4234140000,0.03375939906034647,0.01997045789089214,0.31702119088432845
2019-01-07,2549.68994140625,2566.159912109375,2524.56005859375,2535.610107421875,4133120000,0.006985975995229761,0.019021295233819444,0.30195370081814665
2019-01-08,2574.409912109375,2579.820068359375,2547.56005859375,2568.110107421875,4120060000,0.009648587336497393,0.01921196757556866,0.3049805304071471
2019-01-09,2584.9599609375,2595.320068359375,2568.889892578125,2580.0,4088740000,0.004089671332822161,0.01861056986272546,0.2954336376837903
2019-01-10,2596.639892578125,2597.820068359375,2562.02001953125,2573.510009765625,3721300000,0.004508241374462229,0.01863968578417191,0.2958958386078291
2019-01-11,2596.260009765625,2596.27001953125,2577.39990234375,2588.110107421875,3447460000,-0.0001463085444824661,0.018639962557462884,0.29590023224761386
2019-01-14,2582.610107421875,2589.320068359375,2570.409912109375,2580.31005859375,3689370000,-0.00527139458724949,0.01860962761217364,0.29541867991999327
2019-01-15,2610.300048828125,2613.080078125,2585.10009765625,2585.10009765625,3601180000,0.010664618879761001,0.018790302300472822,0.2982868016806558
2019-01-16,2616.10009765625,2625.760009765625,2612.679931640625,2614.75,3882180000,0.0022195205290883643,0.0183089791838905,0.2906460340801955
2019-01-17,2635.9599609375,2645.06005859375,2606.360107421875,2609.280029296875,3802410000,0.007562730706235749,0.017699187186817174,0.2809658862257949
2019-01-18,2670.7099609375,2675.469970703125,2647.580078125,2651.27001953125,4009010000,0.01309691283985578,0.017868449881660208,0.28365284820656655
2019-01-22,2632.89990234375,2657.8798828125,2617.27001953125,2657.8798828125,3923950000,-0.014258476827972471,0.017807880607585314,0.28269134078880326
2019-01-23,2638.699951171875,2653.18994140625,2612.860107421875,2643.47998046875,3358770000,0.002200489919450871,0.01731246933298692,0.274826930613094
2019-01-24,2642.330078125,2647.199951171875,2627.010009765625,2638.840087890625,3449230000,0.001374780110977555,0.016429203795914494,0.26080552489672876
2019-01-25,2664.760009765625,2672.3798828125,2657.330078125,2657.43994140625,3821000000,0.008452867700518018,0.014743101585158399,0.2340394820885477
2019-01-28,2643.85009765625,2644.969970703125,2624.06005859375,2644.969970703125,3630820000,-0.007877775848708898,0.011372741108677786,0.18053666819209452
2019-01-29,2640.0,2650.929931640625,2631.050048828125,2644.889892578125,3518070000,-0.0014573079351148383,0.011351264268253737,0.18019573391983779
2019-01-30,2681.050048828125,2690.43994140625,2648.340087890625,2653.6201171875,3883270000,0.015429609891560045,0.011633337160384808,0.18467350226486717
2019-01-31,2704.10009765625,2708.949951171875,2678.64990234375,2685.489990234375,4953800000,0.008560648809767757,0.011635529636795386,0.18470830674889377
2019-02-01,2706.530029296875,2716.659912109375,2696.8798828125,2702.320068359375,3782490000,0.0008982065848071141,0.011639522180552642,0.18477168641617522
2019-02-04,2724.8701171875,2724.989990234375,2698.75,2706.489990234375,3369450000,0.006753381117479676,0.009617975349651555,0.1526806253467651
2019-02-05,2737.699951171875,2738.97998046875,2724.030029296875,2728.340087890625,3597620000,0.0046973704373502,0.007031898943380163,0.11162793509233065
2019-02-06,2731.610107421875,2738.080078125,2724.14990234375,2735.050048828125,3486590000,-0.0022269157175087858,0.007104999361741895,0.1127883682586502
2019-02-07,2706.050048828125,2719.320068359375,2687.260009765625,2717.530029296875,4114040000,-0.009401193202230233,0.007458769969543149,0.11840430255508791
2019-02-08,2707.8798828125,2708.070068359375,2681.830078125,2692.360107421875,3649510000,0.0006759725660127,0.0074567249322281225,0.11837183859414346
2019-02-11,2709.800048828125,2718.050048828125,2703.7900390625,2712.39990234375,3395330000,0.0007088518038183947,0.007444312278232601,0.1181747938206488
2019-02-12,2744.72998046875,2748.18994140625,2722.610107421875,2722.610107421875,3843020000,0.012807852902838604,0.007783822100021645,0.12356434515735482
2019-02-13,2753.030029296875,2761.85009765625,2748.6298828125,2750.300048828125,3684910000,0.0030194315937109753,0.007569357568641707,0.12015982626690287
2019-02-14,2745.72998046875,2757.89990234375,2731.22998046875,2743.5,3845390000,-0.0026551633836986214,0.0074559816818873595,0.11836003986076232
2019-02-15,2775.60009765625,2775.659912109375,2760.239990234375,2760.239990234375,3648680000,0.010820004664957538,0.007677974845012277,0.12188407207507308
2019-02-19,2779.760009765625,2787.330078125,2767.2900390625,2769.280029296875,3535270000,0.0014976213265920058,0.007604300307589029,0.12071452505119527
2019-02-20,2784.699951171875,2789.8798828125,2774.06005859375,2779.050048828125,3904830000,0.00177553356074094,0.007208674966757373,0.11443416746602089
2019-02-21,2774.8798828125,2781.580078125,2764.550048828125,2780.239990234375,3598260000,-0.0035326693258413886,0.006325751428232687,0.10041819080829203
2019-02-22,2792.669921875,2794.199951171875,2779.110107421875,2780.669921875,3429350000,0.006390638694710404,0.0063816349899572175,0.10130531484848984
2019-02-25,2796.110107421875,2813.489990234375,2794.989990234375,2804.35009765625,3860260000,0.0012311044497517107,0.0063832042385807185,0.10133022589810793
2019-02-26,2793.89990234375,2803.1201171875,2789.469970703125,2792.360107421875,3676200000,-0.0007907696728402984,0.006284150571657708,0.09975779768334407
2019-02-27,2792.3798828125,2795.760009765625,2775.1298828125,2787.5,3771790000,-0.0005441974362980739,0.005884019286060645,0.09340591044254573
2019-02-28,2784.489990234375,2793.72998046875,2782.510009765625,2788.110107421875,4445780000,-0.002829507598950442,0.005938726219229745,0.09427435608348454
2019-03-01,2803.68994140625,2808.02001953125,2787.3798828125,2798.219970703125,3994950000,0.006871656588713028,0.005265258168307939,0.08358338221136564
2019-03-04,2792.81005859375,2816.8798828125,2767.659912109375,2814.3701171875,3949730000,-0.003888107395255168,0.005205483208730729,0.08263448414534423
2019-03-05,2789.64990234375,2796.43994140625,2782.969970703125,2794.409912109375,3631380000,-0.001132173489706859,0.005236705255062323,0.08313011876543984
2019-03-06,2771.449951171875,2790.27001953125,2768.68994140625,2790.27001953125,3800180000,-0.00654547360412503,0.005364636861752544,0.08516097006220336
2019-03-07,2748.929931640625,2767.25,2739.090087890625,2766.530029296875,3932150000,-0.008158911138331157,0.005625708841379571,0.08930535925648596
2019-03-08,2743.070068359375,2744.1298828125,2722.27001953125,2730.7900390625,3424300000,-0.0021339641314536495,0.005623744298195759,0.08927417310026067
2019-03-11,2783.300048828125,2784.0,2747.610107421875,2747.610107421875,3764850000,0.014559535563489445,0.005996812435492181,0.09519644618047128
2019-03-12,2791.52001953125,2798.320068359375,2786.72998046875,2787.340087890625,3432340000,0.002948965727805163,0.006004729091605863,0.0953221192002234
2019-03-13,2810.919921875,2821.239990234375,2799.780029296875,2799.780029296875,3782250000,0.0069255467570192835,0.0061185987027320395,0.09712974323778839
2019-03-14,2808.47998046875,2815.0,2803.4599609375,2810.3798828125,3505670000,-0.0008683993315961826,0.005586908821656546,0.08868942803817681
2019-03-15,2822.47998046875,2830.72998046875,2810.7900390625,2810.7900390625,5969780000,0.0049725194084307206,0.005636610052757275,0.08947841062225448
2019-03-18,2832.93994140625,2835.409912109375,2821.989990234375,2822.610107421875,3620770000,0.0036990967989080333,0.005590443481566218,0.08874553902471789
2019-03-19,2832.570068359375,2852.419921875,2823.27001953125,2840.760009765625,3650740000,-0.00013057007992675946,0.005171582412650377,0.08209632569128988
2019-03-20,2824.22998046875,2843.5400390625,2812.429931640625,2831.340087890625,3779160000,-0.002948696740769673,0.005239367493354101,0.08317238048814486
2019-03-21,2854.8798828125,2860.31005859375,2817.3798828125,2819.719970703125,3612620000,0.010794015494689354,0.005678348788891392,0.09014099251734858
2019-03-22,2800.7099609375,2846.159912109375,2800.469970703125,2844.52001953125,4253730000,-0.019156827134273257,0.007158173089348732,0.11363247501583007
2019-03-25,2798.360107421875,2809.7900390625,2785.02001953125,2796.010009765625,3406110000,-0.000839372833310059,0.007030447659574018,0.11160489667613366
2019-03-26,2818.4599609375,2829.8701171875,2803.989990234375,2812.659912109375,3288570000,0.007157052947934055,0.007195243818978134,0.11422095460494475
2019-03-27,2805.3701171875,2825.56005859375,2787.719970703125,2819.719970703125,3422400000,-0.00465514327659887,0.007275626043192354,0.1154969828555511
2019-03-28,2815.43994140625,2819.7099609375,2798.77001953125,2809.39990234375,3185460000,0.0035830547152617266,0.007310318842463272,0.1160477139704843
2019-03-29,2834.39990234375,2836.030029296875,2819.22998046875,2828.27001953125,3752520000,0.006711706043324668,0.007396106461372234,0.11740955020169327
2019-04-01,2867.18994140625,2869.39990234375,2848.6298828125,2848.6298828125,3560090000,0.011502195518044496,0.00764942139849168,0.12143080016366938
2019-04-02,2867.239990234375,2872.89990234375,2858.75,2868.239990234375,3267210000,1.7455554858152623e-05,0.007570003726758202,0.1201700837090061
2019-04-03,2873.39990234375,2885.25,2865.169921875,2876.090087890625,3570000000,0.002146072420089187,0.007552150198856216,0.11988666773988325
2019-04-04,2879.389892578125,2881.280029296875,2867.139892578125,2873.989990234375,3038740000,0.0020824652429942735,0.007329195194420584,0.11634736676811935
2019-04-05,2892.739990234375,2893.239990234375,2882.989990234375,2884.159912109375,3155970000,0.004625717623099122,0.00698164417463223,0.11083016537051811
2019-04-08,2895.77001953125,2895.949951171875,2880.780029296875,2888.4599609375,3056460000,0.0010469117505236662,0.00691187328651479,0.10972258685825297
2019-04-09,2878.199951171875,2886.8798828125,2873.330078125,2886.580078125,3032480000,-0.0060859764356695385,0.006583158605169766,0.10450440306344431
2019-04-10,2888.2099609375,2889.7099609375,2879.1298828125,2881.3701171875,3092230000,0.003471837754499924,0.006589515116838807,0.10460530955793727
2019-04-11,2888.320068359375,2893.419921875,2881.989990234375,2891.919921875,2970650000,3.8122340342693696e-05,0.006482857881859627,0.10291217844225314
2019-04-12,2907.409912109375,2910.5400390625,2898.3701171875,2900.860107421875,3726050000,0.0065875783895457275,0.006562222758238882,0.1041720567966505
2019-04-15,2905.580078125,2909.60009765625,2896.47998046875,2908.320068359375,3114530000,-0.0006295672443571088,0.006534147883382546,0.10372638197489574
2019-04-16,2907.06005859375,2916.06005859375,2900.7099609375,2912.260009765625,3403120000,0.0005092283251399622,0.006514631793070955,0.10341657364572326
2019-04-17,2900.449951171875,2918.0,2895.449951171875,2916.0400390625,3648100000,-0.0022764008207388597,0.006553748613222341,0.10403753391492451
2019-04-18,2905.030029296875,2908.39990234375,2891.89990234375,2904.81005859375,3507100000,0.0015778468242496745,0.006487073534951887,0.10297909986042818
2019-04-22,2907.969970703125,2909.510009765625,2896.35009765625,2898.780029296875,3010130000,0.0010115058169329091,0.006115056276270706,0.09707350896106184
2019-04-23,2933.679931640625,2936.31005859375,2908.530029296875,2909.989990234375,3674480000,0.008802351174995391,0.004313282598604859,0.06847123854150534
2019-04-24,2927.25,2936.830078125,2926.050048828125,2934.0,3468480000,-0.0021941686030362366,0.004370900860174291,0.06938590008803686
2019-04-25,2926.169921875,2933.10009765625,2912.840087890625,2928.989990234375,3440010000,-0.0003690417402728576,0.0042460988736068885,0.06740472997053185
2019-04-26,2939.8798828125,2939.8798828125,2917.56005859375,2925.81005859375,3264390000,0.004674350323304823,0.004020563492674807,0.0638244667917768
2019-04-29,2943.030029296875,2949.52001953125,2939.35009765625,2940.580078125,3150390000,0.0010709485042338864,0.004015666365474536,0.0637467273075134
2019-04-30,2945.830078125,2948.219970703125,2924.110107421875,2937.139892578125,3939760000,0.0009509646987914453,0.003880109600697792,0.06159483037872293
2019-05-01,2923.72998046875,2954.1298828125,2923.360107421875,2952.330078125,3669330000,-0.00753044585029134,0.0037293321183837977,0.05920131204965532
2019-05-02,2917.52001953125,2931.679931640625,2900.5,2922.159912109375,3802290000,-0.0021262446486827887,0.0037844878508454904,0.060076882158494826
2019-05-03,2945.639892578125,2947.85009765625,2929.2099609375,2929.2099609375,3357180000,0.00959212747891747,0.00423604886960557,0.06724519110295568
2019-05-06,2932.469970703125,2937.320068359375,2898.2099609375,2908.889892578125,3203260000,-0.004481013189072523,0.004405080921475821,0.0699284917400416
2019-05-07,2884.050048828125,2913.030029296875,2862.60009765625,2913.030029296875,3793060000,-0.016649488088905522,0.005741780931058935,0.09114794655716905
2019-05-08,2879.419921875,2897.9599609375,2873.280029296875,2879.610107421875,3543110000,-0.0016067153894199682,0.005743478078039794,0.09117488793026712
2019-05-09,2870.719970703125,2875.969970703125,2836.39990234375,2859.840087890625,3659050000,-0.0030259986619282898,0.005626155895147532,0.08931245601504216
2019-05-10,2881.39990234375,2891.31005859375,2825.389892578125,2863.10009765625,3566780000,0.003713394069918638,0.005634116291780904,0.08943882339401818
2019-05-13,2811.8701171875,2840.18994140625,2801.429931640625,2840.18994140625,3900270000,-0.024426469138497504,0.007737942993080122,0.12283603691330877
2019-05-14,2834.409912109375,2852.5400390625,2820.1201171875,2820.1201171875,3354860000,0.007983987523216093,0.00781453061606926,0.12405182773691777
2019-05-15,2850.9599609375,2858.679931640625,2815.080078125,2820.3798828125,3140900000,0.005821994327723055,0.007963916647873659,0.12642325747392513
2019-05-16,2876.320068359375,2892.14990234375,2855.800048828125,2855.800048828125,3338470000,0.008855957116499086,0.008241407833748828,0.1308282934869537
2019-05-17,2859.530029296875,2885.47998046875,2854.22998046875,2858.60009765625,3316040000,-0.005854437174043804,0.008316478623929107,0.13202000533620648
2019-05-20,2840.22998046875,2853.860107421875,2831.2900390625,2841.93994140625,3293750000,-0.006772257975405369,0.008402471813700105,0.13338510490368194
2019-05-21,2864.360107421875,2868.8798828125,2854.02001953125,2854.02001953125,3223050000,0.008459949093190606,0.008648522892041969,0.13729104468235298
2019-05-22,2856.27001953125,2865.469970703125,2851.110107421875,2856.06005859375,3194000000,-0.0028283923638994365,0.008376390259422125,0.13297107306512854
2019-05-23,2822.239990234375,2836.699951171875,2805.489990234375,2836.699951171875,3899320000,-0.01198569224128196,0.008696604548969353,0.1380543173234757
2019-05-24,2826.06005859375,2841.360107421875,2820.18994140625,2832.409912109375,2889230000,0.0013526437720373175,0.008718260016180267,0.13839808720806565
2019-05-28,2802.389892578125,2840.510009765625,2801.580078125,2830.030029296875,4146980000,-0.008410950000260244,0.008710683605440245,0.13827781541617418
2019-05-29,2783.02001953125,2792.030029296875,2766.06005859375,2790.25,3701110000,-0.00693591016723137,0.008731848795878752,0.13861380239828386
2019-05-30,2788.860107421875,2799.0,2776.739990234375,2786.93994140625,3276030000,0.002096272674997037,0.008759078028522882,0.1390460530660888
2019-05-31,2752.06005859375,2768.97998046875,2750.52001953125,2766.14990234375,3982670000,-0.013283205250452958,0.009007186645291248,0.14298465525469675
2019-06-03,2744.449951171875,2763.070068359375,2728.81005859375,2751.530029296875,3952360000,-0.002769070654307939,0.009005583939898532,0.14295921309533258
2019-06-04,2803.27001953125,2804.489990234375,2762.639892578125,2762.639892578125,3814130000,0.021205927081077776,0.010101758709908863,0.16036044810479713
2019-06-05,2826.14990234375,2827.280029296875,2800.919921875,2818.090087890625,3570760000,0.008128726978813691,0.010341249767693343,0.16416225078552635
2019-06-06,2843.489990234375,2852.10009765625,2822.449951171875,2828.510009765625,3445140000,0.006116840676004416,0.009885418178397283,0.1569261486354981
2019-06-07,2873.340087890625,2884.969970703125,2852.8701171875,2852.8701171875,3244380000,0.010442979247260026,0.010174094211248447,0.16150873858983145
2019-06-10,2886.72998046875,2904.77001953125,2885.510009765625,2885.830078125,3209890000,0.004649220074765499,0.010201574183203855,0.16194496962080568
2019-06-11,2885.719970703125,2910.610107421875,2878.530029296875,2903.27001953125,3551000000,-0.0003499414579512858,0.010171385039821158,0.16146573182669757
2019-06-12,2879.840087890625,2888.570068359375,2874.679931640625,2882.72998046875,3039870000,-0.002039657827237423,0.008513488878038149,0.13514744616481947
2019-06-13,2891.639892578125,2895.239990234375,2881.989990234375,2886.239990234375,3100640000,0.004089010502850191,0.008398522267701273,0.13332240780465482
2019-06-14,2886.97998046875,2894.449951171875,2879.6201171875,2886.820068359375,2992810000,-0.0016128117861529605,0.008339458381723197,0.13238479768207645
2019-06-17,2889.669921875,2897.27001953125,2887.300048828125,2889.75,2828400000,0.0009313154323528439,0.00812359519806956,0.1289580758751033
2019-06-18,2917.75,2930.7900390625,2905.43994140625,2906.7099609375,3441540000,0.009670489592970687,0.0082485636063211,0.13094188785494232
2019-06-19,2926.4599609375,2931.739990234375,2911.429931640625,2920.550048828125,3300220000,0.0029807167930238428,0.008063951138538913,0.12801125578290076
2019-06-20,2954.179931640625,2958.06005859375,2931.5,2949.60009765625,3943060000,0.00942760533587314,0.008108804716112996,0.12872328425293617
2019-06-21,2950.4599609375,2964.14990234375,2946.8701171875,2952.7099609375,5003540000,-0.0012600162797279978,0.008074382463536308,0.12817684793362877
2019-06-24,2945.35009765625,2954.919921875,2944.050048828125,2951.419921875,3136960000,-0.0017333884605870258,0.0075052531998528365,0.11914220096029414
2019-06-25,2917.3798828125,2946.52001953125,2916.010009765625,2945.780029296875,3579430000,-0.009541775640387554,0.007919725910464798,0.12572175126530669
2019-06-26,2913.780029296875,2932.590087890625,2912.989990234375,2926.070068359375,3511350000,-0.0012346956788039985,0.007619166045718503,0.12095051132807125
2019-06-27,2924.919921875,2929.300048828125,2918.570068359375,2919.659912109375,3162500000,0.0038158857925908473,0.007355507403390256,0.11676506013639044
2019-06-28,2941.760009765625,2943.97998046875,2929.050048828125,2932.93994140625,5422650000,0.005740941840599626,0.007391682111135717,0.11733931581906003
2019-07-01,2964.330078125,2977.929931640625,2952.219970703125,2971.409912109375,3524860000,0.007643018610953927,0.00650954533838607,0.10333582868081605
2019-07-02,2973.010009765625,2973.2099609375,2955.919921875,2964.659912109375,3224490000,0.002923847276988696,0.006350340749692641,0.1008085341852372
2019-07-03,2995.820068359375,2995.840087890625,2977.9599609375,2978.080078125,1963570000,0.007643095660684157,0.005048915694449435,0.08014905190826509
2019-07-05,2990.409912109375,2994.030029296875,2967.969970703125,2984.25,2434680000,-0.0018075342045486649,0.0050258597294027445,0.07978304980976424
2019-07-08,2975.949951171875,2980.760009765625,2970.090087890625,2979.77001953125,2922360000,-0.004847173010123794,0.005217912258592728,0.08283178919515026
2019-07-09,2979.6298828125,2981.89990234375,2963.43994140625,2965.52001953125,3033330000,0.0012357930584538906,0.004862570647801331,0.0771909159993874
2019-07-10,2993.070068359375,3002.97998046875,2984.6201171875,2989.300048828125,3157800000,0.004500546936082614,0.004858213726741995,0.07712175202175775
2019-07-11,2999.909912109375,3002.330078125,2988.800048828125,2999.6201171875,3155710000,0.002282619578948549,0.004835973632786683,0.07676870147531495
2019-07-12,3013.77001953125,3013.919921875,3001.8701171875,3003.360107421875,2984140000,0.004609534302066538,0.004786124693154584,0.07597737409099412
2019-07-15,3014.300048828125,3017.800048828125,3008.77001953125,3017.800048828125,2876100000,0.00017585372838413283,0.0047836310758261795,0.0759377891430986
2019-07-16,3004.0400390625,3015.02001953125,3001.14990234375,3012.1298828125,3297030000,-0.003409584555010327,0.004866425457999002,0.07725210921419377
2019-07-17,2984.419921875,3005.260009765625,2984.25,3005.10009765625,3185650000,-0.006552665466093182,0.005202763752244403,0.08259131411195975
2019-07-18,2995.110107421875,2998.280029296875,2973.090087890625,2978.8701171875,3369820000,0.0035755977088190827,0.004886717931366454,0.07757424224229384
2019-07-19,2976.610107421875,3006.02001953125,2975.860107421875,3004.260009765625,3285890000,-0.006195889464844692,0.0051281802693472,0.08140733802600553
2019-07-22,2985.030029296875,2990.7099609375,2976.64990234375,2981.929931640625,3016200000,0.002824701686250326,0.0047627349670291115,0.07560607369962265
2019-07-23,3005.469970703125,3005.89990234375,2988.56005859375,2994.739990234375,3333810000,0.00682414513927642,0.004937325410650081,0.07837761107027982
2019-07-24,3019.56005859375,3019.590087890625,2996.820068359375,2998.77001953125,3433220000,0.004677192813475714,0.004965782603499787,0.07882935500202778
2019-07-25,3003.669921875,3016.31005859375,2997.239990234375,3016.260009765625,3657050000,-0.005276296483599537,0.004577110470953226,0.07265937617647178
2019-07-26,3025.860107421875,3027.97998046875,3012.590087890625,3013.25,3260170000,0.007360535770783042,0.004713134256493425,0.07481868683004549
2019-07-29,3020.969970703125,3025.610107421875,3014.300048828125,3024.469970703125,3224490000,-0.0016174219290574364,0.004745803526241728,0.07533729540965406
2019-07-30,3013.179931640625,3017.18994140625,3000.93994140625,3007.659912109375,3632770000,-0.0025819853720443708,0.004724797084092708,0.07500382847851463
2019-07-31,2980.3798828125,3017.39990234375,2958.080078125,3016.219970703125,4626330000,-0.01094520695213996,0.0051665682274695795,0.08201672796919379
2019-08-01,2953.56005859375,3013.590087890625,2945.22998046875,2980.320068359375,4793810000,-0.009039527568806017,0.0055062220686820165,0.08740856554336937
2019-08-02,2932.050048828125,2945.5,2914.110107421875,2943.89990234375,3882810000,-0.007309388539565105,0.005391597159591001,0.08558895152232009
2019-08-05,2844.739990234375,2898.070068359375,2822.1201171875,2898.070068359375,4542850000,-0.030230182169694777,0.008352459973484385,0.13259119155276497
2019-08-06,2881.77001953125,2884.39990234375,2847.419921875,2861.179931640625,4156640000,0.012933023911166613,0.008968137151203079,0.14236476375361565
2019-08-07,2883.97998046875,2892.169921875,2825.7099609375,2858.64990234375,4512720000,0.0007665823338588767,0.008961480336608775,0.1422590900979733
2019-08-08,2938.090087890625,2938.719970703125,2894.469970703125,2896.2099609375,4118530000,0.018588462466865085,0.00991404213981396,0.15738053993617432
2019-08-09,2918.64990234375,2935.75,2900.14990234375,2930.510009765625,3356850000,-0.006638593133657111,0.00996263786402143,0.1581519731423786
2019-08-12,2882.699951171875,2907.580078125,2873.139892578125,2907.070068359375,3328570000,-0.012393809115915354,0.010146932669146558,0.1610775624760718
2019-08-13,2926.320068359375,2943.31005859375,2877.050048828125,2880.719970703125,3857190000,0.015018346267301863,0.010809921015778512,0.17160217620000404
2019-08-14,2840.60009765625,2894.14990234375,2839.639892578125,2894.14990234375,4325150000,-0.02973035245453567,0.012454140328856242,0.19770334861952277
2019-08-15,2847.60009765625,2856.669921875,2825.510009765625,2846.199951171875,4041720000,0.0024612366981802422,0.01246873770824827,0.19793507483351017
2019-08-16,2888.679931640625,2893.6298828125,2864.739990234375,2864.739990234375,3524080000,0.014323058172245003,0.012931140614588329,0.2052754934076459
2019-08-19,2923.64990234375,2931.0,2913.47998046875,2913.47998046875,3221050000,0.012033175564397505,0.013224384657679654,0.20993059827647043
2019-08-20,2900.510009765625,2923.6298828125,2899.60009765625,2919.010009765625,3067710000,-0.007946215312115467,0.013283279858973018,0.2108655306126944
2019-08-21,2924.429931640625,2928.72998046875,2917.909912109375,2922.0400390625,3016540000,0.008212979557352937,0.013329482211888885,0.21159897022750296
2019-08-22,2922.949951171875,2939.080078125,2904.510009765625,2930.93994140625,2893660000,-0.00050620295927854,0.01326104976387909,0.21051263879325532
2019-08-23,2847.110107421875,2927.010009765625,2834.969970703125,2911.070068359375,3942520000,-0.02628888112283785,0.014307821409681084,0.2271296235188505
2019-08-26,2878.3798828125,2879.27001953125,2856.0,2866.699951171875,2859790000,0.01092311273079789,0.014451591740551115,0.22941190676719994
2019-08-27,2869.159912109375,2898.7900390625,2860.590087890625,2893.139892578125,3537490000,-0.0032083218005562386,0.014451567383047034,0.2294115201038098
2019-08-28,2887.93994140625,2890.030029296875,2853.050048828125,2861.280029296875,3102480000,0.006524151530562512,0.01458358594241913,0.2315072497630713
2019-08-29,2924.580078125,2930.5,2905.669921875,2910.3701171875,3177150000,0.012607482441094399,0.014767499525459627,0.23442678738378317
2019-08-30,2926.4599609375,2940.429931640625,2913.320068359375,2937.090087890625,3009910000,0.0006425807598767749,0.014651355570939904,0.23258305926412648
2019-09-03,2906.27001953125,2914.389892578125,2891.85009765625,2909.010009765625,3427830000,-0.0069230093326854165,0.014642536298102955,0.2324430576481005
2019-09-04,2937.780029296875,2938.840087890625,2921.860107421875,2924.669921875,3167900000,0.010783725278421427,0.01312420737039778,0.20834033314148095
2019-09-05,2976.0,2985.860107421875,2960.60009765625,2960.60009765625,3902600000,0.01292591292175976,0.01312389860558743,0.20833543165207016
2019-09-06,2978.7099609375,2985.030029296875,2972.510009765625,2980.330078125,3209340000,0.0009101908043767861,0.013123517146338602,0.20832937617422395
2019-09-09,2978.429931640625,2989.429931640625,2969.389892578125,2988.429931640625,4031120000,-9.401467889992668e-05,0.012529756489320167,0.19890371795363337
2019-09-10,2979.389892578125,2979.389892578125,2957.010009765625,2971.010009765625,4393040000,0.0003222524259310153,0.012418899696643953,0.19714392092625233
2019-09-11,3000.929931640625,3000.929931640625,2975.31005859375,2981.409912109375,3934370000,0.0072036723263872,0.012095733990422713,0.19201382438069656
2019-09-12,3009.570068359375,3020.739990234375,3000.919921875,3009.080078125,3796990000,0.0028750162782333164,0.011722445067542067,0.18608804643799243
2019-09-13,3007.389892578125,3017.330078125,3002.89990234375,3012.2099609375,3557010000,-0.0007246768769660504,0.009347169354839854,0.14838171345186185
2019-09-16,2997.9599609375,3002.18994140625,2990.669921875,2996.409912109375,4285860000,-0.0031405129163559896,0.009434358471319742,0.1497657977672852
2019-09-17,3005.699951171875,3006.2099609375,2993.72998046875,2995.669921875,3673250000,0.0025784253724619854,0.00903500720230396,0.14342629290584233
2019-09-18,3006.72998046875,3007.830078125,2978.570068359375,3001.5,3458800000,0.00034263328426719085,0.00873399280204861,0.13864783744109282
2019-09-19,3006.7900390625,3021.989990234375,3003.159912109375,3010.360107421875,3265660000,1.9974521929475905e-05,0.008480065384278502,0.13461686465020978
2019-09-20,2992.070068359375,3016.3701171875,2984.679931640625,3008.419921875,6103440000,-0.004907599104880387,0.008460591099141336,0.13430771995760757
2019-09-23,2991.780029296875,2999.14990234375,2982.22998046875,2983.5,3187250000,-9.694061782751375e-05,0.008457203917335059,0.13425395011337893
2019-09-24,2966.60009765625,3007.97998046875,2957.72998046875,3002.429931640625,3872800000,-0.00845198896355148,0.006148690281812025,0.09760743224660565
2019-09-25,2984.8701171875,2989.820068359375,2952.860107421875,2968.35009765625,3331200000,0.0061396852419639035,0.005882808877333373,0.09338669579968312
2019-09-26,2977.6201171875,2987.280029296875,2963.7099609375,2985.72998046875,3084910000,-0.002431871009613191,0.005852582105861907,0.09290686067818382
2019-09-27,2961.7900390625,2987.31005859375,2945.530029296875,2985.469970703125,3246480000,-0.005330534579128577,0.005941820513895487,0.0943234764884968
2019-09-30,2976.739990234375,2983.85009765625,2967.070068359375,2967.070068359375,3249130000,0.005034910215248393,0.0054221130221485895,0.08607337582254013
2019-10-01,2940.25,2992.530029296875,2938.699951171875,2983.68994140625,3560750000,-0.012334126945412846,0.00613812995547886,0.09743979226315819
2019-10-02,2887.610107421875,2924.780029296875,2874.929931640625,2924.780029296875,3914180000,-0.01806540418764383,0.0071799730220639905,0.11397853821920517
2019-10-03,2910.6298828125,2911.1298828125,2855.93994140625,2885.3798828125,3515130000,0.007940304773866787,0.006984520922146413,0.11087583232156162
2019-10-04,2952.010009765625,2953.739990234375,2918.56005859375,2918.56005859375,3005600000,0.014116785239259274,0.007102325517214234,0.11274592229266234
2019-10-07,2938.7900390625,2959.75,2935.679931640625,2944.22998046875,2959050000,-0.00448835227368152,0.007150622976322775,0.11351262068720741
2019-10-08,2893.06005859375,2925.469970703125,2892.659912109375,2920.39990234375,3370700000,-0.01568315955210993,0.00786440251183811,0.12484351953861203
2019-10-09,2919.39990234375,2929.320068359375,2907.409912109375,2911.10009765625,2735350000,0.009063296514845923,0.008184092634868734,0.1299184429114681
2019-10-10,2938.1298828125,2948.4599609375,2917.1201171875,2918.550048828125,3234400000,0.0063952024117826045,0.008145538293141266,0.129306411710432
2019-10-11,2970.27001953125,2993.280029296875,2963.070068359375,2963.070068359375,3581320000,0.010879579673789056,0.008515183452162197,0.13517434669508185
2019-10-14,2966.14990234375,2972.840087890625,2962.93994140625,2965.81005859375,2559270000,-0.0013880816732189801,0.008516798581054233,0.1351999860713837
2019-10-15,2995.679931640625,3003.280029296875,2973.610107421875,2973.610107421875,3345090000,0.009906445376489171,0.008797849818183087,0.13966153614604365
2019-10-16,2989.68994140625,2997.5400390625,2985.199951171875,2989.679931640625,3230320000,-0.002001544553193733,0.00878655339127335,0.13948221092820295
2019-10-17,2997.949951171875,3008.2900390625,2991.7900390625,3000.77001953125,3103470000,0.002759021969775287,0.008810551223686241,0.13986316470761764
2019-10-18,2986.199951171875,3000.0,2976.31005859375,2996.840087890625,3268970000,-0.003927045709799847,0.008849001045563526,0.1404735367074698
2019-10-21,3006.719970703125,3007.330078125,2995.35009765625,2996.47998046875,3271960000,0.006848114105333746,0.00891633588073568,0.14154244407809205
2019-10-22,2995.989990234375,3014.570068359375,2995.0400390625,3010.72998046875,3527540000,-0.003575049258376838,0.008954982821604136,0.14215594524492017
2019-10-23,3004.52001953125,3004.780029296875,2991.2099609375,2994.010009765625,3413600000,0.002843103345830729,0.008754694747856003,0.13897647064266183
2019-10-24,3010.2900390625,3016.070068359375,3000.419921875,3014.780029296875,3696510000,0.0019186046591713529,0.008669303518222326,0.13762092689612151
2019-10-25,3022.550048828125,3027.389892578125,3001.93994140625,3003.320068359375,3379060000,0.004064429510656049,0.008678956695146168,0.1377741663291347
2019-10-28,3039.419921875,3044.080078125,3032.1201171875,3032.1201171875,3524970000,0.0055658199161177,0.008625119914551806,0.13691953393208853
2019-10-29,3036.889892578125,3047.8701171875,3034.81005859375,3035.389892578125,3594430000,-0.0008327519564807664,0.00859073897947554,0.13637375350776657
2019-10-30,3046.77001953125,3050.10009765625,3025.9599609375,3039.739990234375,3779660000,0.0032480894008573105,0.008041097687027906,0.12764846848711517
2019-10-31,3037.56005859375,3046.89990234375,3023.18994140625,3046.89990234375,4149310000,-0.0030274386345390905,0.0067611211198129895,0.10732947040207026
2019-11-01,3066.909912109375,3066.949951171875,3050.719970703125,3050.719970703125,3956290000,0.009615930559647514,0.006839079564955883,0.10856702235274247
2019-11-04,3078.27001953125,3085.199951171875,3074.8701171875,3078.9599609375,4178040000,0.0036972458053124275,0.006311008478930869,0.10018415374362656
2019-11-05,3074.6201171875,3083.949951171875,3072.14990234375,3080.800048828125,4490590000,-0.0011864027118206639,0.00618121792473062,0.09812379256999193
2019-11-06,3076.780029296875,3078.340087890625,3065.889892578125,3075.10009765625,4465510000,0.0007022505922896238,0.004665761045164132,0.07406666041414259
2019-11-07,3085.179931640625,3097.77001953125,3080.22998046875,3087.02001953125,4151990000,0.002726375244280665,0.004449280110003456,0.0706301321060115
2019-11-08,3093.080078125,3093.090087890625,3073.580078125,3081.25,3508160000,0.002557403145115828,0.004364915336993538,0.06929088285321955
2019-11-11,3087.010009765625,3088.330078125,3075.820068359375,3080.330078125,3041120000,-0.0019643954133371925,0.004009705765151399,0.06365210571079538
2019-11-12,3091.840087890625,3102.610107421875,3084.72998046875,3089.280029296875,3495560000,0.0015634233012630327,0.0039422152781401374,0.06258072744382877
2019-11-13,3094.0400390625,3098.06005859375,3078.800048828125,3084.179931640625,3513720000,0.0007112815701162954,0.0035036228689749485,0.05561828879439812
2019-11-14,3096.6298828125,3098.199951171875,3083.260009765625,3090.75,3282090000,0.0008366926144567594,0.003413832398501886,0.05419290926454685
2019-11-15,3120.4599609375,3120.4599609375,3104.60009765625,3107.919921875,3359800000,0.007666028777973181,0.0036515059142263853,0.05796585935954739
2019-11-18,3122.030029296875,3124.169921875,3112.06005859375,3117.909912109375,3440140000,0.0005030263228096366,0.0034181019982701686,0.054260687059654776
2019-11-19,3120.179931640625,3127.639892578125,3113.469970703125,3127.449951171875,3613670000,-0.0005927700996925261,0.003286402954411522,0.05217002955192497
2019-11-20,3108.4599609375,3118.969970703125,3091.409912109375,3114.659912109375,4041010000,-0.0037632564209410676,0.0033019105208248137,0.0524162045369413
2019-11-21,3103.5400390625,3110.110107421875,3094.550048828125,3108.489990234375,3744010000,-0.0015840060861895076,0.003369591818301954,0.053490611826149476
2019-11-22,3110.2900390625,3112.8701171875,3099.260009765625,3111.409912109375,3235270000,0.002172573942375937,0.0033714584924299843,0.05352024435927888
2019-11-25,3133.639892578125,3133.830078125,3117.43994140625,3117.43994140625,3514310000,0.0074792518874672075,0.003574709086227084,0.05674674750935888
2019-11-26,3140.52001953125,3142.68994140625,3131.0,3134.85009765625,4600450000,0.0021931636449402277,0.003467380599727632,0.05504296060613586
2019-11-27,3153.6298828125,3154.260009765625,3143.409912109375,3145.489990234375,3035470000,0.0041657356252997445,0.0034666095092851117,0.05503071992484037
2019-11-29,3140.97998046875,3150.300048828125,3139.340087890625,3147.179931640625,1743420000,-0.004019286229989053,0.0036711343012260657,0.05827745034337832
2019-12-02,3113.8701171875,3144.31005859375,3110.780029296875,3143.85009765625,3285750000,-0.008668483693963605,0.004185492870948869,0.06644263950458681
2019-12-03,3093.199951171875,3094.969970703125,3070.330078125,3087.409912109375,3671580000,-0.006660225258045148,0.004050343002434862,0.06429720185371995
2019-12-04,3112.760009765625,3119.3798828125,3102.530029296875,3103.5,3702980000,0.006303657608769993,0.004193624631893752,0.06657172720767393
2019-12-05,3117.429931640625,3119.449951171875,3103.760009765625,3119.2099609375,3360480000,0.0014991269266302707,0.004179571801803202,0.06634864544585649
2019-12-06,3145.909912109375,3150.60009765625,3134.6201171875,3134.6201171875,3483310000,0.009094246030426013,0.004567184315257508,0.07250180333979711
2019-12-09,3135.9599609375,3148.8701171875,3135.4599609375,3141.860107421875,3400470000,-0.003167833684474369,0.004640065499492824,0.0736587562722523
2019-12-10,3132.52001953125,3142.1201171875,3126.090087890625,3135.360107421875,3346310000,-0.0010975361689841293,0.0046385072624458385,0.07363402002599222
2019-12-11,3141.6298828125,3143.97998046875,3133.2099609375,3135.75,3257650000,0.0029039375293507703,0.004625395905181485,0.07342588368196022
2019-12-12,3168.570068359375,3176.280029296875,3138.469970703125,3141.22998046875,4003200000,0.008538667375555057,0.004921291942323532,0.07812308765120454
2019-12-13,3168.800048828125,3182.679931640625,3156.510009765625,3166.64990234375,3757650000,7.25791502146863e-05,0.0049262225128245485,0.07820135803140871
2019-12-16,3191.449951171875,3197.7099609375,3183.6298828125,3183.6298828125,4070200000,0.007122360942542787,0.0050951316912104935,0.08088270811240145
2019-12-17,3192.52001953125,3198.219970703125,3191.030029296875,3195.39990234375,3842940000,0.0003352360284609262,0.004894129906764628,0.07769190370405762
2019-12-18,3191.139892578125,3198.47998046875,3191.139892578125,3195.2099609375,4029950000,-0.0004323936405227425,0.004903959102059399,0.07784793734208473
2019-12-19,3205.3701171875,3205.47998046875,3192.320068359375,3192.320068359375,3784360000,0.004449378821864254,0.00494316347364278,0.07847028744718189
2019-12-20,3221.219970703125,3225.64990234375,3216.030029296875,3223.330078125,6457480000,0.004932595804334098,0.004862902194047876,0.07719617913288626
2019-12-23,3224.010009765625,3227.780029296875,3222.300048828125,3226.050048828125,3064530000,0.0008657687142985109,0.004809352924666995,0.07634611083486016
2019-12-24,3223.3798828125,3226.429931640625,3220.510009765625,3225.449951171875,1296530000,-0.00019546730246814044,0.004828236098218778,0.0766458719219503
2019-12-26,3239.909912109375,3240.080078125,3227.199951171875,3227.199951171875,2164540000,0.005115062410053991,0.0047129463933155,0.07481570459454971
2019-12-27,3240.02001953125,3247.929931640625,3234.3701171875,3247.22998046875,2429150000,3.3984139657930306e-05,0.004722628954017067,0.07496941048057351
2019-12-30,3221.2900390625,3240.919921875,3216.570068359375,3240.090087890625,3021720000,-0.005797596079349905,0.004935550116691045,0.07834942915236195
2019-12-31,3230.780029296875,3231.719970703125,3212.030029296875,3215.179931640625,2894760000,0.002941690644190719,0.0048130636321677125,0.07640501649027016
2020-01-02,3257.85009765625,3258.139892578125,3235.530029296875,3244.669921875,3459930000,0.008343895362316707,0.004462821329318921,0.07084509229855532
2020-01-03,3234.85009765625,3246.14990234375,3222.340087890625,3226.360107421875,3484700000,-0.007084909364954553,0.0045055102155404075,0.07152275735868564
2020-01-06,3246.280029296875,3246.840087890625,3214.639892578125,3217.550048828125,3702460000,0.003527145194272564,0.004416844064207052,0.07011522584186197
2020-01-07,3237.179931640625,3244.909912109375,3232.429931640625,3241.860107421875,3435910000,-0.0028071750845948405,0.004539522024495155,0.07206267808748784
2020-01-08,3253.050048828125,3267.070068359375,3236.669921875,3238.590087890625,3726840000,0.004890473485641129,0.004287225864405889,0.06805760070949143
2020-01-09,3274.699951171875,3275.580078125,3263.669921875,3266.030029296875,3641230000,0.006633214116906491,0.00427630454686324,0.06788423016824933
2020-01-10,3265.35009765625,3282.989990234375,3260.860107421875,3281.81005859375,3214580000,-0.0028592624875049015,0.004357878569790644,0.06917917763690329
2020-01-13,3288.1298828125,3288.1298828125,3268.429931640625,3271.1298828125,3459390000,0.006951994045933256,0.004488476607988156,0.07125235722160447
2020-01-14,3283.14990234375,3294.25,3277.18994140625,3285.35009765625,3687620000,-0.0015156808368957204,0.004307817855799321,0.06838448843885105
2020-01-15,3289.2900390625,3298.659912109375,3280.68994140625,3282.27001953125,3721490000,0.0018684502436879626,0.004291867210771543,0.06813127979888363
2020-01-16,3316.81005859375,3317.110107421875,3302.820068359375,3302.969970703125,3540580000,0.008331747422232019,0.004374496894422206,0.06944298536199318
2020-01-17,3329.6201171875,3329.8798828125,3318.860107421875,3323.659912109375,3726220000,0.003854723247485144,0.004381591605532198,0.0695556104093185
2020-01-21,3320.7900390625,3329.7900390625,3316.610107421875,3321.030029296875,4104840000,-0.002655500369585384,0.004469333217090134,0.07094846531220449
2020-01-22,3321.75,3337.77001953125,3320.0400390625,3330.02001953125,3623780000,0.00028903429668107475,0.0044426374565414385,0.07052468325137502
2020-01-23,3325.5400390625,3326.8798828125,3301.8701171875,3315.77001953125,3766710000,0.001140326193358241,0.004381246124112885,0.06955012606180994
2020-01-24,3295.469970703125,3333.179931640625,3281.530029296875,3333.10009765625,3708780000,-0.009083289426193788,0.004955547440430547,0.07866687682537138
2020-01-27,3243.6298828125,3258.85009765625,3234.5,3247.159912109375,3831050000,-0.015855752356844034,0.006178731050456826,0.09808431466476986
2020-01-28,3276.239990234375,3285.780029296875,3253.219970703125,3255.35009765625,3531570000,0.010003383500352516,0.006455171210033829,0.10247266615256041
2020-01-29,3273.39990234375,3293.469970703125,3271.889892578125,3289.4599609375,3600250000,-0.0008672501435846315,0.00646163330545205,0.10257524873711032
2020-01-30,3283.659912109375,3285.909912109375,3242.800048828125,3256.449951171875,3790350000,0.0031294569302110597,0.006319518942044675,0.10031925315727327
2020-01-31,3225.52001953125,3282.330078125,3214.679931640625,3282.330078125,4529700000,-0.01786444357136295,0.007505319770077345,0.11914325772984677
2020-02-03,3248.919921875,3268.43994140625,3235.659912109375,3235.659912109375,3760460000,0.007228425761232584,0.007446454503335731,0.1182088005899
2020-02-04,3297.590087890625,3306.919921875,3280.610107421875,3280.610107421875,3996900000,0.014869315917506062,0.007945696095205871,0.1261340151672704
2020-02-05,3334.68994140625,3337.580078125,3313.75,3324.909912109375,4121480000,0.011187778658972936,0.008241959723201443,0.1308370544604106
2020-02-06,3345.780029296875,3347.9599609375,3334.389892578125,3344.919921875,3887250000,0.003320155057001924,0.008198393957191593,0.13014546936518206
2020-02-07,3327.7099609375,3341.419921875,3322.1201171875,3335.5400390625,3733920000,-0.005415491009458352,0.008297631734048561,0.13172082023454082
2020-02-10,3352.090087890625,3352.260009765625,3317.77001953125,3318.280029296875,3462730000,0.007299690120573207,0.00832117279786765,0.13209452303732006
2020-02-11,3357.75,3375.6298828125,3352.719970703125,3365.8701171875,3762940000,0.0016870486860021178,0.008271672558357906,0.13130873109583455
2020-02-12,3379.449951171875,3381.469970703125,3369.719970703125,3370.5,3930910000,0.006441853105203067,0.008255064849983383,0.13104509189860053
2020-02-13,3373.93994140625,3385.090087890625,3360.52001953125,3365.89990234375,3500890000,-0.0016317763599886593,0.008257086547041567,0.13107718534445412
2020-02-14,3380.159912109375,3380.68994140625,3366.14990234375,3378.080078125,3419700000,0.0018418360984854144,0.00825699680817252,0.13107576078407152
2020-02-18,3370.2900390625,3375.010009765625,3355.610107421875,3369.0400390625,3750400000,-0.0029242139861477136,0.008142091336592338,0.12925169297158096
2020-02-19,3386.14990234375,3393.52001953125,3378.830078125,3380.389892578125,3614200000,0.004694748284284925,0.008160090476934789,0.12953742046653538
2020-02-20,3373.22998046875,3389.14990234375,3341.02001953125,3380.449951171875,4019180000,-0.0038228174279975285,0.008188743894046712,0.1299922793618775
2020-02-21,3337.75,3360.760009765625,3328.449951171875,3360.5,3908780000,-0.010573809232819777,0.008554013005304374,0.13579074674188565
2020-02-24,3225.889892578125,3259.81005859375,3214.64990234375,3257.610107421875,4851160000,-0.03408807942044074,0.011360334922248385,0.18033972608802912
2020-02-25,3128.2099609375,3246.989990234375,3118.77001953125,3238.93994140625,5596760000,-0.030747904375353224,0.012959454566366383,0.20572496345787514
2020-02-26,3116.389892578125,3182.510009765625,3108.989990234375,3139.89990234375,5484650000,-0.00378569732353003,0.012599235943152388,0.20000667009004527
2020-02-27,2978.760009765625,3097.070068359375,2977.389892578125,3062.5400390625,7064710000,-0.045168136352261155,0.015426745656785548,0.24489199528140207
2020-02-28,2954.219970703125,2959.719970703125,2855.840087890625,2916.89990234375,8569570000,-0.008272463109653077,0.015423402350441415,0.24483892193854237
2020-03-02,3090.22998046875,3090.9599609375,2945.18994140625,2974.280029296875,6381330000,0.0450108687694132,0.018840786436940152,0.2990882125021342
2020-03-03,3003.3701171875,3136.719970703125,2976.6298828125,3096.4599609375,6376510000,-0.02851048492291458,0.01939878793703707,0.3079462117048788
2020-03-04,3130.1201171875,3130.969970703125,3034.3798828125,3045.75,5073020000,0.041336349360633136,0.021632275263798358,0.3434017238430277
2020-03-05,3023.93994140625,3083.0400390625,2999.830078125,3075.699951171875,5579290000,-0.034510782439981125,0.02240279295714806,0.35563331302729834
2020-03-06,2972.3701171875,2985.929931640625,2901.5400390625,2954.199951171875,6555240000,-0.01720094365238617,0.022288794861619506,0.35382364936307714
2020-03-09,2746.56005859375,2863.889892578125,2734.429931640625,2863.889892578125,8441290000,-0.07901041294037148,0.027333842791228788,0.4339113024079619
2020-03-10,2882.22998046875,2882.590087890625,2734.0,2813.47998046875,7642040000,0.048215052425859106,0.03009084693230836,0.47767738633319257
2020-03-11,2741.3798828125,2825.60009765625,2707.219970703125,2825.60009765625,7431200000,-0.05010289280860541,0.03132377948501455,0.4972495838398523
2020-03-12,2480.639892578125,2660.949951171875,2478.860107421875,2630.860107421875,8850810000,-0.09994485240247351,0.03685860768698981,0.5851122576712121
2020-03-13,2711.02001953125,2711.330078125,2492.3701171875,2569.989990234375,8299070000,0.08880840694923595,0.04305139571696252,0.6834197199678846
2020-03-16,2386.1298828125,2562.97998046875,2380.93994140625,2508.590087890625,7805450000,-0.12765219747281742,0.04997976817270674,0.793404223017859
2020-03-17,2529.18994140625,2553.929931640625,2367.0400390625,2425.659912109375,8370250000,0.05822631263569171,0.05246678030843555,0.8328843167302873
2020-03-18,2398.10009765625,2453.570068359375,2280.52001953125,2436.5,8799300000,-0.053222272332080246,0.05308933489651937,0.8427670644360795
2020-03-19,2409.389892578125,2466.969970703125,2319.780029296875,2393.47998046875,7956100000,0.004696760970401053,0.053089374516696056,0.842767693386886
2020-03-20,2304.919921875,2453.010009765625,2295.56005859375,2431.93994140625,9053950000,-0.04432762405336681,0.05335213854240813,0.846938942980056
2020-03-23,2237.39990234375,2300.72998046875,2191.860107421875,2290.7099609375,7411380000,-0.02973150100957679,0.05338017542620427,0.8473840147124267
2020-03-24,2447.330078125,2449.7099609375,2344.43994140625,2344.43994140625,7563150000,0.08968323251796326,0.05824746628525435,0.9246498617424135
2020-03-25,2475.56005859375,2571.419921875,2407.530029296875,2457.77001953125,8300010000,0.011468990420822226,0.05833829411060101,0.926091708770366
2020-03-26,2630.070068359375,2637.010009765625,2500.719970703125,2501.2900390625,7766990000,0.06054383107424656,0.06039655963498057,0.9587656610282435
2020-03-27,2541.469970703125,2615.909912109375,2520.02001953125,2555.8701171875,6201670000,-0.0342678455416263,0.06010802274540367,0.9541852799049121
2020-03-30,2626.64990234375,2631.800048828125,2545.280029296875,2558.97998046875,5751120000,0.032966590569974794,0.060753772996103614,0.96443624733937
2020-03-31,2584.590087890625,2641.389892578125,2571.14990234375,2614.68994140625,6576210000,-0.016142310788415843,0.05966257279422582,0.9471139811508573
2020-04-01,2470.5,2522.75,2447.489990234375,2498.080078125,5964000000,-0.04514636273278691,0.06005061473377517,0.9532739559727217
2020-04-02,2526.89990234375,2533.219970703125,2455.7900390625,2458.5400390625,6464190000,0.022572657056960366,0.05939552238935938,0.942874687398083
2020-04-03,2488.64990234375,2538.179931640625,2459.9599609375,2514.919921875,6096970000,-0.015252860825944299,0.05914946958332019,0.9389687201930671
2020-04-06,2663.679931640625,2676.85009765625,2574.570068359375,2578.280029296875,6403840000,0.06796824414483035,0.06145398343420794,0.9755517434471838
2020-04-07,2659.409912109375,2756.889892578125,2657.669921875,2738.64990234375,7050410000,-0.001604339048362459,0.0590824844736012,0.9379053645419022
2020-04-08,2749.97998046875,2760.75,2663.300048828125,2685.0,5875710000,0.033489371191284686,0.05854745865985183,0.9294120930528175
2020-04-09,2789.820068359375,2818.570068359375,2762.360107421875,2776.989990234375,7899550000,0.014383470303699339,0.05759476206161052,0.9142885034097551
2020-04-13,2761.6298828125,2782.4599609375,2721.169921875,2782.4599609375,5319530000,-0.01015605944467711,0.05287892587728516,0.8394269248050872
2020-04-14,2846.06005859375,2851.85009765625,2805.10009765625,2805.10009765625,5615730000,0.03011455957230757,0.04968870286881631,0.7887837045616178
2020-04-15,2783.360107421875,2801.8798828125,2761.5400390625,2795.639892578125,5208000000,-0.022276732672369248,0.04035090276259141,0.6405507233205961
2020-04-16,2799.550048828125,2806.510009765625,2764.320068359375,2799.340087890625,5228810000,0.0057998378395412884,0.038629788613949397,0.6132288832290277
2020-04-17,2874.56005859375,2879.219970703125,2830.8798828125,2842.429931640625,5804810000,0.026440932021320578,0.036495885130390704,0.5793542155931635
2020-04-20,2823.159912109375,2868.97998046875,2820.429931640625,2845.6201171875,5228630000,-0.018042845615347775,0.03695289172088061,0.5866089703088864
2020-04-21,2736.56005859375,2785.5400390625,2727.10009765625,2784.81005859375,5121010000,-0.031155115236330667,0.03613097240498707,0.5735614056631985
2020-04-22,2799.31005859375,2815.10009765625,2775.949951171875,2787.889892578125,5084920000,0.02267130058213675,0.03517919477140879,0.5584524041319083
2020-04-23,2797.800048828125,2844.89990234375,2794.260009765625,2810.419921875,5773530000,-0.0005395676601955963,0.03020459700005791,0.4794831126784849
2020-04-24,2836.739990234375,2842.7099609375,2791.760009765625,2812.639892578125,5382810000,0.013822090566839217,0.030228801783164307,0.47986735169831163
2020-04-27,2878.47998046875,2887.719970703125,2852.889892578125,2854.64990234375,5203930000,0.014606868181735996,0.02767557367281336,0.4393361119758637
2020-04-28,2863.389892578125,2921.14990234375,2860.7099609375,2909.9599609375,5691160000,-0.005256170190483643,0.026346387151923147,0.4182359300940957
2020-04-29,2939.510009765625,2954.860107421875,2912.159912109375,2918.4599609375,6645640000,0.02623670404507307,0.026036988213821746,0.4133243742173531
2020-04-30,2912.429931640625,2930.909912109375,2892.469970703125,2930.909912109375,6544980000,-0.009255143319054839,0.025794870324912948,0.4094808718852772
2020-05-01,2830.7099609375,2869.090087890625,2821.610107421875,2869.090087890625,4759810000,-0.028460211014775954,0.024368277828116507,0.38683441807275265
2020-05-04,2842.739990234375,2844.239990234375,2797.85009765625,2815.010009765625,4735930000,0.0042408225788494016,0.024089773804304795,0.3824133037559331
2020-05-05,2868.43994140625,2898.22998046875,2863.550048828125,2868.8798828125,5140290000,0.008999935197779802,0.02361635851050462,0.37489806895043404
2020-05-06,2848.419921875,2891.110107421875,2847.64990234375,2883.139892578125,4892570000,-0.007003880399042588,0.01914480368144404,0.3039143366415286
2020-05-07,2881.18994140625,2901.919921875,2876.47998046875,2878.260009765625,5178790000,0.011438955754890805,0.01919289798420617,0.3046778100290545
2020-05-08,2929.800048828125,2932.159912109375,2902.8798828125,2908.830078125,4876030000,0.016730795065226244,0.018221137412345375,0.28925158918680505
2020-05-11,2930.18994140625,2944.25,2903.43994140625,2915.4599609375,4819730000,0.0001330693667907644,0.01804109872331319,0.2863935636015095
2020-05-12,2870.1201171875,2945.820068359375,2869.590087890625,2939.5,5119630000,-0.020713365772047604,0.01854666202457741,0.29441913220438526
2020-05-13,2820.0,2874.139892578125,2793.14990234375,2865.860107421875,6151650000,-0.017616996624280044,0.017818136488533847,0.2828541478515975
2020-05-14,2852.5,2852.800048828125,2766.639892578125,2794.5400390625,5651130000,0.01145891780407149,0.017262869856799267,0.2740395633381844
2020-05-15,2863.699951171875,2865.010009765625,2816.780029296875,2829.949951171875,5507700000,0.003918675203723029,0.01724250401423666,0.27371626561021867
2020-05-18,2953.909912109375,2968.090087890625,2913.860107421875,2913.860107421875,6373670000,0.031015208770073424,0.017604023572565547,0.2794552106827635
2020-05-19,2922.93994140625,2964.2099609375,2922.35009765625,2948.590087890625,4984330000,-0.010539747711599283,0.01726475610953328,0.2740695066720485
2020-05-20,2971.610107421875,2980.2900390625,2953.6298828125,2953.6298828125,5005380000,0.0165139906134157,0.015807615868695717,0.2509381224564427
2020-05-21,2948.510009765625,2978.5,2938.570068359375,2969.949951171875,4976620000,-0.007803968309953686,0.015393939496144192,0.2443712136262349
2020-05-22,2955.449951171875,2956.760009765625,2933.590087890625,2948.050048828125,3970860000,0.002350945686812366,0.01537857372101011,0.24412728950799575
2020-05-26,2991.77001953125,3021.719970703125,2988.169921875,3004.080078125,5848500000,0.01221428502146052,0.015323870203718535,0.2432588980924316
2020-05-27,3036.1298828125,3036.25,2969.75,3015.64990234375,6398000000,0.014718447490314346,0.01532828435909531,0.24332897063668366
2020-05-28,3029.72998046875,3068.669921875,3023.39990234375,3046.610107421875,5447020000,-0.0021101393249195488,0.015263524914154659,0.2423009463185504
2020-05-29,3044.31005859375,3049.169921875,2998.610107421875,3025.169921875,7297550000,0.004800793552307952,0.014296126787575442,0.22694397714824005
2020-06-01,3055.72998046875,3062.179931640625,3031.5400390625,3038.780029296875,4684170000,0.003744216478364391,0.014079292266501803,0.22350183583775218
2020-06-02,3080.820068359375,3081.070068359375,3051.639892578125,3064.780029296875,5197150000,0.008177307282398658,0.012226818167153299,0.19409472117536516
2020-06-03,3122.8701171875,3130.93994140625,3098.89990234375,3098.89990234375,6005560000,0.01355667081256392,0.012402516051265407,0.19688383861881048
2020-06-04,3112.35009765625,3128.909912109375,3090.409912109375,3111.56005859375,6451290000,-0.003374389083608904,0.012470575542748058,0.19796424955173417
2020-06-05,3193.929931640625,3211.719970703125,3163.840087890625,3163.840087890625,8639300000,0.025874012821635813,0.013083773039122197,0.20769845803157458
2020-06-08,3232.389892578125,3233.1298828125,3196.0,3199.919921875,8498300000,0.011969656405806002,0.01309642193714789,0.20789925306278456
2020-06-09,3207.179931640625,3222.7099609375,3193.110107421875,3213.320068359375,6410930000,-0.007829743419721978,0.013137780148871863,0.20855579432013652
2020-06-10,3190.139892578125,3223.27001953125,3181.489990234375,3213.419921875,6598870000,-0.005327255735182077,0.013277816844633653,0.21077880794858997
2020-06-11,3002.10009765625,3123.530029296875,2999.489990234375,3123.530029296875,7037320000,-0.06075269299628893,0.01875584263326583,0.2977397714225053
2020-06-12,3041.31005859375,3088.419921875,2984.469970703125,3071.0400390625,5845330000,0.012976286605211731,0.01832770694528141,0.2909433280757154
2020-06-15,3066.590087890625,3079.760009765625,2965.659912109375,2993.760009765625,5757480000,0.00827786081817526,0.018272547806847467,0.2900677038987426
2020-06-16,3124.739990234375,3153.449951171875,3076.06005859375,3131.0,5845810000,0.018784852866710527,0.018577199505601192,0.29490389968711694
2020-06-17,3113.489990234375,3141.159912109375,3108.030029296875,3136.1298828125,4560450000,-0.0036067962326294138,0.017583914049154183,0.2791359818951805
2020-06-18,3115.340087890625,3120.0,3093.510009765625,3101.639892578125,4448690000,0.0005940434038017573,0.01733703245371561,0.27521685806632457
2020-06-19,3097.739990234375,3155.530029296875,3083.110107421875,3140.2900390625,8346650000,-0.005665513565673728,0.017149449918343936,0.27223907763297006
2020-06-22,3117.860107421875,3120.919921875,3079.389892578125,3094.419921875,4686690000,0.006474093296658384,0.017024762619640917,0.27025972812887034
2020-06-23,3131.2900390625,3154.89990234375,3127.1201171875,3138.699951171875,4711850000,0.004298169191483789,0.017028301139930466,0.2703159003970422
2020-06-24,3050.330078125,3115.010009765625,3032.1298828125,3114.39990234375,5597680000,-0.0261952655956623,0.01799642462951069,0.285684384348018
2020-06-25,3083.760009765625,3086.25,3024.010009765625,3046.60009765625,4847690000,0.01089982772821816,0.017868904446275355,0.2836600641961255
2020-06-26,3009.050048828125,3073.72998046875,3004.6298828125,3073.199951171875,8107850000,-0.024525204274831163,0.01869798409767347,0.2968212956441067
2020-06-29,3053.239990234375,3053.889892578125,2999.739990234375,3018.590087890625,4473970000,0.01457888811353358,0.018952062963398606,0.3008546725967432
2020-06-30,3100.2900390625,3111.510009765625,3047.830078125,3050.199951171875,4705850000,0.015292349435755562,0.019227426703265743,0.30522593645138196
2020-07-01,3115.860107421875,3128.43994140625,3101.169921875,3105.919921875,4449230000,0.005009563975870565,0.019178107183541966,0.3044430133475604
2020-07-02,3130.010009765625,3165.81005859375,3124.52001953125,3143.639892578125,4197720000,0.0045309704768169146,0.018971800830521895,0.3011680015236576
2020-07-06,3179.719970703125,3182.590087890625,3155.2900390625,3155.2900390625,4759160000,0.01575693083216329,0.019253426944068536,0.30563867747853385
2020-07-07,3145.320068359375,3184.14990234375,3142.929931640625,3166.43994140625,4571330000,-0.010877477869643567,0.01853831425647096,0.2942866154939126
2020-07-08,3169.93994140625,3171.800048828125,3136.530029296875,3153.070068359375,4937310000,0.007796986263430269,0.018417353857041536,0.29236642868164886
2020-07-09,3152.050048828125,3179.780029296875,3115.699951171875,3176.169921875,4843650000,-0.005659591476194623,0.018382753410909513,0.2918171636273455
2020-07-10,3185.0400390625,3186.820068359375,3136.219970703125,3152.469970703125,4524190000,0.010411809774443004,0.018510446901850625,0.2938442349537767
2020-07-13,3155.219970703125,3235.320068359375,3149.429931640625,3205.080078125,4902440000,-0.009406645216058874,0.012515207199897429,0.19867275514424176
2020-07-14,3197.52001953125,3200.949951171875,3127.659912109375,3141.110107421875,4507140000,0.01331730058290395,0.012529871381909962,0.19890554181695386
2020-07-15,3226.56005859375,3238.280029296875,3200.760009765625,3225.97998046875,4686830000,0.009041056936355048,0.012548910170245838,0.1992077732121582
2020-07-16,3215.570068359375,3220.389892578125,3198.590087890625,3208.360107421875,3972860000,-0.0034119152141152374,0.012025614688194719,0.19090071496589267
2020-07-17,3224.72998046875,3233.52001953125,3205.64990234375,3224.2099609375,4012850000,0.0028445625875835605,0.011974563938412397,0.1900903094368882
2020-07-20,3251.840087890625,3258.610107421875,3215.159912109375,3224.2900390625,3979340000,0.008371797255140334,0.012059547073779374,0.19143937488778157
2020-07-21,3257.300048828125,3277.2900390625,3247.77001953125,3268.52001953125,4556610000,0.0016776293345600682,0.011930658670055896,0.18939333490898708
2020-07-22,3276.02001953125,3279.320068359375,3253.10009765625,3254.860107421875,4267160000,0.005730630594473862,0.01191903632294495,0.18920883586834847
2020-07-23,3235.659912109375,3279.989990234375,3222.659912109375,3271.639892578125,4296760000,-0.012396378412246847,0.012332614306773564,0.1957741828260005
2020-07-24,3215.6298828125,3227.260009765625,3200.050048828125,3218.580078125,3689410000,-0.006209640024276134,0.010753619944229542,0.17070842439681386
2020-07-27,3239.409912109375,3241.429931640625,3214.25,3219.840087890625,3970310000,0.007367928821482373,0.010642942332128503,0.16895147177288292
2020-07-28,3218.43994140625,3243.719970703125,3216.169921875,3234.27001953125,4053180000,-0.006494435418646306,0.008961296578720251,0.14225617303192642
2020-07-29,3258.43994140625,3264.739990234375,3227.219970703125,3227.219970703125,4478200000,0.012351783351742583,0.008832190896717503,0.14020668386737845
2020-07-30,3246.219970703125,3250.919921875,3204.1298828125,3231.760009765625,4264920000,-0.0037573017634548516,0.008488643277600771,0.13475303448523118
2020-07-31,3271.1201171875,3272.169921875,3220.260009765625,3270.449951171875,5007530000,0.0076412362421762695,0.008551538280829819,0.13575146170874716
2020-08-03,3294.610107421875,3302.72998046875,3284.530029296875,3288.260009765625,4438940000,0.007155362664358673,0.008604544418990506,0.13659290806594582
2020-08-04,3306.510009765625,3306.840087890625,3286.3701171875,3289.919921875,4414380000,0.003605423026133557,0.008055319138804926,0.12787422703522094
2020-08-05,3327.77001953125,3330.77001953125,3317.3701171875,3317.3701171875,4535060000,0.006409160435517922,0.0075561858555991705,0.11995073180459533
2020-08-06,3349.159912109375,3351.030029296875,3318.139892578125,3323.169921875,4278930000,0.006407126020664802,0.007515147899391164,0.11929927444595086
2020-08-07,3351.280029296875,3352.5400390625,3328.719970703125,3340.050048828125,4110030000,0.0006328292699566697,0.007290660325283139,0.11573564468486676
2020-08-10,3360.469970703125,3363.2900390625,3335.43994140625,3356.0400390625,4327920000,0.0027384652733919213,0.007085739413676414,0.1124826260615785
2020-08-11,3333.68994140625,3381.010009765625,3326.43994140625,3370.340087890625,4880540000,-0.008001055401377298,0.006972856494763012,0.11069066527730692
2020-08-12,3380.35009765625,3387.889892578125,3355.4599609375,3355.4599609375,3772250000,0.013899502293613534,0.0070185228446761625,0.11141559610823243
2020-08-13,3373.429931640625,3387.239990234375,3363.35009765625,3372.949951171875,3438730000,-0.002049272676156681,0.006930097609822029,0.11001188902195333
2020-08-14,3372.85009765625,3378.510009765625,3361.639892578125,3368.659912109375,3200060000,-0.00017189739627902921,0.006836219346013607,0.10852161778464371
2020-08-17,3381.989990234375,3387.590087890625,3379.219970703125,3380.860107421875,3460330000,0.002706177507423456,0.006835708505977625,0.10851350845047406
2020-08-18,3389.780029296875,3395.06005859375,3370.14990234375,3387.0400390625,3669550000,0.0023007404198168474,0.006691488403296998,0.10622408529597922
2020-08-19,3374.85009765625,3399.5400390625,3369.659912109375,3392.510009765625,3679480000,-0.004414123345182018,0.006835662849608517,0.10851278367808351
2020-08-20,3385.510009765625,3390.800048828125,3354.68994140625,3360.47998046875,3431040000,0.0031536547683461333,0.006782388335776389,0.10766707698917741
2020-08-21,3397.159912109375,3399.9599609375,3379.31005859375,3386.010009765625,3505010000,0.0034351999829724668,0.005985994899154357,0.09502472311478156
2020-08-24,3431.280029296875,3432.090087890625,3413.1298828125,3418.090087890625,3743410000,0.009993615364903508,0.005874906031078438,0.09326124200464228
2020-08-25,3443.6201171875,3444.2099609375,3425.840087890625,3435.949951171875,3627650000,0.003589899745540117,0.005794683730817346,0.09198775246808788
2020-08-26,3478.72998046875,3481.070068359375,3444.14990234375,3449.969970703125,3780530000,0.010144001344841499,0.005577798912790376,0.08854481271821872
2020-08-27,3484.550048828125,3501.3798828125,3468.35009765625,3485.139892578125,3955890000,0.0016716460318091384,0.005225599168712961,0.08295381511032211
2020-08-28,3508.010009765625,3509.22998046875,3484.320068359375,3494.68994140625,3868510000,0.006710002849570254,0.005024667745143687,0.07976412764626722
2020-08-31,3500.31005859375,3514.77001953125,3493.25,3509.72998046875,4348280000,-0.002197375175508541,0.0050963154648248805,0.08090149993595507
2020-09-01,3526.64990234375,3528.030029296875,3494.60009765625,3507.43994140625,4101490000,0.007496831420705943,0.005110010075112785,0.08111889513469751
2020-09-02,3580.840087890625,3588.110107421875,3535.22998046875,3543.760009765625,4295640000,0.01524905014386973,0.005743905958801299,0.09118168032678152
2020-09-03,3455.06005859375,3564.85009765625,3427.409912109375,3564.739990234375,4911830000,-0.0357575941421853,0.01032664393860378,0.16393039043674895
2020-09-04,3426.9599609375,3479.14990234375,3349.6298828125,3453.60009765625,4438720000,-0.008166280754275102,0.010489076865341257,0.1665089332100034
2020-09-08,3331.840087890625,3379.969970703125,3329.27001953125,3371.8798828125,4694330000,-0.02814882908646679,0.012279802178469527,0.1949358162797974
2020-09-09,3398.9599609375,3424.77001953125,3366.840087890625,3369.820068359375,3932520000,0.019944760662180386,0.013041473308363086,0.20702697062289302
2020-09-10,3339.18994140625,3425.550048828125,3329.25,3412.56005859375,4208630000,-0.017741245925395586,0.013524759329745464,0.2146988983710427
2020-09-11,3340.969970703125,3368.949951171875,3310.469970703125,3352.699951171875,3710090000,0.0005329301580873496,0.013151161138955933,0.20876821095248613
2020-09-14,3383.5400390625,3402.929931640625,3363.56005859375,3363.56005859375,3839580000,0.012661335025022992,0.013456007962386322,0.2136075042490751
2020-09-15,3401.199951171875,3419.47998046875,3389.25,3407.72998046875,4057190000,0.005205785930499657,0.013500822024184334,0.2143189054256124
2020-09-16,3385.489990234375,3428.919921875,3384.449951171875,3411.22998046875,4718900000,-0.0046296468921518345,0.01353299556896536,0.21482964461532839
2020-09-17,3357.010009765625,3375.169921875,3328.820068359375,3346.860107421875,4379840000,-0.008447949528552457,0.013646375064790646,0.21662948831369394
2020-09-18,3319.469970703125,3362.27001953125,3292.39990234375,3357.3798828125,7076400000,-0.011245576947828505,0.013825532460279535,0.21947352379770382
2020-09-21,3281.06005859375,3285.570068359375,3229.10009765625,3285.570068359375,4836070000,-0.011638564027297718,0.013990512254277181,0.22209249683531446
2020-09-22,3315.570068359375,3320.31005859375,3270.949951171875,3295.75,3974510000,0.010463016398376152,0.014196805774805194,0.22536730494972115
2020-09-23,3236.919921875,3323.35009765625,3232.570068359375,3320.110107421875,4378650000,-0.02400733891437413,0.014787992151115328,0.23475209773095754
2020-09-24,3246.590087890625,3278.699951171875,3209.449951171875,3226.139892578125,4601920000,0.0029830055546290505,0.014775515707381899,0.2345540403267667
2020-09-25,3298.4599609375,3306.8798828125,3228.43994140625,3236.659912109375,3803330000,0.015850439224188495,0.015075016600540052,0.23930846961119587
2020-09-28,3351.60009765625,3360.739990234375,3332.909912109375,3333.89990234375,3950910000,0.0159821918538544,0.015589305872763913,0.24747255870871226
2020-09-29,3335.469970703125,3357.919921875,3327.5400390625,3350.919921875,3661590000,-0.004824282704443997,0.015475319954462207,0.24566308835197442
2020-09-30,3363.0,3393.56005859375,3340.469970703125,3341.2099609375,4738640000,0.00821984256837961,0.015648191697873917,0.24840734220263977
2020-10-01,3380.800048828125,3397.179931640625,3361.389892578125,3385.8701171875,4076340000,0.0052789495642950775,0.015588931580070964,0.24746661699641373
2020-10-02,3348.419921875,3369.10009765625,3323.68994140625,3338.93994140625,3975180000,-0.009623812866370861,0.015150692276270934,0.24050978372087994
2020-10-05,3408.60009765625,3409.570068359375,3367.27001953125,3367.27001953125,3692720000,0.017813109002900934,0.013847924514589932,0.2198289866399988
2020-10-06,3360.969970703125,3431.56005859375,3354.5400390625,3408.739990234375,4453390000,-0.014072064387523205,0.01406655543632391,0.2232996449269004
2020-10-07,3419.43994140625,3426.260009765625,3384.56005859375,3384.56005859375,3814750000,0.017247163770241564,0.013130877847270342,0.20844622367906698
2020-10-08,3446.830078125,3447.280029296875,3428.14990234375,3434.280029296875,3867640000,0.007978212894869286,0.01252400754641319,0.19881245631423314
2020-10-09,3477.139892578125,3482.340087890625,3458.070068359375,3459.669921875,3944090000,0.008755095180752877,0.011895780929847765,0.18883966794769128
2020-10-12,3534.219970703125,3549.85009765625,3499.610107421875,3500.02001953125,3435760000,0.01628253015832422,0.01229328217623772,0.19514980461040748
2020-10-13,3511.929931640625,3534.010009765625,3500.860107421875,3534.010009765625,3611100000,-0.006326891629163268,0.012220343260547798,0.19399193521952204
2020-10-14,3488.669921875,3527.93994140625,3480.550048828125,3515.469970703125,3858510000,-0.0066451720840594065,0.01232708613490829,0.19568642581823847
2020-10-15,3483.340087890625,3489.080078125,3440.889892578125,3453.719970703125,3724550000,-0.001528923514213078,0.012272099830450306,0.19481354529557662
2020-10-16,3483.81005859375,3515.760009765625,3480.449951171875,3493.5,4688030000,0.00013491045663045577,0.012070502389431473,0.19161328513227957
2020-10-19,3426.919921875,3502.419921875,3419.929931640625,3493.659912109375,4091080000,-0.016464663514942676,0.012400996687949738,0.196859719473904
2020-10-20,3443.1201171875,3476.929931640625,3435.64990234375,3439.3798828125,3917850000,0.0047161953200011274,0.012041851379127893,0.19115846444383544
2020-10-21,3435.56005859375,3464.860107421875,3433.06005859375,3439.909912109375,4103960000,-0.0021981140115702774,0.011928917911673227,0.1893657012263479
2020-10-22,3453.489990234375,3460.530029296875,3415.340087890625,3438.5,4172060000,0.0052053540034913415,0.010385521013124276,0.16486503501937447
2020-10-23,3465.389892578125,3466.4599609375,3440.449951171875,3464.89990234375,3651600000,0.003439838320389479,0.010385777432748555,0.16486910555471718
2020-10-26,3400.969970703125,3441.419921875,3364.860107421875,3441.419921875,4002210000,-0.018764472985322012,0.010991149761639028,0.17447909335178233
2020-10-27,3390.679931640625,3409.510009765625,3388.7099609375,3403.14990234375,3962400000,-0.003030205350445511,0.010507289935745411,0.1667980567394052
2020-10-28,3271.030029296875,3342.47998046875,3268.889892578125,3342.47998046875,5139970000,-0.03592554210857772,0.01315999605042339,0.2089084608240751
2020-10-29,3310.110107421875,3341.050048828125,3259.820068359375,3277.169921875,4911860000,0.01187652493999744,0.013310434293813136,0.21129659390217118
2020-10-30,3269.9599609375,3304.929931640625,3233.93994140625,3293.590087890625,4843930000,-0.012203713445259962,0.013460067406259884,0.21367194592277913
2020-11-02,3310.239990234375,3330.139892578125,3279.739990234375,3296.199951171875,4314690000,0.012242950890591667,0.013651725319553174,0.21671442097500887
2020-11-03,3369.159912109375,3389.489990234375,3336.25,3336.25,4241380000,0.01764273768407783,0.01364031518420281,0.21653329069163296
2020-11-04,3443.43994140625,3486.25,3405.169921875,3406.4599609375,4790400000,0.021807525655091704,0.01410173058533019,0.22385803310650193
2020-11-05,3510.449951171875,3529.050048828125,3485.739990234375,3485.739990234375,4858150000,0.01927326577670128,0.014223742625039565,0.2257949141906624
2020-11-06,3509.43994140625,3521.580078125,3484.340087890625,3508.340087890625,4842460000,-0.00028775658537381985,0.014142406146517449,0.2245037376225388
2020-11-09,3550.5,3645.989990234375,3547.47998046875,3583.0400390625,8570510000,0.011631974746344153,0.01423635814379121,0.22599517934232394
2020-11-10,3545.530029296875,3557.219970703125,3511.909912109375,3543.260009765625,6037470000,-0.001400775220867666,0.013803243361813163,0.2191196953287647
2020-11-11,3572.659912109375,3581.159912109375,3557.0,3563.219970703125,4635560000,0.007622728362991461,0.013811509624735272,0.21925091818454734
2020-11-12,3537.010009765625,3569.02001953125,3518.580078125,3562.669921875,4909660000,-0.01002865154706935,0.013922196295558858,0.22100801461124062
2020-11-13,3585.14990234375,3593.659912109375,3552.570068359375,3552.570068359375,4719580000,0.013518546706294007,0.014188835805619178,0.22524078561118288
2020-11-16,3626.909912109375,3628.510009765625,3600.159912109375,3600.159912109375,5295510000,0.011580734922832603,0.014357775468022691,0.2279226196109523
2020-11-17,3609.530029296875,3623.110107421875,3588.679931640625,3610.31005859375,4812180000,-0.004803443784647531,0.013827003478694611,0.21949687549110555
2020-11-18,3567.7900390625,3619.090087890625,3567.330078125,3612.090087890625,5284810000,-0.011631210647481315,0.014150732846942007,0.2246359198939295
2020-11-19,3581.8701171875,3585.219970703125,3543.840087890625,3559.409912109375,4363370000,0.003938675690732779,0.014129693575691995,0.22430193181696811
2020-11-20,3557.5400390625,3581.22998046875,3556.85009765625,3579.31005859375,4236370000,-0.006815737372918576,0.014235850583283123,0.22598712206904564
2020-11-23,3577.590087890625,3589.81005859375,3552.77001953125,3566.820068359375,5057550000,0.005620108181849693,0.01425929850745356,0.2263593463257397
2020-11-24,3635.409912109375,3642.31005859375,3594.52001953125,3594.52001953125,6280290000,0.016032458814031775,0.01379896698869183,0.2190518100100105
2020-11-25,3629.64990234375,3635.5,3617.760009765625,3635.5,4910440000,-0.0015856747555094064,0.013770061335460876,0.21859294699041265
2020-11-27,3638.35009765625,3644.31005859375,3629.330078125,3638.550048828125,2778390000,0.0023941110259011363,0.010461606337253876,0.16607285209578643
2020-11-30,3621.6298828125,3634.179931640625,3594.389892578125,3634.179931640625,6308410000,-0.004606140636972006,0.01054323469184397,0.16736866205284714
2020-12-01,3662.449951171875,3678.449951171875,3645.8701171875,3645.8701171875,5418480000,0.011208140661592923,0.009932879076176468,0.1576795670306396
2020-12-02,3669.010009765625,3670.9599609375,3644.840087890625,3653.780029296875,5041250000,0.0017895645286042845,0.009834130064899057,0.15611197507431832
2020-12-03,3666.719970703125,3682.72998046875,3657.169921875,3668.280029296875,5065340000,-0.0006243520802942291,0.009451072968204934,0.1500311321795719
2020-12-04,3699.1201171875,3699.199951171875,3670.93994140625,3670.93994140625,5099620000,0.00879746371518688,0.008617101850711564,0.1367922511145834
2020-12-07,3691.9599609375,3697.409912109375,3678.8798828125,3694.72998046875,4804500000,-0.001937513438963252,0.007876059463967128,0.12502856791688224
2020-12-08,3702.25,3708.449951171875,3678.830078125,3683.050048828125,4584390000,0.002783271170170473,0.007852121158952797,0.12464855910562427
2020-12-09,3672.820068359375,3712.389892578125,3660.5400390625,3705.97998046875,5232800000,-0.00798096494847171,0.007883827864157854,0.12515188744681915
2020-12-10,3668.10009765625,3678.489990234375,3645.179931640625,3659.1298828125,4658480000,-0.0012859345277717227,0.007881672431319422,0.12511767101127
2020-12-11,3663.4599609375,3665.909912109375,3633.39990234375,3656.080078125,4375470000,-0.0012657980842328352,0.007781129332430835,0.12352159879705216
2020-12-14,3647.489990234375,3697.610107421875,3645.840087890625,3675.27001953125,4623850000,-0.0043687882451469585,0.007464509353911761,0.11849541245739566
2020-12-15,3694.6201171875,3695.2900390625,3659.6201171875,3666.409912109375,4387080000,0.012838482022218645,0.0074108825220027446,0.11764411289240653
2020-12-16,3701.169921875,3711.27001953125,3688.570068359375,3696.25,4067040000,0.0017712256203230642,0.007039050821188449,0.11174146763285774
2020-12-17,3722.47998046875,3725.1201171875,3710.8701171875,3713.64990234375,4192810000,0.0057411428089832834,0.006982849307543601,0.11084929626239971
2020-12-18,3709.409912109375,3726.699951171875,3685.840087890625,3722.389892578125,7097100000,-0.003517296952148704,0.006423957042511707,0.10197715660468776
2020-12-21,3694.919921875,3702.89990234375,3636.47998046875,3684.280029296875,4748580000,-0.003913928486909485,0.006524283885889999,0.10356979586910628
2020-12-22,3687.260009765625,3698.260009765625,3676.159912109375,3698.080078125,4053310000,-0.0020752446917703606,0.006301106189103271,0.10002695976586312
2020-12-23,3690.010009765625,3711.239990234375,3689.280029296875,3693.419921875,3779160000,0.0007455332718186887,0.006239167098169255,0.0990437071795942
2020-12-24,3703.06005859375,3703.820068359375,3689.320068359375,3694.030029296875,1883780000,0.0035303499794869524,0.005307372362073465,0.08425192431158307
2020-12-28,3735.360107421875,3740.510009765625,3723.030029296875,3723.030029296875,3535460000,0.0086847075384115,0.005537221633880225,0.08790066838496292
2020-12-29,3727.0400390625,3756.1201171875,3723.31005859375,3750.010009765625,3393290000,-0.002229864827278697,0.005586059664702804,0.08867594808943483
2020-12-30,3732.0400390625,3744.6298828125,3730.2099609375,3736.18994140625,3154850000,0.0013406480950792154,0.005428341266522906,0.086172246136854
2020-12-31,3756.070068359375,3760.199951171875,3726.8798828125,3733.27001953125,3179040000,0.006418204711703793,0.005086824978389182,0.08075084313437572
2021-01-04,3700.64990234375,3769.989990234375,3662.7099609375,3764.610107421875,5015000000,-0.014864762712025787,0.006172931765963327,0.09799225387745839
2021-01-05,3726.860107421875,3737.830078125,3695.070068359375,3698.02001953125,4591020000,0.007057631383362026,0.006334152857290867,0.100551559359965
2021-01-06,3748.139892578125,3783.0400390625,3705.340087890625,3712.199951171875,6064110000,0.005693603382474094,0.00617171743274612,0.09797297693524942
2021-01-07,3803.7900390625,3811.550048828125,3764.7099609375,3764.7099609375,5099160000,0.014738260107752971,0.006859717666986083,0.10889464206576818
2021-01-08,3824.679931640625,3826.68994140625,3783.60009765625,3815.050048828125,4773040000,0.00547683739351537,0.006911451394142844,0.10971588952447574
2021-01-11,3799.610107421875,3817.860107421875,3789.02001953125,3803.139892578125,4465430000,-0.006576327616621317,0.006820811158345712,0.10827702038830295
2021-01-12,3801.18994140625,3810.780029296875,3776.510009765625,3801.6201171875,4994950000,0.000415702030569564,0.0067946687552677765,0.10786202260499599
2021-01-13,3809.840087890625,3820.9599609375,3791.5,3802.22998046875,4602510000,0.0022730563867261076,0.006761311499208077,0.10733249258127517
2021-01-14,3795.5400390625,3823.60009765625,3792.860107421875,3814.97998046875,5198480000,-0.003760513068743101,0.006734517448381527,0.10690715021065672
2021-01-15,3768.25,3788.72998046875,3749.6201171875,3788.72998046875,5369820000,-0.007216000798278504,0.006523645751337263,0.10355966579712907
2021-01-19,3798.909912109375,3804.530029296875,3780.3701171875,3781.8798828125,5014440000,0.008103457635761657,0.006707749704004623,0.1064822254419801
2021-01-20,3851.85009765625,3859.75,3816.219970703125,3816.219970703125,4566190000,0.013839417376510862,0.007194514459712674,0.11420937638554778
2021-01-21,3853.070068359375,3861.449951171875,3845.050048828125,3857.4599609375,4501760000,0.00031667316131354906,0.007105544498705218,0.11279702203966271
2021-01-22,3841.469970703125,3852.31005859375,3830.409912109375,3844.239990234375,5110890000,-0.0030151526629377105,0.007071974978299476,0.11226412242391091
2021-01-25,3855.360107421875,3859.22998046875,3797.159912109375,3851.679931640625,7000840000,0.0036093175130174657,0.007022750385814497,0.11148270624328839
2021-01-26,3849.6201171875,3870.89990234375,3847.780029296875,3862.9599609375,6137500000,-0.001489943161153501,0.007061508199521132,0.11209796746185835
2021-01-27,3750.77001953125,3836.830078125,3732.47998046875,3836.830078125,9976520000,-0.02601331512610035,0.00932499367004335,0.14802968536911723
2021-01-28,3787.3798828125,3830.5,3755.75,3755.75,6992770000,0.009713298778760395,0.00937211215275288,0.1487776680935419
2021-01-29,3714.239990234375,3778.050048828125,3694.1201171875,3778.050048828125,6643370000,-0.019500377654792,0.010345450450964796,0.16422893456516321
2021-02-01,3773.860107421875,3784.320068359375,3725.6201171875,3731.169921875,5436230000,0.015924300234678626,0.010924750389736162,0.1734250360001871
2021-02-02,3826.31005859375,3843.090087890625,3791.840087890625,3791.840087890625,5514090000,0.013802528814310624,0.011238074799943792,0.17839890681475937
2021-02-03,3830.169921875,3847.510009765625,3816.679931640625,3840.27001953125,4864870000,0.0010082606153447803,0.010644095899942368,0.16896978409421853
2021-02-04,3871.739990234375,3872.419921875,3836.659912109375,3836.659912109375,4879240000,0.010794847643921975,0.010769737586701522,0.17096428403902292
2021-02-05,3886.830078125,3894.56005859375,3874.929931640625,3878.300048828125,4879470000,0.003889919607763825,0.010744430422583688,0.1705625452631584
2021-02-08,3915.590087890625,3915.77001953125,3892.590087890625,3892.590087890625,4648360000,0.007372107476289037,0.010413677083944198,0.16531199878709188
2021-02-09,3911.22998046875,3918.35009765625,3902.639892578125,3910.489990234375,4568320000,-0.0011141454217211749,0.010383289454948267,0.1648296101315551
2021-02-10,3909.8798828125,3931.5,3884.93994140625,3920.780029296875,4837070000,-0.0003452445223915674,0.010242062381144392,0.1625876998375086
2021-02-11,3916.3798828125,3925.989990234375,3890.389892578125,3916.39990234375,4590960000,0.0016610748145877074,0.010239912628062793,0.16255357356530395
2021-02-12,3934.830078125,3937.22998046875,3905.780029296875,3911.64990234375,4135060000,0.004699970926162608,0.010263670118269522,0.1629307120304763
2021-02-16,3932.590087890625,3950.429931640625,3923.85009765625,3939.610107421875,5058990000,-0.0005694345154154666,0.010204768359421306,0.16199567559629624
2021-02-17,3931.330078125,3933.610107421875,3900.429931640625,3918.5,4730650000,-0.0003204533489169501,0.010013038773046025,0.1589520627691626
2021-02-18,3913.969970703125,3921.97998046875,3885.030029296875,3915.860107421875,4793650000,-0.004425614227243303,0.010005543854990261,0.15883308463352847
2021-02-19,3906.7099609375,3930.409912109375,3903.070068359375,3921.159912109375,4845320000,-0.0018566190956649255,0.009609910847188624,0.1525526053389788
2021-02-22,3876.5,3902.919921875,3874.7099609375,3885.550048828125,5917100000,-0.007762892893710863,0.00978504837206945,0.1553328273553991
2021-02-23,3881.3701171875,3895.97998046875,3805.590087890625,3857.070068359375,6296610000,0.0012555296115265332,0.009757290472806487,0.1548921843651948
2021-02-24,3925.429931640625,3928.64990234375,3859.60009765625,3873.7099609375,6012790000,0.011287667670985945,0.010020266523770544,0.15906679975489527
2021-02-25,3829.340087890625,3925.02001953125,3814.0400390625,3915.800048828125,6547470000,-0.02478339442417185,0.011476565744056685,0.18218483318314166
2021-02-26,3811.14990234375,3861.080078125,3789.5400390625,3839.659912109375,6526070000,-0.004761532293798778,0.009923192267361441,0.15752579370790526
2021-03-01,3901.820068359375,3914.5,3842.510009765625,3842.510009765625,5114820000,0.02351217322569352,0.010949462897161602,0.1738173348937104
2021-03-02,3870.2900390625,3906.409912109375,3868.570068359375,3903.639892578125,5536010000,-0.008113678739508762,0.010111689046341162,0.16051808730860753
2021-03-03,3819.719970703125,3874.469970703125,3818.860107421875,3863.989990234375,6173660000,-0.01315233589480116,0.0100946365559587,0.16024738741588965
2021-03-04,3768.469970703125,3843.669921875,3723.340087890625,3818.530029296875,7195400000,-0.013508038064390469,0.010064517927254988,0.15976926900760777
2021-03-05,3841.93994140625,3851.68994140625,3730.18994140625,3793.580078125,6851070000,0.019308356338709188,0.01097334541811183,0.17419645816040397
2021-03-08,3821.35009765625,3881.06005859375,3819.25,3844.389892578125,5871710000,-0.005373643224025429,0.010753858862000023,0.17071221709884077
2021-03-09,3875.43994140625,3903.760009765625,3851.929931640625,3851.929931640625,5513560000,0.014055400743930569,0.0111872572192777,0.17759220273072468
2021-03-10,3898.81005859375,3917.35009765625,3885.72998046875,3891.989990234375,5847380000,0.006012203770988197,0.011145458606714934,0.176928670326793
2021-03-11,3939.340087890625,3960.27001953125,3915.5400390625,3915.5400390625,5312880000,0.010341825500657608,0.011376671639798127,0.18059906343928345
2021-03-12,3943.340087890625,3944.989990234375,3915.2099609375,3924.52001953125,4476280000,0.0010148833275308508,0.011376441018200524,0.18059540243491815
2021-03-15,3968.93994140625,3970.080078125,3923.5400390625,3942.9599609375,4900100000,0.006470939539413048,0.01145115040333471,0.18178137715692375
2021-03-16,3962.7099609375,3981.0400390625,3953.43994140625,3973.590087890625,4613080000,-0.0015709169785959108,0.011421567794662387,0.1813117678028467
2021-03-17,3974.1201171875,3983.8701171875,3935.739990234375,3949.570068359375,4561660000,0.0028752446501592592,0.011432641161780822,0.18148755205627567
2021-03-18,3915.4599609375,3969.6201171875,3910.860107421875,3953.5,5118590000,-0.014870560065947797,0.011915562317425143,0.18915368774039643
2021-03-19,3913.10009765625,3930.1201171875,3886.75,3913.139892578125,7757420000,-0.0006028856737550234,0.011876798197869038,0.18853832641956944
2021-03-22,3940.590087890625,3955.31005859375,3914.159912109375,3916.47998046875,4316260000,0.007000556898342752,0.011964905502548969,0.1899369865207972
2021-03-23,3910.52001953125,3949.1298828125,3901.570068359375,3937.60009765625,4669010000,-0.007660118119334028,0.011961415374382504,0.18988158245376396
2021-03-24,3889.139892578125,3942.080078125,3889.070068359375,3919.929931640625,4783020000,-0.00548233660034883,0.012027954828073626,0.19093786353480882
2021-03-25,3909.52001953125,3919.5400390625,3853.5,3879.340087890625,4948340000,0.005226583432729291,0.011816819992397221,0.18758620192499528
2021-03-26,3974.5400390625,3978.18994140625,3917.1201171875,3917.1201171875,5483160000,0.016494418658716575,0.010921134491405462,0.17336763539369235
2021-03-29,3971.090087890625,3981.830078125,3943.25,3969.31005859375,4628180000,-0.0008683896263867381,0.010837399965644586,0.17203839100581308
2021-03-30,3958.550048828125,3968.010009765625,3944.35009765625,3963.340087890625,4121510000,-0.0031628294096500294,0.00968689974638948,0.1537747662249673
2021-03-31,3972.889892578125,3994.409912109375,3966.97998046875,3967.25,4578050000,0.003615953592419885,0.00949022429863925,0.150652640282531
2021-04-01,4019.8701171875,4020.6298828125,3992.780029296875,3992.780029296875,4162130000,0.011755830427674127,0.009151207438101664,0.14527091446308907
2021-04-05,4077.909912109375,4083.419921875,4034.43994140625,4034.43994140625,4005030000,0.0143349877622439,0.00873375943187226,0.1386441328043926
2021-04-06,4073.93994140625,4086.22998046875,4068.139892578125,4075.570068359375,4081270000,-0.0009740049407969285,0.008020459146994176,0.12732084182099898
2021-04-07,4079.949951171875,4083.1298828125,4068.31005859375,4074.2900390625,4120810000,0.0014741456981068137,0.00780826677591229,0.12395239235707214
2021-04-08,4097.169921875,4098.18994140625,4082.5400390625,4089.949951171875,3907100000,0.004211750940591775,0.007403846103066215,0.1175324132046474
2021-04-09,4128.7998046875,4129.47998046875,4095.510009765625,4096.10986328125,3640390000,0.007690288135687276,0.007450861599211436,0.11827876106804683
2021-04-12,4127.990234375,4131.759765625,4114.81982421875,4124.7099609375,3588900000,-0.0001960980747395339,0.007265074865892952,0.1153294881085121
2021-04-13,4141.58984375,4148.0,4124.43017578125,4130.10009765625,3734720000,0.0032890718770625686,0.007263045096470382,0.11529726651784657
2021-04-14,4124.66015625,4151.68994140625,4120.8701171875,4141.580078125,3985350000,-0.004096104320730151,0.007327991091689216,0.11632825222983831
2021-04-15,4170.419921875,4173.490234375,4139.759765625,4139.759765625,4033420000,0.011033101401119478,0.007548144004554074,0.11982307137691962
2021-04-16,4185.47021484375,4191.31005859375,4170.75,4174.14013671875,4163820000,0.0036023233905179666,0.007551941557810113,0.11988335566595563
2021-04-19,4163.259765625,4180.81005859375,4150.47021484375,4179.7998046875,3810290000,-0.005320689893757947,0.006694560452811923,0.10627285257016983
2021-04-20,4134.93994140625,4159.18017578125,4118.3798828125,4159.18017578125,4342650000,-0.006825561005077803,0.006989603482648709,0.1109565154682367
2021-04-21,4173.419921875,4175.02001953125,4126.35009765625,4128.419921875,3887250000,0.009263020919853236,0.0070772924132943464,0.112348534087566
2021-04-22,4134.97998046875,4179.56982421875,4123.68994140625,4170.4599609375,4245140000,-0.009253337860554323,0.007201728085738993,0.11432388914864776
2021-04-23,4180.169921875,4194.169921875,4138.77978515625,4138.77978515625,3569880000,0.01086940989553096,0.0071614827666509175,0.11368501451419882
2021-04-26,4187.6201171875,4194.18994140625,4182.35986328125,4185.02978515625,3748320000,0.001780684564582624,0.007157889816884189,0.11362797820486337
2021-04-27,4186.72021484375,4193.35009765625,4176.22021484375,4188.25,3710700000,-0.0002149189814442344,0.006514400024631912,0.1034128944358145
2021-04-28,4183.18017578125,4201.52978515625,4181.77978515625,4185.14013671875,3787360000,-0.0008458975873960478,0.006513824391523502,0.10340375654350689
2021-04-29,4211.47021484375,4218.77978515625,4176.81005859375,4206.14013671875,4298680000,0.0067400415367024095,0.006443139134538789,0.10228166287546543
2021-04-30,4181.169921875,4198.10009765625,4174.85009765625,4198.10009765625,4300880000,-0.0072207134171198275,0.006810551282281494,0.10811414990501335
2021-05-03,4192.66015625,4209.39013671875,4188.02978515625,4191.97998046875,4070220000,0.002744321649512167,0.006469121393600955,0.10269411845133432
2021-05-04,4164.66015625,4179.0400390625,4128.58984375,4179.0400390625,4452460000,-0.0067007374898472305,0.006081290841487933,0.09653749930099072
2021-05-05,4167.58984375,4187.72021484375,4160.93994140625,4177.06005859375,4230920000,0.0007032164471135163,0.006065028412891048,0.09627934125030291
2021-05-06,4201.6201171875,4202.7001953125,4147.330078125,4169.14013671875,4511000000,0.008132299498632055,0.0062575153419572194,0.09933497651994062
2021-05-07,4232.60009765625,4238.0400390625,4201.64013671875,4210.33984375,4016080000,0.007346291419186351,0.006364427967161234,0.1010321618297579
2021-05-10,4188.43017578125,4236.39013671875,4188.1298828125,4228.2900390625,4560700000,-0.010490480503138024,0.006714152808290525,0.10658387157133596
2021-05-11,4152.10009765625,4162.0400390625,4111.52978515625,4150.33984375,4870710000,-0.008711750141781542,0.00702007574845906,0.11144024769154978
2021-05-12,4063.0400390625,4134.72998046875,4056.8798828125,4130.5498046875,4733070000,-0.021682782358302413,0.00845313398063801,0.13418934187126594
2021-05-13,4112.5,4131.580078125,4074.989990234375,4074.989990234375,4779540000,0.012099644578094055,0.008876309782002021,0.1409070494588838
2021-05-14,4173.85009765625,4183.1298828125,4129.580078125,4129.580078125,4008880000,0.014807778563623631,0.009147954442209474,0.14521927475420918
2021-05-17,4163.2900390625,4171.919921875,4142.68994140625,4169.919921875,4125050000,-0.002533258183961915,0.00912641731531698,0.1448773834639349
2021-05-18,4127.830078125,4169.14990234375,4125.990234375,4165.93994140625,4398150000,-0.0085537723840327,0.009242708800228368,0.14672345355595462
2021-05-19,4115.68017578125,4116.93017578125,4061.409912109375,4098.4501953125,4247450000,-0.002947751811378411,0.00914629586908311,0.14519294572206773
2021-05-20,4159.1201171875,4172.7998046875,4121.97021484375,4121.97021484375,3978880000,0.01049942933450842,0.009214135825108103,0.14626987163764188
2021-05-21,4155.85986328125,4188.72021484375,4151.72021484375,4168.60986328125,3995250000,-0.0007841880752528091,0.008978723607702877,0.14253281854059888
2021-05-24,4197.0498046875,4209.52001953125,4170.16015625,4170.16015625,3684800000,0.009862497481216075,0.008921628425867236,0.14162646062741616
2021-05-25,4188.1298828125,4213.419921875,4182.52001953125,4205.93994140625,4182250000,-0.002127545400828599,0.008927590213285673,0.14172110106868788
2021-05-26,4195.990234375,4202.60986328125,4184.10986328125,4191.58984375,4420890000,0.0018750575506104544,0.008936651392582484,0.14186494283071385
2021-05-27,4200.8798828125,4213.3798828125,4197.77978515625,4201.93994140625,6406310000,0.001164636089862995,0.008936720913556745,0.14186604644196663
2021-05-28,4204.10986328125,4218.35986328125,4203.56982421875,4210.77001953125,4649250000,0.000768586452887337,0.008812392957565056,0.13989240132656466
2021-06-01,4202.0400390625,4234.1201171875,4197.58984375,4216.52001953125,5074670000,-0.0004924547586291649,0.008660930638496767,0.1374880115510538
2021-06-02,4208.1201171875,4217.3701171875,4198.27001953125,4206.81982421875,5833670000,0.0014458890369002922,0.008646759829875277,0.1372630569381189
2021-06-03,4192.85009765625,4204.39013671875,4167.93017578125,4191.43017578125,5587970000,-0.003635303056049319,0.00855021241587507,0.13573041425509325
2021-06-04,4229.89013671875,4233.4501953125,4206.0498046875,4206.0498046875,4139790000,0.008795303383016323,0.008748337862653456,0.13887555821850828
2021-06-07,4226.52001953125,4232.33984375,4215.66015625,4229.33984375,4476920000,-0.0007970562694215079,0.008584844336155924,0.13628017894601976
2021-06-08,4227.259765625,4236.740234375,4208.41015625,4233.81005859375,4659620000,0.00017500954944121158,0.008431015139899531,0.1338382161599676
2021-06-09,4219.5498046875,4237.08984375,4218.740234375,4232.990234375,4713260000,-0.0018255325906156837,0.00810058417220588,0.12859278716401668
2021-06-10,4239.18017578125,4249.740234375,4220.33984375,4228.56005859375,4408210000,0.004641454776462911,0.007874430138637468,0.12500270317911966
2021-06-11,4247.43994140625,4248.3798828125,4232.25,4242.89990234375,3815010000,0.0019465389328083601,0.005918117851484709,0.09394720838760257
2021-06-14,4255.14990234375,4255.58984375,4234.06982421875,4248.31005859375,4151200000,0.0018135563851361702,0.005458078539885263,0.08664431071676965
2021-06-15,4246.58984375,4257.16015625,4238.35009765625,4255.27978515625,4048940000,-0.00201371995427588,0.00459211708301009,0.0728975987576163
2021-06-16,4223.7001953125,4251.89013671875,4202.4501953125,4248.8701171875,4538350000,-0.005404703747026491,0.0047374911325721416,0.0752053402509577
2021-06-17,4221.85986328125,4232.2900390625,4196.0498046875,4220.3701171875,5312680000,-0.00043581054367264766,0.0042521959377545444,0.06750151786330567
2021-06-18,4166.4501953125,4204.77978515625,4164.39990234375,4204.77978515625,6817010000,-0.013211355687284158,0.005217636490602178,0.08282741151401497
2021-06-21,4224.7900390625,4226.240234375,4173.39990234375,4173.39990234375,4128950000,0.013905163512319857,0.005581492356787278,0.08860344432400159
2021-06-22,4246.43994140625,4255.83984375,4217.27001953125,4224.60986328125,3828390000,0.005111406378990611,0.005648545292633996,0.0896678766815647
2021-06-23,4241.83984375,4256.60009765625,4241.43017578125,4249.27001953125,3730350000,-0.0010838705186495853,0.005285828080550378,0.08390991944506915
2021-06-24,4266.490234375,4271.27978515625,4256.97021484375,4256.97021484375,3816660000,0.005794429545916893,0.005370526721338541,0.08525446868453317
2021-06-25,4280.7001953125,4286.1201171875,4271.16015625,4274.4501953125,7341450000,0.003325063164687565,0.0053931962571483645,0.08561433640907358
2021-06-28,4290.60986328125,4292.14013671875,4274.669921875,4284.89990234375,4147890000,0.0023122888604717494,0.005401269716545703,0.08574249860378559
2021-06-29,4291.7998046875,4300.52001953125,4287.0400390625,4293.2099609375,3707150000,0.0002772977426878152,0.005403414915014839,0.08577655257375884
2021-06-30,4297.5,4302.43017578125,4287.9599609375,4290.64990234375,4266040000,0.0013272784229071918,0.005393151331577386,0.08561362323774367
2021-07-01,4319.93994140625,4320.66015625,4300.72998046875,4300.72998046875,3788230000,0.005208041432254744,0.0054682360996175065,0.08680555697864245
2021-07-02,4352.33984375,4355.43017578125,4326.60009765625,4326.60009765625,3225840000,0.007472095894691671,0.005509225824477522,0.08745624868837383
2021-07-06,4343.5400390625,4356.4599609375,4314.3701171875,4356.4599609375,4309570000,-0.0020239027700217787,0.005322893791935714,0.08449831937202891
2021-07-07,4358.1298828125,4361.8798828125,4329.7900390625,4351.009765625,4037380000,0.0033533465536629346,0.005319647976856848,0.08444679365502662
2021-07-08,4320.81982421875,4330.8798828125,4289.3701171875,4321.06982421875,4347500000,-0.008597881009556396,0.005752483520833846,0.0913178449027416
2021-07-09,4369.5498046875,4371.60009765625,4329.3798828125,4329.3798828125,3531120000,0.011214825902413766,0.006119542081013803,0.09714471890374321
2021-07-12,4384.6298828125,4386.68017578125,4364.02978515625,4372.41015625,3384460000,0.0034452326955940497,0.006095957263244797,0.09677032152854183
2021-07-13,4369.2099609375,4392.3701171875,4366.919921875,4381.06982421875,3695430000,-0.0035230111811655838,0.006196712729885158,0.09836976497630577
2021-07-14,4374.2998046875,4393.68017578125,4362.35986328125,4380.10986328125,4006370000,0.0011642565654693257,0.006195882927213414,0.09835659226726563
2021-07-15,4360.02978515625,4369.02001953125,4340.7001953125,4369.02001953125,3905230000,-0.0032675735627459117,0.006235480014949607,0.09898517654801986
2021-07-16,4327.16015625,4375.08984375,4322.52978515625,4367.43017578125,3985700000,-0.007567415006813217,0.006367442235287023,0.10108001185283212
2021-07-19,4258.490234375,4296.39990234375,4233.1298828125,4296.39990234375,5157660000,-0.015996781399983978,0.007385550192837089,0.1172419746337924
2021-07-20,4323.06005859375,4336.83984375,4262.0498046875,4265.10986328125,4438270000,0.0150488060047999,0.007353815826607488,0.11673820718744579
2021-07-21,4358.68994140625,4359.7001953125,4331.1298828125,4331.1298828125,3810280000,0.008208041662144044,0.0069787741155979185,0.11078460459580093
2021-07-22,4367.47998046875,4369.8701171875,4350.06005859375,4361.27001953125,3358300000,0.0020146392092429753,0.0069308866642666805,0.11002441487294194
2021-07-23,4411.7900390625,4415.18017578125,4381.2001953125,4381.2001953125,4540070000,0.010094332386254415,0.007160984288465721,0.11367710141832671
2021-07-26,4422.2998046875,4422.72998046875,4405.4501953125,4409.580078125,4275630000,0.0023793669227295928,0.007105987702155542,0.1128040576763213
2021-07-27,4401.4599609375,4416.3798828125,4372.509765625,4416.3798828125,4241950000,-0.004723583382178003,0.007230377124826926,0.1147786785450136
2021-07-28,4400.64013671875,4415.47021484375,4387.009765625,4402.9501953125,4215290000,-0.000186279231552706,0.007233870865697242,0.11483413996194254
2021-07-29,4419.14990234375,4429.97021484375,4403.58984375,4403.58984375,4044600000,0.004197331845272641,0.0072592472164954725,0.11523697704230926
2021-07-30,4395.259765625,4412.25,4389.64990234375,4395.1201171875,3956740000,-0.005420713608261166,0.007410060123064668,0.11763105771399474
2021-08-02,4387.16015625,4422.18017578125,4384.81005859375,4406.85986328125,3724090000,-0.001844505670060361,0.007372916137229345,0.1170414152186629
2021-08-03,4423.14990234375,4423.7900390625,4373.0,4392.740234375,3965190000,0.008169961338918062,0.007406296209956484,0.11757130744575046
2021-08-04,4402.66015625,4416.169921875,4400.22998046875,4415.9501953125,4260760000,-0.004643150661295458,0.007477386678054689,0.11869983364080058
2021-08-05,4429.10009765625,4429.759765625,4408.85986328125,4408.85986328125,3769410000,0.005987485990419113,0.007546884433833016,0.11980307631159992
2021-08-06,4436.52001953125,4440.81982421875,4429.06982421875,4429.06982421875,3451870000,0.0016738645485288822,0.007235886594513528,0.11486613866489319
2021-08-09,4432.35009765625,4439.39013671875,4424.740234375,4437.77001953125,3449280000,-0.0009403502649549345,0.006876874580208464,0.1091669996196798
2021-08-10,4436.75,4445.2099609375,4430.02978515625,4435.7900390625,3886610000,0.0009921869538634502,0.006848321464137395,0.10871373295399975
2021-08-11,4442.41015625,4449.43994140625,4436.419921875,4442.18017578125,3532560000,0.0012749307180154837,0.006784939485134939,0.10770757522973805
2021-08-12,4460.830078125,4461.77001953125,4435.9599609375,4446.080078125,3375310000,0.00413780773547866,0.006824030111581335,0.10832811968676338
2021-08-13,4468.0,4468.3701171875,4460.81982421875,4464.83984375,3016470000,0.0016060163209228441,0.006756578143129857,0.10725735288297707
2021-08-16,4479.7099609375,4480.259765625,4437.66015625,4461.64990234375,3370640000,0.0026174222619943593,0.006457339904413272,0.10250709310854668
2021-08-17,4448.080078125,4462.1201171875,4417.830078125,4462.1201171875,3836960000,-0.007085743507137991,0.005454679265229722,0.08659034890451026
2021-08-18,4400.27001953125,4454.31982421875,4397.58984375,4440.93994140625,3755590000,-0.01080665284525433,0.0052953380843917715,0.08406088607585872
2021-08-19,4405.7998046875,4418.60986328125,4367.72998046875,4382.43994140625,4398410000,0.001255903256156918,0.005022135167426943,0.07972392422138053
2021-08-20,4441.669921875,4444.35009765625,4406.7998046875,4410.56005859375,3652610000,0.00810860389074176,0.005282612528300831,0.08385887413558893
2021-08-23,4479.52978515625,4489.8798828125,4450.2900390625,4450.2900390625,3576530000,0.008487667984412181,0.005151307471206775,0.08177447097385288
2021-08-24,4486.22998046875,4492.81005859375,4482.27978515625,4484.39990234375,3979220000,0.0014946188019620721,0.0051407126960273325,0.08160628413192421
2021-08-25,4496.18994140625,4501.7099609375,4485.66015625,4490.4501953125,3444700000,0.00221765740325088,0.004996807739216737,0.07932186376302225
2021-08-26,4470.0,4495.89990234375,4468.990234375,4493.75,3263980000,-0.0058419498276026565,0.005212494564189468,0.08274578596272802
2021-08-27,4509.3701171875,4513.330078125,4474.10009765625,4474.10009765625,3331200000,0.008769071540452218,0.005453790979839744,0.08657624781109945
2021-08-30,4528.7900390625,4537.35986328125,4513.759765625,4513.759765625,3168660000,0.0042973241068746,0.005295079759121274,0.08405678528932013
2021-08-31,4522.68017578125,4531.39013671875,4515.7998046875,4529.75,4290710000,-0.0013500269158932096,0.005280893426212904,0.08383158423597102
2021-09-01,4524.08984375,4537.10986328125,4522.02001953125,4528.7998046875,4057340000,0.00031164006095334113,0.005054372322048827,0.08023567318601559
2021-09-02,4536.9501953125,4545.85009765625,4524.66015625,4534.47998046875,3735990000,0.002838605754404257,0.00489228319988568,0.07766258814118085
2021-09-03,4535.43017578125,4541.4501953125,4521.2998046875,4532.419921875,3217530000,-0.0003350872611813474,0.004791344641055735,0.07606023819501306
2021-09-07,4520.02978515625,4535.3798828125,4513.0,4535.3798828125,3822960000,-0.0034013524523203464,0.004889516008495977,0.07761866033969722
2021-09-08,4514.06982421875,4521.7900390625,4493.9501953125,4518.08984375,3750880000,-0.001319436813816666,0.00489729729531791,0.07774218443856261
2021-09-09,4493.27978515625,4529.89990234375,4492.06982421875,4513.02001953125,3735390000,-0.004616247150002522,0.005041111661741305,0.08002516672965033
2021-09-10,4458.580078125,4520.47021484375,4457.66015625,4506.919921875,3623180000,-0.0077525522862761,0.005356011802282999,0.085024051487806
2021-09-13,4468.72998046875,4492.990234375,4445.7001953125,4474.81005859375,3914220000,0.002273900346369644,0.00530219740366849,0.08416977439367505
2021-09-14,4443.0498046875,4485.68017578125,4435.4599609375,4479.330078125,3670460000,-0.005763213966258604,0.005438552760390953,0.08633434857658986
2021-09-15,4480.7001953125,4486.8701171875,4438.3701171875,4447.490234375,4032020000,0.008438294222079725,0.005733244973057491,0.09101244242472797
2021-09-16,4473.75,4485.8701171875,4443.7998046875,4477.08984375,3984560000,-0.0015523447127638308,0.005513753122271335,0.08752811731281519
2021-09-17,4432.990234375,4471.52001953125,4427.759765625,4469.740234375,7289530000,-0.0091526302757993,0.005357142980852922,0.08504200839091253
2021-09-20,4357.72998046875,4402.9501953125,4305.91015625,4402.9501953125,4898070000,-0.017123077726381844,0.006566904188956944,0.10424637220541032
2021-09-21,4354.18994140625,4394.8701171875,4347.9599609375,4374.4501953125,3920920000,-0.0008126886585469564,0.006262126486358875,0.09940817616801775
2021-09-22,4395.64013671875,4416.75,4367.43017578125,4367.43017578125,3939170000,0.009474585224220084,0.0063396968136870254,0.10063956693938673
2021-09-23,4448.97998046875,4465.39990234375,4406.75,4406.75,3916350000,0.012061680369935969,0.006931066796754694,0.11002727438753991
2021-09-24,4455.47998046875,4463.1201171875,4430.27001953125,4438.0400390625,3384290000,0.0014599428113642636,0.006918735943910726,0.10983152816706908
2021-09-27,4443.10986328125,4457.2998046875,4436.18994140625,4442.1201171875,4058650000,-0.002780243920187674,0.006830758821453568,0.10843493464456078
2021-09-28,4352.6298828125,4419.5400390625,4346.330078125,4419.5400390625,4416550000,-0.020574317739894057,0.007815776812586283,0.12407161049333032
2021-09-29,4359.4599609375,4385.56982421875,4355.080078125,4362.41015625,3712660000,0.0015679543362838073,0.007733589506294129,0.12276692745307831
2021-09-30,4307.5400390625,4382.5498046875,4306.240234375,4370.669921875,4448140000,-0.011981202945014901,0.008043413790015101,0.12768523548220478
2021-10-01,4357.0400390625,4375.18994140625,4288.52001953125,4317.16015625,4010370000,0.011425952113334161,0.008573483333250302,0.13609982861602443
2021-10-04,4300.4599609375,4355.509765625,4278.93994140625,4348.83984375,4307870000,-0.013070952048643704,0.008842580048585976,0.14037160654043965
2021-10-05,4345.72021484375,4369.22998046875,4309.8701171875,4309.8701171875,3902890000,0.010469517498601526,0.009281298290654792,0.14733604272528877
2021-10-06,4363.5498046875,4365.56982421875,4290.490234375,4319.56982421875,4009630000,0.004094399349624824,0.009369824841478287,0.1487413581527205
2021-10-07,4399.759765625,4429.97021484375,4383.72998046875,4383.72998046875,3843740000,0.008264039225065405,0.00961823683675127,0.15268477632578648
2021-10-08,4391.33984375,4412.02001953125,4386.22021484375,4406.509765625,3280160000,-0.0019155566024214522,0.00958858460047317,0.1522140616677338
2021-10-11,4361.18994140625,4415.8798828125,4360.58984375,4385.43994140625,3281970000,-0.006889441644339833,0.009560419313415523,0.15176695159677814
2021-10-12,4350.64990234375,4374.89013671875,4342.08984375,4368.31005859375,3558450000,-0.0024197056865549256,0.009533612269745096,0.15134140297115733
2021-10-13,4363.7998046875,4372.8701171875,4329.919921875,4358.009765625,3620070000,0.0030179558702319183,0.00951948570945811,0.15111715077875656
2021-10-14,4438.259765625,4439.72998046875,4386.75,4386.75,3598280000,0.016919162285711567,0.010095982586530362,0.1602687549887879
2021-10-15,4471.3701171875,4475.81982421875,4447.68994140625,4447.68994140625,3819380000,0.007432520637190081,0.010236477380087936,0.1624990406943041
2021-10-18,4486.4599609375,4488.75,4447.47021484375,4463.72021484375,3662010000,0.0033690878018038262,0.010041059961856849,0.15939688535136556
2021-10-19,4519.6298828125,4520.39990234375,4496.41015625,4497.33984375,3459130000,0.007366142784235753,0.009276304048269155,0.14725676158525133
2021-10-20,4536.18994140625,4540.8701171875,4524.39990234375,4524.419921875,3670760000,0.003657333598560689,0.009266150345143435,0.14709557654510913
2021-10-21,4549.77978515625,4551.43994140625,4526.89013671875,4532.240234375,3822330000,0.002991393168360022,0.00910959313031942,0.14461030780684556
2021-10-22,4544.89990234375,4559.669921875,4524.0,4546.1201171875,3758220000,-0.0010731292246643565,0.008804147026922457,0.13976150123571307
2021-10-25,4566.47998046875,4572.6201171875,4537.35986328125,4553.68994140625,3899400000,0.004736959440853509,0.008841376546992845,0.14035250154493226
2021-10-26,4574.7900390625,4598.52978515625,4569.169921875,4578.68994140625,3879740000,0.0018181414322441137,0.008795427645377184,0.13962308534478257
2021-10-27,4551.68017578125,4584.56982421875,4551.66015625,4580.22021484375,4226050000,-0.0050643703711055294,0.007399119604432207,0.11745738236490137
2021-10-28,4596.419921875,4597.5498046875,4562.83984375,4562.83984375,4132950000,0.009781288424184026,0.007582757430479828,0.12037254247906062
2021-10-29,4605.3798828125,4608.080078125,4567.58984375,4572.8701171875,4510200000,0.0019474372317175562,0.006821862165852417,0.10829370461523576
2021-11-01,4613.669921875,4620.33984375,4595.06005859375,4610.6201171875,3971540000,0.0017984589459023885,0.006558684825607209,0.10411589385725825
2021-11-02,4630.64990234375,4635.14990234375,4613.33984375,4613.33984375,3975250000,0.003673607120388547,0.0054697083320680824,0.08682892794426027
2021-11-03,4660.56982421875,4663.4599609375,4621.18994140625,4630.64990234375,4319660000,0.00644049461289024,0.005281268199301786,0.08383753357431858
2021-11-04,4680.06005859375,4683.0,4662.58984375,4662.93017578125,4462300000,0.004173222342817036,0.0052818660329560525,0.08384702388936603
2021-11-05,4697.52978515625,4718.5,4681.31982421875,4699.259765625,4467180000,0.003725850045284445,0.005161562194380627,0.08193725965754381
2021-11-08,4701.7001953125,4714.919921875,4694.39013671875,4701.47998046875,4269710000,0.0008873940607025194,0.005060123085689672,0.08032696372866992
2021-11-09,4685.25,4708.52978515625,4670.8701171875,4707.25,4117080000,-0.0035049109264001276,0.004766335852707766,0.07566323598765443
2021-11-10,4646.7099609375,4684.85009765625,4630.85986328125,4670.259765625,4503720000,-0.008259842163861058,0.005267687003911978,0.08362193878126813
2021-11-11,4649.27001953125,4664.5498046875,4648.31005859375,4659.39013671875,3926870000,0.0005507883329889288,0.005297853038055502,0.08410080972757722
2021-11-12,4682.85009765625,4688.47021484375,4650.77001953125,4655.240234375,3728600000,0.007196697564130407,0.004364932561333501,0.06929115628113978
2021-11-15,4682.7998046875,4697.419921875,4672.85986328125,4689.2998046875,3488410000,-1.0739878017001878e-05,0.004249705548876821,0.06746198416547589
2021-11-16,4700.89990234375,4714.9501953125,4679.419921875,4679.419921875,3972640000,0.0038577790571266367,0.004257757491392044,0.0675898047902735
2021-11-17,4688.669921875,4701.5,4684.41015625,4701.5,3969070000,-0.0026050154828958787,0.004211294101083681,0.06685222133532435
2021-11-18,4704.5400390625,4708.7998046875,4672.77978515625,4700.72021484375,4226410000,0.0033790647401719144,0.004205421366575295,0.06675899456517378
2021-11-19,4697.9599609375,4717.75,4694.22021484375,4708.43994140625,4253180000,-0.001399644604988097,0.004248782332212213,0.06744732855527119
2021-11-22,4682.93994140625,4743.830078125,4682.169921875,4712.0,4441100000,-0.003202258316960725,0.00433836852876241,0.06886946533712704
2021-11-23,4690.7001953125,4699.39013671875,4652.66015625,4678.47998046875,4277590000,0.001655761383195201,0.004272350471852309,0.06782146117338402
2021-11-24,4701.4599609375,4702.8701171875,4659.89013671875,4675.77978515625,3418430000,0.0022912237766672798,0.004276585840617394,0.0678886955681624
2021-11-26,4594.6201171875,4664.6298828125,4585.43017578125,4664.6298828125,3517700000,-0.022987011159321162,0.006707690214525162,0.10648128107577044
2021-11-29,4655.27001953125,4672.9501953125,4625.259765625,4628.75,4336410000,0.013113836082824229,0.006973708717704939,0.11070419389710245
2021-11-30,4567.0,4646.02001953125,4560.0,4640.25,6625990000,-0.019143381187850562,0.008184440090936114,0.12992395860554293
2021-12-01,4513.0400390625,4652.93994140625,4510.27001953125,4602.81982421875,5366730000,-0.011885541457955926,0.008537885468769966,0.13553473003630473
2021-12-02,4577.10009765625,4595.4599609375,4504.72998046875,4504.72998046875,5077180000,0.014094638396057768,0.009109853598039504,0.14461444260371698
2021-12-03,4538.43017578125,4608.02978515625,4495.1201171875,4589.490234375,5240070000,-0.00848445514173865,0.009119084095887972,0.14476097221442316
2021-12-06,4591.669921875,4612.60009765625,4540.509765625,4548.3701171875,4770800000,0.011662599309686139,0.009481628121363822,0.15051618019875135
2021-12-07,4686.75,4694.0400390625,4631.97021484375,4631.97021484375,4492400000,0.020495603186252546,0.010538676676105975,0.16729630579615926
2021-12-08,4701.2099609375,4705.06005859375,4674.52001953125,4690.85986328125,4234600000,0.003080535586585806,0.010559893877104945,0.1676331184203201
2021-12-09,4667.4501953125,4695.259765625,4665.97998046875,4691.0,3903840000,-0.007206988232523656,0.010651746456124146,0.1690912329085084
2021-12-10,4712.02001953125,4713.56982421875,4670.240234375,4687.64013671875,3870110000,0.009503769118209724,0.010683408094455211,0.1695938458352576
2021-12-13,4668.97021484375,4710.2998046875,4667.60009765625,4710.2998046875,4397230000,-0.009178158342793815,0.010897395248804937,0.17299078660028824
2021-12-14,4634.08984375,4660.47021484375,4606.52001953125,4642.990234375,4485430000,-0.0074987228546236715,0.010897561789643228,0.17299343035413575
2021-12-15,4709.85009765625,4712.60009765625,4611.22021484375,4636.4599609375,4910130000,0.016216267351890877,0.011492914331649038,0.1824443589654808
2021-12-16,4668.669921875,4731.990234375,4651.89013671875,4719.1298828125,4829500000,-0.008781863311112446,0.011626061763821605,0.18455800892489352
2021-12-17,4620.64013671875,4666.7001953125,4600.22021484375,4652.5,7987090000,-0.01034096458405368,0.011822726483739695,0.18767996456827413
2021-12-20,4568.02001953125,4587.89990234375,4531.10009765625,4587.89990234375,4635700000,-0.01145339832325659,0.012008698617961309,0.19063218067590404
2021-12-21,4649.22998046875,4651.14013671875,4583.16015625,4594.9599609375,4072430000,0.017621755385195486,0.012706026205484482,0.2017019129494897
2021-12-22,4696.56005859375,4697.669921875,4645.52978515625,4650.35986328125,3319610000,0.010128728029127596,0.012895685469379057,0.20471266042611738
2021-12-23,4725.7900390625,4740.740234375,4703.9599609375,4703.9599609375,2913040000,0.006204412685251626,0.012960485887110452,0.2057413351671396
2021-12-27,4791.18994140625,4791.490234375,4733.990234375,4733.990234375,2770290000,0.013744051573605864,0.013282992651483413,0.21086097133514137
2021-12-28,4786.35009765625,4807.02001953125,4780.0400390625,4795.490234375,2707920000,-0.0010106653988873737,0.012121899966464232,0.19242919637319936
2021-12-29,4793.06005859375,4804.06005859375,4778.080078125,4788.64013671875,2963310000,0.0014009134018576786,0.011848777714271556,0.18809351503228125
2021-12-30,4778.72998046875,4808.93017578125,4775.330078125,4794.22998046875,3124950000,-0.002994233841904309,0.01093866013863768,0.17364584641854372
2021-12-31,4766.18017578125,4786.830078125,4765.75,4775.2099609375,2677820000,-0.0026296343734744394,0.01052308471752177,0.1670487911269619
2022-01-03,4796.56005859375,4796.64013671875,4758.169921875,4778.14013671875,3831020000,0.006353824170388397,0.010231809108022672,0.16242493417268164
2022-01-04,4793.5400390625,4818.6201171875,4774.27001953125,4804.509765625,4683170000,-0.0006298202522032699,0.009960514493327537,0.15811826567759513
2022-01-05,4700.580078125,4797.7001953125,4699.43994140625,4787.990234375,4887960000,-0.019583264304501073,0.010835069733863837,0.17200139972307907
2022-01-06,4696.0498046875,4725.009765625,4671.259765625,4693.39013671875,4295280000,-0.0009642337401809882,0.009886394426523327,0.15694164609405453
2022-01-07,4677.02978515625,4707.9501953125,4662.740234375,4697.66015625,4181510000,-0.004058441082336512,0.009901308026969282,0.15717839216165
2022-01-10,4670.2900390625,4673.02001953125,4582.240234375,4655.33984375,4511810000,-0.0014420705375388979,0.009777795077762639,0.1552176848778684
2022-01-11,4713.06982421875,4714.1298828125,4638.27001953125,4669.14013671875,4101590000,0.009118286452399373,0.009759462860414875,0.154926669949373
2022-01-12,4726.35009765625,4748.830078125,4706.7099609375,4728.58984375,4048220000,0.0028137920146670695,0.009543371452807644,0.15149632519945327
2022-01-13,4659.02978515625,4744.1298828125,4650.2900390625,4733.56005859375,4251730000,-0.014346029234400533,0.009941904627344926,0.15782284321366175
2022-01-14,4662.85009765625,4665.1298828125,4614.75,4637.990234375,4338490000,0.0008196442695905652,0.009249637666920465,0.14683344590476344
2022-01-18,4577.10986328125,4632.240234375,4568.7001953125,4632.240234375,4748700000,-0.0185591053980085,0.009910964213053838,0.1573316793636086
2022-01-19,4532.759765625,4611.5498046875,4530.2001953125,4588.02978515625,4465740000,-0.009736790941460195,0.009883157567192484,0.15689026254514468
2022-01-20,4482.72998046875,4602.10986328125,4477.9501953125,4547.35009765625,4640870000,-0.011098742304330734,0.009864533488298017,0.15659461445823022
2022-01-21,4397.93994140625,4494.52001953125,4395.33984375,4471.3798828125,5589100000,-0.019095995324635427,0.009670063914651292,0.15350750568160226
2022-01-24,4410.1298828125,4417.35009765625,4222.6201171875,4356.31982421875,6928110000,0.0027679047582695165,0.009310584749798637,0.14780095085134637
2022-01-25,4356.4501953125,4411.009765625,4287.10986328125,4366.64013671875,5145050000,-0.012246590556866267,0.009269402016079696,0.1471471952209657
2022-01-26,4349.93017578125,4453.22998046875,4304.7998046875,4408.43017578125,5570640000,-0.0014977569258856588,0.008374338408946027,0.13293850094860504
2022-01-27,4326.509765625,4428.740234375,4309.5,4380.580078125,5214200000,-0.005398635199970923,0.00833492818405795,0.13231288302360317
2022-01-28,4431.85009765625,4432.72021484375,4292.4599609375,4336.18994140625,5031090000,0.024055967914736694,0.010391443954926707,0.16495905880560932
2022-01-31,4515.5498046875,4516.89013671875,4414.02001953125,4431.7900390625,5098610000,0.018709826222984446,0.011489691450402375,0.18239319731177822
2022-02-01,4546.5400390625,4550.490234375,4483.52978515625,4519.56982421875,4816830000,0.006839560348317067,0.011676775331101688,0.18536306184761378
2022-02-02,4589.3798828125,4595.31005859375,4544.31982421875,4566.39013671875,4481580000,0.009378400448324454,0.011806098805814059,0.18741600836424388
2022-02-03,4477.43994140625,4542.8798828125,4470.39013671875,4535.41015625,4401970000,-0.024693471720120656,0.012783357721645152,0.20292951271110193
2022-02-04,4500.52978515625,4539.66015625,4451.5,4482.7900390625,4706290000,0.005143678439863626,0.012334447149318339,0.1958032782993954
2022-02-07,4483.8701171875,4521.85986328125,4471.47021484375,4505.75,4228480000,-0.003708580927828488,0.012336672730080801,0.19583860829871638
2022-02-08,4521.5400390625,4531.31982421875,4465.39990234375,4480.02001953125,4459620000,0.00836611346663433,0.012539436773871527,0.1990573877068928
2022-02-09,4587.18017578125,4590.02978515625,4547.0,4547.0,4524350000,0.014412842079264784,0.013018224274271592,0.20665790364832165
2022-02-10,4504.080078125,4588.919921875,4484.31005859375,4553.240234375,5314860000,-0.01828182448505601,0.013337838071403225,0.21173161538509377
2022-02-11,4418.64013671875,4526.330078125,4401.41015625,4506.27001953125,5251500000,-0.019151682638086528,0.013782181655996262,0.21878535111409478
2022-02-14,4401.669921875,4426.22021484375,4364.83984375,4412.60986328125,4600390000,-0.0038479907556283146,0.013546272097325026,0.21504040296921223
2022-02-15,4471.06982421875,4472.77001953125,4429.27978515625,4429.27978515625,4430830000,0.015643717646064172,0.014113545580871214,0.22404559034615926
2022-02-16,4475.009765625,4489.5498046875,4429.68017578125,4455.75,4283640000,0.0008808197202838003,0.013601362464836952,0.21591493544164247
2022-02-17,4380.259765625,4456.06005859375,4373.81005859375,4456.06005859375,4539420000,-0.021400504136936647,0.014197852004462086,0.22538391333063953
2022-02-18,4348.8701171875,4394.60009765625,4327.22021484375,4384.56982421875,4708060000,-0.007191961663866342,0.014092779952385148,0.2237159462134067
2022-02-22,4304.759765625,4362.1201171875,4267.10986328125,4332.740234375,5121900000,-0.010194735435016016,0.013662598126291474,0.21688702143110572
2022-02-23,4225.5,4341.509765625,4221.509765625,4324.93017578125,4797430000,-0.018583735748788438,0.014152331145308073,0.22466129209391444
2022-02-24,4288.7001953125,4294.72998046875,4114.64990234375,4155.77001953125,6752130000,0.014846105252724002,0.014407624727253007,0.22871395206873754
2022-02-25,4384.64990234375,4385.33984375,4286.830078125,4298.3798828125,5177060000,0.022126080551265786,0.015244018636597485,0.2419912937620251
2022-02-28,4373.93994140625,4388.83984375,4315.1201171875,4354.169921875,6071370000,-0.0024455914631261143,0.015201622620805069,0.2413182778758249
2022-03-01,4306.259765625,4378.4501953125,4279.5400390625,4363.14013671875,5846230000,-0.015594467786613053,0.014581824645923322,0.23147929004799353
2022-03-02,4386.5400390625,4401.47998046875,4322.56005859375,4322.56005859375,5337870000,0.018471046780652183,0.014565468950829937,0.23121965143757336
2022-03-03,4363.490234375,4416.77978515625,4345.56005859375,4401.31005859375,5039890000,-0.005268520744245652,0.014463106145004016,0.22959469227126428
2022-03-04,4328.8701171875,4342.1201171875,4284.97998046875,4342.1201171875,5797380000,-0.007965684543001903,0.014277467671286119,0.22664777285992535
2022-03-07,4201.08984375,4327.009765625,4199.85009765625,4327.009765625,6940470000,-0.029962586814416495,0.014721180472304172,0.23369149521010327
2022-03-08,4170.7001953125,4276.93994140625,4157.8701171875,4202.66015625,7243120000,-0.007260043975698096,0.014625200055938498,0.23216785333548726
2022-03-09,4277.8798828125,4299.39990234375,4223.10009765625,4223.10009765625,5662670000,0.025373598122141117,0.015935068351497255,0.25296136789726636
2022-03-10,4259.52001953125,4268.27978515625,4209.7998046875,4252.5498046875,4980830000,-0.004301049920247209,0.015752236036208147,0.25005899486997957
2022-03-11,4204.31005859375,4291.009765625,4200.490234375,4279.5,4938640000,-0.013046278933238144,0.015383618818769212,0.24420737795205932
2022-03-14,4173.10986328125,4247.56982421875,4161.72021484375,4202.75,5574920000,-0.007448675095533314,0.015064369182979091,0.23913944709736767
2022-03-15,4262.4501953125,4271.0498046875,4187.89990234375,4188.81982421875,5392470000,0.021182629724144964,0.015550454847970192,0.24685581781000715
2022-03-16,4357.85986328125,4358.89990234375,4251.990234375,4288.14013671875,6309750000,0.022136921648393443,0.016383645913039365,0.26008231592665154
2022-03-17,4411.669921875,4412.669921875,4335.64990234375,4345.10986328125,4985090000,0.012272205068700267,0.0162336148042588,0.2577006459101116
2022-03-18,4463.1201171875,4465.39990234375,4390.56982421875,4407.33984375,8278430000,0.011594814411888112,0.016450607437145857,0.26114529716782536
2022-03-21,4461.18017578125,4481.75,4424.2998046875,4462.39990234375,4869820000,-0.0004347548543014596,0.01571470294373615,0.24946317549828298
2022-03-22,4511.60986328125,4522.0,4469.10009765625,4469.10009765625,4754840000,0.011240699554074212,0.015756510988576857,0.2501268576349851
2022-03-23,4456.240234375,4501.06982421875,4455.81005859375,4493.10009765625,4550670000,-0.012348630252495208,0.01584491094517155,0.25153016344133583
2022-03-24,4520.16015625,4520.580078125,4465.169921875,4469.97998046875,4131390000,0.014242012281618024,0.015361109837111125,0.24385005894566364
2022-03-25,4543.06005859375,4546.02978515625,4501.06982421875,4522.91015625,4305020000,0.005053380704237665,0.015137216241142133,0.24029585829522007
2022-03-28,4575.52001953125,4575.64990234375,4517.68994140625,4541.08984375,4312260000,0.007119551020042568,0.014518011640984855,0.23046628999912003
2022-03-29,4631.60009765625,4637.2998046875,4589.66015625,4602.85986328125,5085910000,0.01218204410139109,0.014642958107420792,0.23244975366343462
2022-03-30,4602.4501953125,4627.77001953125,4581.31982421875,4624.2001953125,4385570000,-0.006313588999088777,0.014195605489457164,0.22534825101052194
2022-03-31,4530.41015625,4603.06982421875,4530.41015625,4599.02001953125,4823020000,-0.015776335226881762,0.01431629885349207,0.22726419876731485
2022-04-01,4545.85986328125,4548.7001953125,4507.56982421875,4540.31982421875,4562940000,0.0034044209614630277,0.014235032273597516,0.22597413180550432
2022-04-04,4582.64013671875,4583.5,4539.2099609375,4547.97021484375,4547350000,0.008058382532133647,0.014105841702277784,0.22392329506482614
2022-04-05,4525.1201171875,4593.4501953125,4514.169921875,4572.4501953125,4800620000,-0.01263115907400537,0.01251588587556517,0.19868352878646806
2022-04-06,4481.14990234375,4503.93994140625,4450.0400390625,4494.169921875,4986830000,-0.009764433912479721,0.012635281606348215,0.2005788772539966
2022-04-07,4500.2099609375,4521.16015625,4450.2998046875,4474.64990234375,4821490000,0.004244365552037262,0.011598314279166699,0.18411753126146674
2022-04-08,4488.27978515625,4520.41015625,4474.60009765625,4494.14990234375,4083200000,-0.0026545466755523947,0.011556148509169565,0.18344817041395495
2022-04-11,4412.52978515625,4464.35009765625,4408.3798828125,4462.64013671875,4266290000,-0.017021334584696127,0.011852138765377876,0.18814687006450784
2022-04-12,4397.4501953125,4471.0,4381.33984375,4437.58984375,4152090000,-0.0034233005304522353,0.011718355710384508,0.18602312990562628
2022-04-13,4446.58984375,4453.919921875,4392.7001953125,4394.2998046875,3828150000,0.011112603268901934,0.011105344664041705,0.176291881228275
2022-04-14,4392.58984375,4460.4599609375,4390.77001953125,4449.1201171875,4083090000,-0.012218480383508163,0.010507136693989583,0.16679562410194684
2022-04-18,4391.68994140625,4410.31005859375,4370.2998046875,4385.6298828125,3910490000,-0.0002048892724065068,0.010147543402787368,0.1610872575720571
2022-04-19,4462.2099609375,4471.02978515625,4390.6298828125,4390.6298828125,4108120000,0.01593004474938665,0.010439728243466749,0.16572554812386112
2022-04-20,4459.4501953125,4488.2900390625,4448.759765625,4472.259765625,4290450000,-0.0006186664061825758,0.01044017976234245,0.16573271576380527
2022-04-21,4393.66015625,4512.93994140625,4384.47021484375,4489.169921875,4636890000,-0.014862855551311067,0.01058557170664403,0.16804074132733007
2022-04-22,4271.77978515625,4385.830078125,4267.6201171875,4385.830078125,4651940000,-0.028132076377366966,0.011891861479625244,0.18877744860430196
2022-04-25,4296.1201171875,4299.02001953125,4200.81982421875,4255.33984375,5240040000,0.0056817651441118085,0.011445130923148744,0.1816858208713601
2022-04-26,4175.2001953125,4278.14013671875,4175.0400390625,4278.14013671875,4689970000,-0.028550008928597752,0.012635124026886343,0.20057637575758952
2022-04-27,4183.9599609375,4240.7099609375,4162.89990234375,4186.52001953125,4769680000,0.0020958490249645954,0.012459997102018672,0.1977963220111614
2022-04-28,4287.5,4308.4501953125,4188.6298828125,4222.580078125,4854180000,0.024445655340832175,0.013512115375157655,0.21449818181447627
2022-04-29,4131.93017578125,4269.68017578125,4124.27978515625,4253.75,5084030000,-0.03695915978469415,0.015342144657459984,0.24354899605210414
2022-05-02,4155.3798828125,4169.81005859375,4062.510009765625,4130.60986328125,5163790000,0.005659199293818601,0.015311831005965346,0.2430677817529936
2022-05-03,4175.47998046875,4200.10009765625,4147.080078125,4159.77978515625,4582050000,0.004825465075359521,0.01534981526969563,0.24367076324637893
2022-05-04,4300.169921875,4307.66015625,4148.91015625,4181.18017578125,5136360000,0.029425221557325833,0.016829211216122505,0.2671554458354342
2022-05-05,4146.8701171875,4270.43017578125,4106.009765625,4270.43017578125,5077030000,-0.03630067756409906,0.01823807173997757,0.2895204133040143
2022-05-06,4123.33984375,4157.68994140625,4067.909912109375,4128.169921875,5116940000,-0.00569038441395277,0.018197060447427287,0.28886937921781414
2022-05-09,3991.239990234375,4081.27001953125,3975.47998046875,4081.27001953125,5954520000,-0.03256151953960419,0.01911634143678764,0.3034625125148355
2022-05-10,4001.050048828125,4068.820068359375,3958.169921875,4035.179931640625,5885820000,0.002454881760409255,0.019189621009896074,0.3046257896745909
2022-05-11,3935.179931640625,4049.090087890625,3928.820068359375,3990.080078125,5816140000,-0.016600232095697796,0.01917716492724216,0.304428055492517
2022-05-12,3930.080078125,3964.800048828125,3858.8701171875,3903.949951171875,6286450000,-0.0012968049941124407,0.019194019506640795,0.30469561364576525
2022-05-13,4023.889892578125,4038.8798828125,3963.89990234375,3963.89990234375,5183340000,0.023589267956869442,0.01990888847352858,0.31604380668406173
2022-05-16,4008.010009765625,4046.4599609375,3983.989990234375,4013.02001953125,4415030000,-0.003954208517722458,0.019835559647217466,0.314879747653953
2022-05-17,4088.85009765625,4090.719970703125,4033.929931640625,4052.0,4841410000,0.01996891958146264,0.020523599844904542,0.3258020471845273
2022-05-18,3923.679931640625,4051.97998046875,3911.909912109375,4051.97998046875,5103220000,-0.041233809291248875,0.021594247466971125,0.34279805128315244
2022-05-19,3900.7900390625,3945.9599609375,3876.580078125,3899.0,5113550000,-0.005850864777347809,0.021557698963227366,0.3422178617729674
2022-05-20,3901.360107421875,3943.419921875,3810.320068359375,3927.760009765625,5130730000,0.0001461310919903067,0.021510928744089657,0.3414754075613532
2022-05-23,3973.75,3981.8798828125,3909.0400390625,3919.419921875,4420030000,0.018384995412060758,0.021476066479170452,0.3409219862626532
2022-05-24,3941.47998046875,3955.679931640625,3875.1298828125,3942.93994140625,4923190000,-0.008153950903558081,0.021394183735285892,0.3396221380007364
2022-05-25,3978.72998046875,3999.330078125,3925.030029296875,3929.590087890625,4802560000,0.009406385648931585,0.020821190942239675,0.3305261594001408
2022-05-26,4057.840087890625,4075.139892578125,3984.60009765625,3984.60009765625,4709970000,0.019688166007720866,0.0213537936339025,0.3389809650186015
2022-05-27,4158.240234375,4158.490234375,4077.429931640625,4077.429931640625,4375620000,0.024441130195822013,0.021353519194380676,0.33897660842625343
2022-05-31,4132.14990234375,4168.33984375,4104.8798828125,4151.08984375,6822640000,-0.006294135193666945,0.019796104741001064,0.31425342043485316
2022-06-01,4101.22998046875,4166.5400390625,4073.85009765625,4149.77978515625,4531800000,-0.007510905041155451,0.019816545502078647,0.3145779074573742
2022-06-02,4176.81982421875,4177.509765625,4074.3701171875,4095.409912109375,4405790000,0.018263225415545106,0.020214299318395693,0.3208920535433848
2022-06-03,4108.5400390625,4142.669921875,4098.669921875,4137.56982421875,3711110000,-0.016482405609817057,0.019338082981617728,0.30698255041254574
2022-06-06,4121.43017578125,4168.77978515625,4109.18017578125,4134.72021484375,4332700000,0.003132489407036025,0.017703755212603416,0.2810384013870724
2022-06-07,4160.68017578125,4164.85986328125,4080.18994140625,4096.47021484375,4248210000,0.00947833153171984,0.017781803025934073,0.2822773720137443
2022-06-08,4115.77001953125,4160.14013671875,4107.2001953125,4147.1201171875,4159470000,-0.010852623040155319,0.01634058858436423,0.2593988020238925
2022-06-09,4017.820068359375,4119.10009765625,4017.169921875,4101.64990234375,4134170000,-0.02408645766515553,0.01726056960459537,0.27400304796647895
2022-06-10,3900.860107421875,3974.389892578125,3900.159912109375,3974.389892578125,4889640000,-0.029542414811409477,0.018100982177064868,0.287344183959157
2022-06-13,3749.6298828125,3838.14990234375,3734.300048828125,3838.14990234375,5636890000,-0.03953993199003993,0.020016352085212796,0.31774973863309325
2022-06-14,3735.47998046875,3778.179931640625,3705.679931640625,3763.52001953125,5153890000,-0.003780818039489633,0.019121630313337006,0.3035464708272228
2022-06-15,3789.989990234375,3837.56005859375,3722.300048828125,3764.050048828125,5530480000,0.014487058836534478,0.019521016132159258,0.3098865241498403
2022-06-16,3666.77001953125,3728.179931640625,3639.77001953125,3728.179931640625,5644930000,-0.033052207113840666,0.01987308498821635,0.3154754439748287
2022-06-17,3674.840087890625,3707.7099609375,3636.8701171875,3665.89990234375,8520740000,0.0021984473410133873,0.01811662459466634,0.28759249964042083
2022-06-21,3764.7900390625,3779.64990234375,3715.31005859375,3715.31005859375,5292260000,0.024182474960671992,0.01905158498522894,0.30243453571516765
2022-06-22,3759.889892578125,3801.7900390625,3717.68994140625,3733.889892578125,5058990000,-0.0013024200953574458,0.019047227019583782,0.30236535515525215
2022-06-23,3795.72998046875,3802.580078125,3743.52001953125,3774.7099609375,5098640000,0.00948707248555652,0.018671989053937056,0.29640863711782595
2022-06-24,3911.739990234375,3913.64990234375,3821.75,3821.75,8120260000,0.030105539729901033,0.019887209667257873,0.31569966630338353
2022-06-27,3900.110107421875,3927.719970703125,3889.659912109375,3920.760009765625,4325310000,-0.0029774998903406716,0.019766349927274437,0.31378107741028693
2022-06-28,3821.550048828125,3945.860107421875,3820.139892578125,3913.0,4270120000,-0.0203486731494949,0.01960635799397482,0.3112412842065636
2022-06-29,3818.830078125,3836.5,3799.02001953125,3825.090087890625,4211240000,-0.0007119988201726959,0.01859768323883733,0.29522906887150696
2022-06-30,3785.3798828125,3818.989990234375,3738.669921875,3785.989990234375,4840070000,-0.008797866246367652,0.018620768898657113,0.29559554235991686
2022-07-01,3825.330078125,3829.820068359375,3752.10009765625,3781.0,4046950000,0.010498511296639174,0.01887241303391006,0.2995902691645201
2022-07-05,3831.389892578125,3832.18994140625,3742.06005859375,3792.610107421875,5076590000,0.0015828751061934918,0.018259841792194052,0.2898660021691765
2022-07-06,3845.080078125,3870.909912109375,3809.3701171875,3831.97998046875,4417720000,0.003566795705066178,0.01810410956709965,0.2873938297368654
2022-07-07,3902.6201171875,3910.6298828125,3858.85009765625,3858.85009765625,4057770000,0.014853723180930391,0.018484365614086708,0.2934302073460029
2022-07-08,3899.3798828125,3918.5,3869.340087890625,3888.260009765625,3521620000,-0.00083061639612735,0.01828341657101609,0.2902402401810353
2022-07-11,3854.429931640625,3880.93994140625,3847.219970703125,3880.93994140625,3423480000,-0.011594417660525545,0.018299875788362435,0.29050152215627445
2022-07-12,3818.800048828125,3873.409912109375,3802.360107421875,3851.949951171875,3817210000,-0.00928686849749371,0.017728273799769944,0.28142762189192017
2022-07-13,3801.780029296875,3829.43994140625,3759.070068359375,3779.669921875,4109390000,-0.00446686411181668,0.016619891707192008,0.26383260164432865
2022-07-14,3790.3798828125,3796.409912109375,3721.56005859375,3763.989990234375,4199690000,-0.003003138812764307,0.01413503567022083,0.2243867349385891
2022-07-15,3863.159912109375,3863.6201171875,3817.179931640625,3818.0,4143800000,0.01901923165863364,0.014654684577198302,0.23263590560016267
2022-07-18,3830.85009765625,3902.43994140625,3818.6298828125,3883.7900390625,4046870000,-0.008398742485835936,0.014498574383926953,0.23015773310905335
2022-07-19,3936.68994140625,3939.81005859375,3860.72998046875,3860.72998046875,4041070000,0.02725351764373082,0.013453085948254815,0.2135611187127588
2022-07-20,3959.89990234375,3974.1298828125,3922.030029296875,3935.320068359375,4185300000,0.0058784939410571665,0.013460859446497093,0.21368451917175518
2022-07-21,3998.949951171875,3999.2900390625,3927.639892578125,3955.469970703125,4132790000,0.00981306668950467,0.01270395040408812,0.20166896062389408
2022-07-22,3961.6298828125,4012.43994140625,3938.860107421875,3998.429931640625,3979240000,-0.009376287293813849,0.012956309337986398,0.2056750345052155
2022-07-25,3966.840087890625,3975.300048828125,3943.4599609375,3965.719970703125,3568340000,0.001314302973305868,0.012857960189713441,0.2041137901773039
2022-07-26,3921.050048828125,3953.219970703125,3910.739990234375,3953.219970703125,3778950000,-0.011610342599263359,0.01146148156987962,0.1819453793415099
2022-07-27,4023.610107421875,4039.56005859375,3951.429931640625,3951.429931640625,4112180000,0.025820048778629066,0.01272617463780373,0.20202175939683698
2022-07-28,4072.429931640625,4078.949951171875,3992.969970703125,4026.1298828125,4413000000,0.012060319791912806,0.011883294647076374,0.1886414543536149
2022-07-29,4130.2900390625,4140.14990234375,4079.219970703125,4087.330078125,4616360000,0.014107775781753557,0.012088373160133567,0.19189697482236837
2022-08-01,4118.6298828125,4144.9501953125,4096.02001953125,4112.3798828125,4202810000,-0.002827076544916728,0.011846695093021617,0.18806045444486638
2022-08-02,4091.18994140625,4140.47021484375,4079.81005859375,4104.2099609375,4727710000,-0.00668468837887098,0.011969477955929965,0.19000957196796253
2022-08-03,4155.169921875,4167.66015625,4107.9599609375,4107.9599609375,4351760000,0.015517456270090707,0.012258136430061335,0.1945918831862604
2022-08-04,4151.93994140625,4161.2900390625,4135.419921875,4154.85009765625,4283320000,-0.0007776424495837734,0.012299976309456527,0.19525607068084808
2022-08-05,4145.18994140625,4151.580078125,4107.31005859375,4115.8701171875,4085940000,-0.0016270690189191196,0.012073492206494514,0.19166074700676589
2022-08-08,4140.06005859375,4186.6201171875,4128.97021484375,4155.93017578125,4221090000,-0.0012383171221209141,0.012080068825404536,0.19176514759538724
2022-08-09,4122.47021484375,4137.2998046875,4112.08984375,4133.10986328125,3913090000,-0.004257744235926498,0.01174275739877516,0.1864104946999368
2022-08-10,4210.240234375,4211.02978515625,4177.259765625,4181.02001953125,4546010000,0.021067158460407496,0.011994166900204904,0.19040149680806787
2022-08-11,4207.27001953125,4257.91015625,4201.41015625,4227.39990234375,4630200000,-0.0007057229222018175,0.011878799511928228,0.18857009629534519
2022-08-12,4280.14990234375,4280.47021484375,4219.77978515625,4225.02001953125,3788010000,0.017174046951492668,0.012028949424572324,0.19095365226475128
2022-08-15,4297.14013671875,4301.7900390625,4256.89990234375,4269.3701171875,3696830000,0.003961684056233163,0.011643341825313874,0.18483232139698422
2022-08-16,4305.2001953125,4325.27978515625,4277.77001953125,4290.4599609375,4329820000,0.0018739228259478625,0.01125863351616675,0.17872526631716354
2022-08-17,4274.0400390625,4302.18017578125,4253.080078125,4280.39990234375,3885030000,-0.007264114867648021,0.01042154820268252,0.16543694892342062
2022-08-18,4283.740234375,4292.52978515625,4261.97998046875,4273.1298828125,3340330000,0.0022669896063847975,0.010417327738357626,0.16536995112929528
2022-08-19,4228.47998046875,4266.31005859375,4218.7001953125,4266.31005859375,3761340000,-0.012983928713038868,0.010928452237499319,0.1734838010116235
2022-08-22,4137.990234375,4195.080078125,4129.85986328125,4195.080078125,3907430000,-0.021632366466494565,0.011888351091469776,0.1887217229199139
2022-08-23,4128.72998046875,4159.77001953125,4124.02978515625,4133.08984375,3823520000,-0.002240370434437464,0.01192495916206743,0.18930285802458963
2022-08-24,4140.77001953125,4156.56005859375,4119.97021484375,4126.5498046875,3583630000,0.002911916698724165,0.011516090130807736,0.18281226337153536
2022-08-25,4199.1201171875,4200.5400390625,4147.58984375,4153.259765625,3566870000,0.013993241836107048,0.010574246433881293,0.16786095819576902
2022-08-26,4057.659912109375,4203.0400390625,4057.659912109375,4198.740234375,3832750000,-0.03426857631703952,0.012944794364983378,0.2054922399756978
2022-08-29,4030.610107421875,4062.989990234375,4017.419921875,4034.580078125,3396510000,-0.0066886751973248065,0.012588232148980734,0.19983199027290724
2022-08-30,3986.159912109375,4044.97998046875,3965.2099609375,4041.25,3835860000,-0.011089416492117008,0.012770630723234505,0.2027274778747166
2022-08-31,3955.0,4015.3701171875,3954.530029296875,4000.669921875,4542490000,-0.007847738208153028,0.012796477048054658,0.20313777556139134
2022-09-01,3966.85009765625,3970.22998046875,3903.64990234375,3936.72998046875,4152250000,0.0029917522671948716,0.012237846534871094,0.19426979108545472
2022-09-02,3924.260009765625,4018.429931640625,3906.2099609375,3994.659912109375,3665850000,-0.010794552570724387,0.012373743011452958,0.19642708077196788
2022-09-06,3908.18994140625,3942.550048828125,3886.75,3930.889892578125,4127340000,-0.004103464690895143,0.01237495067304752,0.1964462518054507
2022-09-07,3979.8701171875,3987.889892578125,3906.030029296875,3909.429931640625,3890320000,0.018174848666169877,0.013195614032728616,0.2094738787643643
2022-09-08,4006.179931640625,4010.5,3944.81005859375,3959.93994140625,3966850000,0.006588966880442448,0.013309643828892066,0.21128404566056352
2022-09-09,4067.360107421875,4076.81005859375,4022.93994140625,4022.93994140625,3901940000,0.01515601498121106,0.012866699616011962,0.2042525242688275
2022-09-12,4110.41015625,4119.27978515625,4083.669921875,4083.669921875,3814200000,0.010528651483995635,0.013138348173919122,0.20856481143821753
2022-09-13,3932.68994140625,4037.1201171875,3921.280029296875,4037.1201171875,4224550000,-0.04419916303197406,0.015484570138641976,0.24580993047350172
2022-09-14,3946.010009765625,3961.93994140625,3912.179931640625,3940.72998046875,4293240000,0.003381289078844715,0.01547010099870393,0.24558023999773534
2022-09-15,3901.35009765625,3959.139892578125,3888.280029296875,3932.409912109375,4441830000,-0.011382272168149512,0.015486342392355521,0.24583806412901862
2022-09-16,3873.330078125,3880.949951171875,3837.080078125,3880.949951171875,7954650000,-0.007208049775663175,0.0154858813602386,0.24583074547105188
2022-09-19,3899.889892578125,3900.449951171875,3838.5,3849.909912109375,3766850000,0.006833697724705768,0.015619912986539268,0.24795843157710656
2022-09-20,3855.929931640625,3876.010009765625,3827.5400390625,3875.22998046875,4058050000,-0.011336114736600402,0.015579092030688031,0.24731041899233266
2022-09-21,3789.929931640625,3907.070068359375,3789.489990234375,3871.39990234375,4078330000,-0.01726467409850635,0.015365104267226043,0.24391346855794463
2022-09-22,3757.989990234375,3790.89990234375,3749.449951171875,3782.360107421875,4284600000,-0.008463293830453985,0.015385740123939685,0.244241052627675
2022-09-23,3693.22998046875,3727.139892578125,3647.469970703125,3727.139892578125,5144270000,-0.017382828767330778,0.015534861632746581,0.24660828319227765
2022-09-26,3655.0400390625,3715.669921875,3644.760009765625,3682.719970703125,4886140000,-0.010394360890280502,0.014907859757186814,0.2366549369864644
2022-09-27,3647.2900390625,3717.530029296875,3623.2900390625,3686.43994140625,4577740000,-0.0021226109548247284,0.013510531066443872,0.21447303169333654
2022-09-28,3719.0400390625,3736.739990234375,3640.610107421875,3651.93994140625,4684850000,0.019481144181152356,0.014523419080453832,0.2305521304395073
2022-09-29,3640.469970703125,3687.010009765625,3610.39990234375,3687.010009765625,4681810000,-0.0213527948230975,0.014946413493866915,0.23726695858267127
2022-09-30,3585.6201171875,3671.43994140625,3584.1298828125,3633.47998046875,5645360000,-0.0151813515462093,0.015117657905206134,0.23998537933755063
2022-10-03,3678.429931640625,3698.35009765625,3604.929931640625,3609.780029296875,4806680000,0.02555457753093017,0.016433818068106173,0.26087877419693317
2022-10-04,3790.929931640625,3791.919921875,3726.4599609375,3726.4599609375,5146580000,0.030125341416799834,0.017898137501381212,0.284124124559362
2022-10-05,3783.280029296875,3806.909912109375,3722.659912109375,3753.25,4293180000,-0.0020199875589381176,0.01788960680772154,0.28398870399575576
2022-10-06,3744.52001953125,3797.929931640625,3739.219970703125,3771.969970703125,4252100000,-0.010297922911395202,0.01739223130904839,0.27609311272952036
2022-10-07,3639.659912109375,3706.739990234375,3620.72998046875,3706.739990234375,4449660000,-0.028403196531478058,0.018099273134946293,0.28731705375660166
2022-10-10,3612.389892578125,3652.169921875,3588.10009765625,3647.510009765625,3834320000,-0.007520673133652772,0.01753115089784479,0.2782983928346642
2022-10-11,3588.840087890625,3640.659912109375,3568.449951171875,3595.860107421875,4759030000,-0.006540518412323781,0.01713481321063973,0.27200672710138163
2022-10-12,3577.030029296875,3608.340087890625,3573.860107421875,3590.830078125,4006830000,-0.0032961996501662937,0.01479571567111231,0.23487470480990585
2022-10-13,3669.909912109375,3685.409912109375,3491.580078125,3520.3701171875,5021680000,0.025634259307631132,0.01612646661958213,0.2559997212095927
2022-10-14,3583.070068359375,3712.0,3579.679931640625,3690.409912109375,4243030000,-0.023947120744528417,0.01665960166250068,0.26446297764225
2022-10-17,3677.949951171875,3689.72998046875,3638.64990234375,3638.64990234375,4352780000,0.026135524557561848,0.01788751503179199,0.28395549808230736
2022-10-18,3719.97998046875,3762.7900390625,3686.530029296875,3746.260009765625,4483740000,0.011362768207087462,0.01803195212184978,0.2862483658046279
2022-10-19,3695.159912109375,3728.580078125,3666.510009765625,3703.110107421875,4223800000,-0.006694455239684375,0.017943225558480116,0.28483987527645865
2022-10-20,3665.780029296875,3736.0,3656.43994140625,3689.050048828125,4496620000,-0.007982686738766696,0.017661238098044586,0.28036346311755217
2022-10-21,3752.75,3757.889892578125,3647.419921875,3657.10009765625,5078020000,0.023447759860447268,0.01839740274214382,0.29204971455126183
2022-10-24,3797.340087890625,3810.739990234375,3741.64990234375,3762.010009765625,4747930000,0.011811940205111494,0.018124486266929887,0.2877172998186115
2022-10-25,3859.110107421875,3862.85009765625,3799.43994140625,3799.43994140625,4843120000,0.01613577001587496,0.018191348995047305,0.2887787127220796
2022-10-26,3830.60009765625,3886.14990234375,3824.070068359375,3825.969970703125,4817310000,-0.007415140398989885,0.018296220081577805,0.29044348961016464
2022-10-27,3807.300048828125,3859.949951171875,3803.7900390625,3834.68994140625,4687320000,-0.006101185053184453,0.01794582508127106,0.2848811414214524
2022-10-28,3901.06005859375,3905.419921875,3808.260009765625,3808.260009765625,4459410000,0.024328036770856338,0.017854347903795545,0.2834289862480223
2022-10-31,3871.97998046875,3893.72998046875,3863.179931640625,3881.85009765625,4820620000,-0.007482327030336412,0.017532186077814003,0.2783148258072286
2022-11-01,3856.10009765625,3911.7900390625,3843.800048828125,3901.7900390625,4481210000,-0.0041096637203590055,0.01686204474906386,0.26767666201239304
2022-11-02,3759.68994140625,3894.43994140625,3758.679931640625,3852.89990234375,4899000000,-0.025319843737482882,0.016617495261534224,0.2637945592488828
2022-11-03,3719.889892578125,3750.590087890625,3698.14990234375,3733.25,4625290000,-0.010642422531956597,0.016765542479060914,0.266144735968107
2022-11-04,3770.550048828125,3796.340087890625,3708.840087890625,3766.97998046875,5400180000,0.013526823285563951,0.016896607548949942,0.26822532945106903
2022-11-07,3806.800048828125,3813.949951171875,3764.699951171875,3780.7099609375,4341620000,0.00956806167935914,0.015654078433291325,0.24850079123033075
2022-11-08,3828.110107421875,3859.39990234375,3786.280029296875,3817.02001953125,4607640000,0.005582282828760321,0.015510319264016213,0.24621868516680764
2022-11-09,3748.570068359375,3818.199951171875,3744.219970703125,3810.93994140625,4645010000,-0.020996784712303443,0.016247139764589667,0.2579153479992765
2022-11-10,3956.3701171875,3958.330078125,3859.889892578125,3859.889892578125,5781260000,0.05395251566479769,0.019730575078491297,0.31321316929186016
2022-11-11,3992.929931640625,4001.47998046875,3944.820068359375,3963.719970703125,5593310000,0.009198312304769028,0.019181133447359576,0.30449105379633884
2022-11-14,3957.25,4008.969970703125,3956.39990234375,3977.969970703125,4561930000,-0.008975940544918012,0.018350023495370876,0.2912975923256612
2022-11-15,3991.72998046875,4028.840087890625,3953.169921875,4006.409912109375,5015310000,0.008675376414669186,0.017716261854325784,0.28123693816947626
2022-11-16,3958.7900390625,3983.090087890625,3954.340087890625,3976.820068359375,4165320000,-0.008286283111873759,0.01782089870963551,0.2828979967522045
2022-11-17,3946.56005859375,3954.330078125,3906.5400390625,3919.260009765625,4051780000,-0.0030941046442292835,0.01774048252841042,0.281621429450762
2022-11-18,3965.340087890625,3979.889892578125,3935.97998046875,3966.389892578125,4037360000,0.00474729564815821,0.017558177219769034,0.2787274223946501
2022-11-21,3949.93994140625,3962.0,3933.340087890625,3956.22998046875,3850690000,-0.003891249800275618,0.01702948576391049,0.2703347057197318
2022-11-22,4003.580078125,4005.8798828125,3956.8798828125,3965.510009765625,3887990000,0.01348860626982839,0.01707948599003848,0.2711284347027217
2022-11-23,4027.260009765625,4033.780029296875,3998.659912109375,4000.300048828125,3279720000,0.0058972660417383116,0.016815425560266314,0.26693660533310176
2022-11-25,4026.1201171875,4034.02001953125,4020.760009765625,4023.340087890625,1706460000,-0.0002830842622024787,0.016686633694780482,0.26489209785132023
2022-11-28,3963.93994140625,4012.27001953125,3955.77001953125,4005.360107421875,3615430000,-0.015564696794064813,0.017050679046490456,0.27067113865076203
2022-11-29,3957.6298828125,3976.77001953125,3937.64990234375,3964.18994140625,3546040000,-0.0015931337016243704,0.016267659692475157,0.2582410917559125
2022-11-30,4080.110107421875,4080.110107421875,3938.580078125,3957.179931640625,6579360000,0.030478643521294944,0.01738537728807232,0.2759843085196194
2022-12-01,4076.570068359375,4100.509765625,4050.8701171875,4087.139892578125,4527130000,-0.0008680098296065889,0.01733814603034253,0.27523453554724847
2022-12-02,4071.699951171875,4080.47998046875,4026.6298828125,4040.169921875,4012620000,-0.001195374663761461,0.016151010528194957,0.2563893436799389
2022-12-05,3998.840087890625,4052.449951171875,3984.489990234375,4052.02001953125,4280820000,-0.01805624963097222,0.016558296917212913,0.262854814666277
2022-12-06,3941.260009765625,4001.510009765625,3918.389892578125,3996.6298828125,4368380000,-0.014503869422986057,0.016832342014327647,0.26720514571616977
2022-12-07,3933.919921875,3957.570068359375,3922.679931640625,3933.280029296875,4118050000,-0.001864107253381664,0.016763753949786356,0.26611634394606876
2022-12-08,3963.510009765625,3974.18994140625,3935.830078125,3947.7900390625,4006900000,0.007493634413933237,0.016791825855730212,0.266561971637799
2022-12-09,3934.3798828125,3977.02001953125,3933.0400390625,3954.169921875,3888260000,-0.0073767194642132125,0.01612286948710356,0.2559426185017652
2022-12-12,3990.56005859375,3990.7099609375,3935.300048828125,3939.2900390625,3904130000,0.01417830729965003,0.011395209680617363,0.18089334571409582
2022-12-13,4019.64990234375,4100.9599609375,3993.030029296875,4069.3798828125,5079360000,0.007263223255457212,0.011328214785575118,0.1798298347257399
2022-12-14,3995.320068359375,4053.760009765625,3965.64990234375,4015.5400390625,4472340000,-0.006071116623835963,0.011226337378280828,0.17821258102223952
2022-12-15,3895.75,3958.3701171875,3879.449951171875,3958.3701171875,4493900000,-0.02523747790182607,0.012366160610042882,0.19630671388113752
2022-12-16,3852.360107421875,3890.909912109375,3827.909912109375,3890.909912109375,7493660000,-0.011200239946011676,0.012466079371902025,0.19789287505227018
2022-12-19,3817.659912109375,3854.860107421875,3800.0400390625,3853.7900390625,3969610000,-0.0090483289411038,0.012576206144875937,0.19964108337614445
2022-12-20,3821.6201171875,3838.239990234375,3795.6201171875,3810.469970703125,3985370000,0.001036800697890769,0.01250873126778274,0.19856995290894497
2022-12-21,3878.43994140625,3889.820068359375,3839.489990234375,3839.489990234375,3775200000,0.014758548669054294,0.013002016580757149,0.20640061449013064
2022-12-22,3822.389892578125,3853.260009765625,3764.489990234375,3853.260009765625,3956950000,-0.014557142498145655,0.012893348230924551,0.2046755579158857
2022-12-23,3844.820068359375,3845.800048828125,3797.010009765625,3815.110107421875,2819280000,0.005850952271915072,0.012891896846635406,0.20465251790457054
2022-12-27,3829.25,3846.64990234375,3813.219970703125,3843.340087890625,3030300000,-0.004057844034659477,0.012890037375147005,0.20462299970980058
2022-12-28,3783.219970703125,3848.320068359375,3780.780029296875,3829.56005859375,3083520000,-0.012093470442948605,0.012733918770817518,0.2021446936972827
2022-12-29,3849.280029296875,3858.18994140625,3805.449951171875,3805.449951171875,3003680000,0.01731063431499432,0.013429756227400079,0.21319077087552965
2022-12-30,3839.5,3839.85009765625,3800.340087890625,3829.06005859375,2979870000,-0.002543975646110833,0.011281533302549001,0.17908878915622717
2023-01-03,3824.139892578125,3878.4599609375,3794.330078125,3853.2900390625,3959140000,-0.004008572481273608,0.01127414186348503,0.17897145369866224
2023-01-04,3852.969970703125,3873.159912109375,3815.77001953125,3840.360107421875,4414080000,0.007510694562138916,0.011503258242787182,0.18260856346421248
2023-01-05,3808.10009765625,3839.739990234375,3802.419921875,3839.739990234375,3893450000,-0.011713869136457158,0.011155991052012253,0.17709586771251756
2023-01-06,3895.080078125,3906.18994140625,3809.56005859375,3823.3701171875,3923560000,0.02258383558903089,0.012033122863247467,0.19101990354982973
2023-01-09,3892.090087890625,3950.570068359375,3890.419921875,3910.820068359375,4311770000,-0.0007679273259905782,0.012029565607382199,0.19096343386361378
2023-01-10,3919.25,3919.830078125,3877.2900390625,3888.570068359375,3851030000,0.006953997970593733,0.012012179723164578,0.19068744150783706
2023-01-11,3969.610107421875,3970.070068359375,3928.5400390625,3932.35009765625,4303360000,0.012767571192293676,0.012240639018659445,0.19431412039131968
2023-01-12,3983.169921875,3997.760009765625,3937.56005859375,3977.570068359375,4440260000,0.0034100849120427303,0.011855146200907404,0.188194611623479
2023-01-13,3999.090087890625,4003.949951171875,3947.669921875,3960.60009765625,3939700000,0.003988892144656051,0.011774884514589235,0.1869204968526517
2023-01-17,3990.969970703125,4015.389892578125,3984.570068359375,3999.280029296875,4235560000,-0.002032555430996314,0.011707746588821375,0.18585471532191686
2023-01-18,3928.860107421875,4014.159912109375,3926.590087890625,4002.25,4298710000,-0.01568496697774467,0.010833190503625691,0.17197156786788087
2023-01-19,3898.85009765625,3922.93994140625,3885.5400390625,3911.840087890625,3991500000,-0.007667671901812428,0.01067020763015131,0.16938429496082538
2023-01-20,3972.610107421875,3972.9599609375,3897.860107421875,3909.0400390625,4013360000,0.01874167355235196,0.01113085948899832,0.17669691651775826
2023-01-23,4019.81005859375,4039.31005859375,3971.639892578125,3978.139892578125,3945210000,0.011811315951328555,0.011335781677776418,0.17994995541551354
2023-01-24,4016.949951171875,4023.919921875,3989.7900390625,4001.739990234375,3320430000,-0.0007117563642918193,0.010990422159843008,0.17446754303134782
2023-01-25,4016.219970703125,4019.550048828125,3949.06005859375,3982.7099609375,3724020000,-0.00018174157346566321,0.01035864024490349,0.16443831605279904
2023-01-26,4060.429931640625,4061.570068359375,4013.2900390625,4036.080078125,3809590000,0.010947708029114303,0.010503331631123805,0.16673522060155196
2023-01-27,4070.56005859375,4094.2099609375,4048.699951171875,4053.719970703125,3907760000,0.002491734021703855,0.01039246192235911,0.1649752185376227
2023-01-30,4017.77001953125,4063.85009765625,4015.550048828125,4049.27001953125,3802000000,-0.013053569315292663,0.010463634576112327,0.16610504938949983
2023-01-31,4076.60009765625,4077.159912109375,4020.43994140625,4020.85009765625,4679320000,0.014536304416419527,0.010288162834184931,0.16331952184194468
2023-02-01,4119.2099609375,4148.9501953125,4037.199951171875,4070.070068359375,4856930000,0.01039805629688473,0.010343780653324159,0.16420242734938165
2023-02-02,4179.759765625,4195.43994140625,4141.8798828125,4158.68017578125,5624360000,0.014592384626854379,0.010477826829234033,0.16633034442332212
2023-02-03,4136.47998046875,4182.35986328125,4123.35986328125,4136.68994140625,4694510000,-0.010408592637285455,0.010918072057601707,0.17331902076418434
2023-02-06,4111.080078125,4124.6298828125,4093.3798828125,4119.56982421875,4114240000,-0.006159393193939262,0.010596652474415921,0.16821664306249057
2023-02-07,4164.0,4176.5400390625,4088.389892578125,4105.35009765625,4355860000,0.012790364037397075,0.009915093308424553,0.15739722672055206
2023-02-08,4117.85986328125,4156.85009765625,4111.669921875,4153.47021484375,4029820000,-0.011142573012411353,0.010369638875658104,0.16461291390323265
2023-02-09,4081.5,4156.22998046875,4069.669921875,4144.25,4270200000,-0.008869009831037385,0.010615884697218915,0.1685219451346648
2023-02-10,4090.4599609375,4094.360107421875,4060.7900390625,4068.919921875,3891520000,0.0021928557092171274,0.010322949731734029,0.16387174672073504
2023-02-13,4137.2900390625,4138.89990234375,4092.669921875,4096.6201171875,3448620000,0.011383569951155146,0.010543770466510909,0.1673771672120121
2023-02-14,4136.1298828125,4159.77001953125,4095.010009765625,4126.7001953125,3929200000,-0.0002804538554937624,0.01054077149249838,0.16732955997545912
2023-02-15,4147.60009765625,4148.10986328125,4103.97998046875,4119.5,4075980000,0.002769337533076689,0.010509967442602176,0.16684056084306523
2023-02-16,4090.409912109375,4136.5400390625,4089.489990234375,4114.75,4143660000,-0.013884689204881605,0.01036629182708759,0.16455978115437087
2023-02-17,4079.090087890625,4081.510009765625,4047.949951171875,4077.389892578125,4045480000,-0.0027712421722827342,0.010193512686935965,0.1618169973348862
2023-02-21,3997.340087890625,4052.35009765625,3995.18994140625,4052.35009765625,4121590000,-0.020244783973471698,0.010564505319370436,0.16770632279683906
2023-02-22,3991.050048828125,4017.3701171875,3976.89990234375,4001.830078125,4079320000,-0.0015747954856433837,0.010233589533997793,0.16245319755882923
2023-02-23,4012.320068359375,4028.300048828125,3969.18994140625,4018.60009765625,3952940000,0.005315278263237728,0.010306950130534504,0.1636177609256341
2023-02-24,3970.0400390625,3978.25,3943.080078125,3973.239990234375,3877700000,-0.010593464619774184,0.010560651572648915,0.1676451464641932
2023-02-27,3982.239990234375,4018.050048828125,3973.550048828125,3992.360107421875,3836950000,0.0030682925395522777,0.01026760514701909,0.1629931786753158
2023-02-28,3970.14990234375,3997.5,3968.97998046875,3977.18994140625,5043400000,-0.0030406198309477117,0.010246483287789668,0.16265787955482558
2023-03-01,3951.389892578125,3971.72998046875,3939.050048828125,3963.340087890625,4249480000,-0.004736464203492832,0.009920526737885245,0.1574834797392673
2023-03-02,3981.35009765625,3990.840087890625,3928.159912109375,3938.679931640625,4244900000,0.0075535937311959735,0.009488648038506702,0.1506276179286574
2023-03-03,4045.639892578125,4048.2900390625,3995.169921875,3998.02001953125,4084730000,0.01601874917648306,0.009900305648363621,0.15716247989458934
2023-03-06,4048.419921875,4078.489990234375,4044.610107421875,4055.14990234375,4000870000,0.0006869307788483012,0.009259538122405058,0.14699061076323444
2023-03-07,3986.3701171875,4050.0,3980.31005859375,4048.260009765625,3922500000,-0.015445590479262547,0.009561601188151945,0.15178571327657853
2023-03-08,3992.010009765625,4000.409912109375,3969.760009765625,3987.550048828125,3535570000,0.0014137941356032722,0.00953014825233411,0.15128641339951734
2023-03-09,3918.320068359375,4017.81005859375,3908.699951171875,3998.659912109375,4445260000,-0.018631857945482354,0.009656746934812657,0.15329610518039732
2023-03-10,3861.590087890625,3934.050048828125,3846.320068359375,3912.77001953125,5518190000,-0.01458396943606664,0.009831314419889188,0.15606727809546023
2023-03-13,3855.760009765625,3905.050048828125,3808.860107421875,3835.1201171875,6558020000,-0.001510901840738768,0.009744659996268642,0.15469168176603856
2023-03-14,3919.2900390625,3937.2900390625,3873.6298828125,3894.010009765625,5665870000,0.016342388235363665,0.010555973220166912,0.1675708799209159
2023-03-15,3891.929931640625,3894.260009765625,3838.239990234375,3876.739990234375,6594010000,-0.007005363929353597,0.010141731985950982,0.16099500418977303
2023-03-16,3960.280029296875,3964.4599609375,3864.110107421875,3878.929931640625,5695790000,0.017409576249031722,0.01106392103092622,0.17563430143852887
2023-03-17,3916.639892578125,3958.909912109375,3901.27001953125,3958.68994140625,9354280000,-0.011080621273953702,0.011173353674515187,0.17737149080002151
2023-03-20,3951.570068359375,3956.6201171875,3916.889892578125,3917.469970703125,5347140000,0.008878869635940853,0.011141063598268585,0.1768589017306386
2023-03-21,4002.8701171875,4009.080078125,3971.18994140625,3975.889892578125,4920240000,0.012898647518559103,0.011578003897250633,0.18379511394397083
2023-03-22,3936.969970703125,4039.489990234375,3936.169921875,4002.0400390625,4533010000,-0.016600248639842885,0.011297422355377108,0.1793410200503364
2023-03-23,3948.719970703125,4007.659912109375,3919.050048828125,3959.2099609375,4991600000,0.0029800838691824228,0.011323977767619732,0.1797625741508771
2023-03-24,3970.989990234375,3972.739990234375,3909.159912109375,3939.2099609375,4583970000,0.005623963084303207,0.011332111814957182,0.17989169814932102
2023-03-27,3977.530029296875,4003.830078125,3970.489990234375,3982.929931640625,4233540000,0.0016455995637670831,0.011099003828960828,0.17619122359190414
2023-03-28,3971.27001953125,3979.199951171875,3951.530029296875,3974.1298828125,4014600000,-0.0015750832883878866,0.011082939608643878,0.17593621200011533
2023-03-29,4027.81005859375,4030.590087890625,3999.530029296875,3999.530029296875,4145250000,0.014136870775046802,0.011484116848891182,0.1823047032562368
2023-03-30,4050.830078125,4057.85009765625,4032.10009765625,4046.739990234375,3930860000,0.005698999199482652,0.011463479600792205,0.181977097098949
2023-03-31,4109.31005859375,4110.75,4056.179931640625,4056.179931640625,4525120000,0.014333327782036555,0.01174388727824281,0.1864284309804341
2023-04-03,4124.509765625,4127.66015625,4098.7900390625,4102.2001953125,4234700000,0.003692022565802823,0.011281202350337818,0.17908353545274736
2023-04-04,4100.60009765625,4133.1298828125,4086.8701171875,4128.02978515625,4227800000,-0.005813839745162529,0.011376688107191309,0.18059932485104604
2023-04-05,4090.3798828125,4099.68994140625,4072.56005859375,4094.5,3968020000,-0.002495481657121423,0.010799214834484197,0.17143222084082843
2023-04-06,4105.02001953125,4107.31982421875,4069.840087890625,4081.14990234375,3486690000,0.0035727731328032467,0.010811356809828523,0.17162496872394545
2023-04-10,4109.10986328125,4109.5,4072.550048828125,4085.199951171875,3423650000,0.0009958070170100843,0.009800577159023932,0.1555793392060635
2023-04-11,4108.93994140625,4124.259765625,4102.60986328125,4110.2900390625,3665830000,-4.135333298352082e-05,0.009034425260528172,0.14341705486654482
2023-04-12,4091.949951171875,4134.3701171875,4086.93994140625,4121.72021484375,3633120000,-0.0041434563234613855,0.009117396457890508,0.14473418179175682
2023-04-13,4146.22021484375,4150.259765625,4099.39990234375,4100.0400390625,3596590000,0.013175510497831548,0.00890649431603891,0.1413862140818956
2023-04-14,4137.64013671875,4163.18994140625,4113.2001953125,4140.10986328125,3575690000,-0.0020715175845779886,0.008700922880809765,0.138122868716246
2023-04-17,4151.31982421875,4151.72021484375,4123.18017578125,4137.169921875,3611180000,0.0033007035826147536,0.008045823347349787,0.12772348601906874
2023-04-18,4154.8701171875,4169.47998046875,4140.35986328125,4164.259765625,3536640000,0.0008548548034659753,0.00745761416812295,0.11838595477635097
2023-04-19,4154.52001953125,4162.56982421875,4134.490234375,4139.330078125,3572560000,-8.426554793962826e-05,0.007348713479299975,0.11665720993497564
2023-04-20,4129.7900390625,4148.56982421875,4114.56982421875,4130.47998046875,3772080000,-0.005970335188311131,0.007149791876638326,0.11349942738872887
2023-04-21,4133.52001953125,4138.02001953125,4113.85986328125,4132.14013671875,3611750000,0.0009027812573008861,0.005835301854680061,0.09263254519486445
2023-04-24,4137.0400390625,4142.41015625,4117.77001953125,4132.06982421875,3290940000,0.0008512167782723126,0.005841747779301634,0.09273487107597576
2023-04-25,4071.6298828125,4126.43017578125,4071.3798828125,4126.43017578125,3978640000,-0.01593718381857645,0.0069943404147205296,0.11103171193367337
2023-04-26,4055.989990234375,4089.669921875,4049.35009765625,4087.780029296875,3837030000,-0.0038485835033448754,0.007078764498319476,0.1123719027128774
2023-04-27,4135.35009765625,4138.240234375,4075.2900390625,4075.2900390625,3750550000,0.019377193402696356,0.008109529761621171,0.1287347939935592
2023-04-28,4169.47998046875,4170.06005859375,4127.18017578125,4129.6298828125,4087800000,0.008219331313243467,0.007759333707474419,0.12317560397722868
2023-05-01,4167.8701171875,4186.919921875,4164.1201171875,4166.7900390625,3321370000,-0.0003861810485107871,0.007713903988474993,0.12245442954560454
2023-05-02,4119.580078125,4164.10009765625,4089.719970703125,4164.10009765625,4486130000,-0.011653906680571788,0.007611807222853121,0.1208336936366074
2023-05-03,4090.75,4148.2998046875,4088.860107421875,4122.25,4246510000,-0.007022908054892971,0.007718686560315741,0.12253035051991204
2023-05-04,4061.219970703125,4082.610107421875,4048.280029296875,4082.550048828125,4920090000,-0.007244913455062742,0.007775065247220903,0.12342533442868464
2023-05-05,4136.25,4147.02001953125,4084.72998046875,4084.72998046875,4186270000,0.018306166381879797,0.008764797364549994,0.1391368447108417
2023-05-08,4138.1201171875,4142.2998046875,4123.81005859375,4136.97998046875,3641640000,0.0004520264848820656,0.008737058324050095,0.13869650109422
2023-05-09,4119.169921875,4130.35009765625,4116.64990234375,4124.25,3810140000,-0.004589938949059595,0.008802233299042717,0.139731121747432
2023-05-10,4137.64013671875,4154.27978515625,4098.919921875,4143.740234375,4057160000,0.004473942241914432,0.008853186701776044,0.1405399819399414
2023-05-11,4130.6201171875,4132.7998046875,4109.2900390625,4132.240234375,3752900000,-0.0016980648897067581,0.00880734824006354,0.13981231891890317
2023-05-12,4124.080078125,4143.740234375,4099.1201171875,4138.5400390625,3533740000,-0.0015845615894390477,0.008316105633628662,0.13201408429874797
2023-05-15,4136.27978515625,4141.25,4110.27001953125,4126.64990234375,3562170000,0.002953797680316935,0.008333504464999697,0.1322902821842134
2023-05-16,4109.89990234375,4135.5400390625,4109.85986328125,4127.9501953125,3654200000,-0.006398107681917463,0.00840893558986958,0.13348771416933083
2023-05-17,4158.77001953125,4164.669921875,4113.6201171875,4122.85009765625,4039080000,0.011820688622071574,0.008825950963561913,0.1401076279994143
2023-05-18,4198.0498046875,4202.2001953125,4153.5,4157.68017578125,3980500000,0.009400723063727155,0.009058650983843465,0.14380162630188234
2023-05-19,4191.97998046875,4212.91015625,4180.2001953125,4204.14990234375,4041900000,-0.0014469138806754414,0.00895032718062391,0.14208203923555648
2023-05-22,4192.6298828125,4209.22021484375,4179.68017578125,4190.77978515625,3728520000,0.00015502267980239146,0.008951016559306527,0.14209298278287663
2023-05-23,4145.580078125,4185.68017578125,4142.5400390625,4176.7998046875,4155320000,-0.011285468768284297,0.009323221082535726,0.14800154641478358
2023-05-24,4115.240234375,4132.9599609375,4103.97998046875,4132.9599609375,0,-0.007345512678305211,0.00875559620491476,0.1389907808298323
2023-05-25,4151.27978515625,4165.740234375,4129.72998046875,4155.7099609375,4147760000,0.008719456079011883,0.008871732505795996,0.14083438745174462
2023-05-26,4205.4501953125,4212.8701171875,4156.16015625,4156.16015625,3715460000,0.012964680931640788,0.008303565275785862,0.1318150122895251
2023-05-30,4205.52001953125,4231.10009765625,4192.18017578125,4226.7099609375,4228510000,1.660313066576836e-05,0.008128205318630127,0.12903125927020703
2023-05-31,4179.830078125,4195.43994140625,4166.14990234375,4190.740234375,5980670000,-0.006127358186214099,0.008251927538688173,0.1309952886257654
2023-06-01,4221.02001953125,4232.43017578125,4171.64013671875,4183.02978515625,4391860000,0.009806215085853812,0.008045022306074776,0.12771076988304728
2023-06-02,4282.3701171875,4290.669921875,4241.009765625,4241.009765625,4454200000,0.014429812390107408,0.008311831175682283,0.13194622938245365
2023-06-05,4273.7900390625,4299.27978515625,4266.81982421875,4282.990234375,3813290000,-0.002005591490657713,0.008090471608193024,0.12843225518704524
2023-06-06,4283.85009765625,4288.330078125,4263.08984375,4271.33984375,3996560000,0.002351130233850576,0.007228164723392353,0.11474355776103687
2023-06-07,4267.52001953125,4299.18994140625,4263.9599609375,4285.47021484375,4537800000,-0.003819293926420617,0.0073236070522690565,0.11625865776157643
2023-06-08,4293.93017578125,4298.009765625,4261.06982421875,4268.68994140625,3826740000,0.00616957160752325,0.007254775967712794,0.11516599816833606
2023-06-09,4298.85986328125,4322.6201171875,4291.7001953125,4304.8798828125,3786510000,0.0011474010230505239,0.007233853583104002,0.1148338656092802
2023-06-12,4338.93017578125,4340.1298828125,4304.3701171875,4308.31982421875,3945670000,0.00927797498175416,0.007362323380893919,0.11687326042488946
2023-06-13,4369.009765625,4375.3701171875,4349.31005859375,4352.60986328125,4275400000,0.006908570725908898,0.0073690640423461126,0.11698026510813696
2023-06-14,4372.58984375,4391.81982421875,4337.85009765625,4366.2900390625,4252110000,0.0008190899801265841,0.0073807874632389366,0.11716636864532107
2023-06-15,4425.83984375,4439.2001953125,4362.60009765625,4365.330078125,4176690000,0.012104580493589997,0.007351529947989578,0.11670191998934418
2023-06-16,4409.58984375,4448.47021484375,4407.43994140625,4440.9501953125,6848600000,-0.0036783764677510893,0.0072546007536123894,0.11516321673072089
2023-06-20,4388.7099609375,4400.14990234375,4367.18994140625,4396.10986328125,4055790000,-0.004746353835236048,0.007266745651350682,0.11535601100540388
2023-06-21,4365.68994140625,4386.22021484375,4360.14013671875,4380.009765625,3709330000,-0.005259086366925201,0.007406449291911173,0.11757373754644437
2023-06-22,4381.89013671875,4382.25,4351.81982421875,4355.39990234375,3511000000,0.0037039303873345254,0.007404328669045605,0.11754007370208328
2023-06-23,4348.330078125,4366.5498046875,4341.33984375,4354.169921875,6053620000,-0.007688288056502158,0.007115080768814351,0.11294840563452616
2023-06-26,4328.81982421875,4362.06005859375,4328.080078125,4344.83984375,3415030000,-0.004496934363132171,0.006947708000214097,0.11029144530276236
2023-06-27,4378.41015625,4384.419921875,4335.0,4337.35986328125,3573500000,0.01139073352418076,0.007091969373424095,0.11258152360660033
2023-06-28,4376.85986328125,4390.35009765625,4360.22021484375,4367.47998046875,3739330000,-0.0003541393883898215,0.006697333153013701,0.1063168678213341
2023-06-29,4396.43994140625,4398.39013671875,4371.97021484375,4374.93994140625,3696660000,0.00446356811449,0.006705024897337841,0.10643897047711388
2023-06-30,4450.3798828125,4458.47998046875,4422.43994140625,4422.43994140625,3923450000,0.0121943502618858,0.0067707095134457536,0.1074816814322196
2023-07-03,4455.58984375,4456.4599609375,4442.2900390625,4450.47998046875,2034280000,0.0011699930926736418,0.006595800331121674,0.10470508424151259
2023-07-05,4446.81982421875,4454.06005859375,4436.60986328125,4442.0400390625,3482620000,-0.0019702580976127164,0.0060721439498481,0.0963922968977012
2023-07-06,4411.58984375,4422.6201171875,4385.0498046875,4422.6201171875,3682020000,-0.007954061175894762,0.0063887648819753555,0.10141849837541828
2023-07-07,4398.9501953125,4440.39013671875,4397.39990234375,4404.5400390625,3630480000,-0.002869212795733482,0.006455658792418001,0.10248040628295348
2023-07-10,4409.52978515625,4412.60009765625,4389.919921875,4394.22998046875,3429600000,0.002402138610626312,0.006352719321920554,0.10084629284877998
2023-07-11,4439.259765625,4443.64013671875,4408.4599609375,4415.5498046875,3624220000,0.006719583998254874,0.006373777947041306,0.10118058815891467
2023-07-12,4472.16015625,4488.33984375,4463.22998046875,4467.68994140625,3920290000,0.007383905235389679,0.006496477889456308,0.1031283893599869
2023-07-13,4510.0400390625,4517.3798828125,4489.35986328125,4491.5,3839530000,0.008434482989627111,0.006450911499293622,0.10240504534090647
2023-07-14,4505.419921875,4527.759765625,4499.56005859375,4514.60986328125,3647450000,-0.001024932196907484,0.006371162849646809,0.10113907477475435
2023-07-17,4522.7900390625,4532.85009765625,4504.89990234375,4508.85986328125,3538240000,0.0038479695744204137,0.0063900886329054515,0.10143951226997122
2023-07-18,4554.97998046875,4562.2998046875,4514.58984375,4521.77978515625,4090010000,0.007092066941428338,0.006063693885173656,0.09625815627955525
2023-07-19,4565.72021484375,4578.43017578125,4557.47998046875,4563.8701171875,4115670000,0.002355134827233639,0.00595450960804802,0.09452490961343851
2023-07-20,4534.8701171875,4564.740234375,4527.56005859375,4554.3798828125,3761770000,-0.006779827396257691,0.006079076565055932,0.09650234875235256
2023-07-21,4536.33984375,4555.0,4535.7900390625,4550.16015625,3570190000,0.0003240420146130911,0.005884922038248205,0.09342024118924855
2023-07-24,4554.64013671875,4563.41015625,4541.2900390625,4543.39013671875,3856250000,0.004026038496874852,0.005890478791780293,0.09350845191690525
2023-07-25,4567.4599609375,4580.6201171875,4552.419921875,4555.18994140625,3812470000,0.0028107195758387046,0.005471898535863796,0.08686369635164432
2023-07-26,4566.75,4582.47021484375,4547.580078125,4558.9599609375,3990290000,-0.00015545097867591856,0.005279247308036729,0.08380545292003432
2023-07-27,4537.41015625,4607.06982421875,4528.56005859375,4598.259765625,4553210000,-0.006445393055197076,0.005219891470696866,0.08286320821326665
2023-07-28,4582.22998046875,4590.16015625,4564.009765625,4565.75,3981010000,0.009829375810433848,0.005485903369909446,0.08708601619986944
2023-07-31,4588.9599609375,4594.22021484375,4573.14013671875,4584.81982421875,4503600000,0.0014676354365687912,0.005462550990188899,0.08671530866429675
2023-08-01,4576.72998046875,4584.6201171875,4567.52978515625,4578.830078125,4042370000,-0.0026686453076827116,0.005026709781831728,0.07979654397373498
2023-08-02,4513.39013671875,4550.93017578125,4505.75,4550.93017578125,4270710000,-0.013936200638336184,0.00603164542426093,0.09574940273469057
2023-08-03,4501.89013671875,4519.490234375,4485.5400390625,4494.27001953125,4149120000,-0.0025512254502915274,0.0060454067263004336,0.0959678566321684
2023-08-04,4478.02978515625,4540.33984375,4474.5498046875,4513.9599609375,4143310000,-0.0053141693739379705,0.005884240842282706,0.09340942753853569
2023-08-07,4518.43994140625,4519.83984375,4491.14990234375,4491.580078125,3493920000,0.008983618964856572,0.006088492807903602,0.09665182697350971
2023-08-08,4499.3798828125,4503.31005859375,4464.39013671875,4498.02978515625,3884910000,-0.004227205100058866,0.006198073385519472,0.09839136471487614
2023-08-09,4467.7099609375,4502.43994140625,4461.330078125,4501.56982421875,3803100000,-0.007063619102045116,0.006286877398383289,0.09980108471564958
2023-08-10,4468.830078125,4527.3701171875,4457.919921875,4487.16015625,4504370000,0.00025068252108086326,0.006074348833815624,0.09642729834558814
2023-08-11,4464.0498046875,4476.22998046875,4443.97998046875,4450.68994140625,3753290000,-0.0010702648992294865,0.005757529972300411,0.09139795483624494
2023-08-14,4489.72021484375,4490.330078125,4453.43994140625,4458.1298828125,3896410000,0.005734004879419051,0.0059128408821018065,0.09386343909562299
2023-08-15,4437.85986328125,4478.8701171875,4432.18994140625,4478.8701171875,3832250000,-0.011618139396096483,0.006335912912483698,0.10057949936996888
2023-08-16,4404.330078125,4449.9501953125,4403.5498046875,4433.7900390625,3753910000,-0.007584081792624527,0.0062182940109784535,0.09871235719278801
2023-08-17,4370.35986328125,4421.169921875,4364.830078125,4416.31982421875,3943700000,-0.0077428113775290805,0.006287079198835733,0.09980428819851934
2023-08-18,4369.7099609375,4381.81982421875,4335.31005859375,4344.8798828125,3940400000,-0.00014871788395720285,0.0062053486568391875,0.09850685606667106
2023-08-21,4399.77001953125,4407.5498046875,4360.2998046875,4380.27978515625,3726850000,0.006855634859799785,0.006473285216351522,0.10276021708834243
2023-08-22,4387.5498046875,4418.58984375,4382.77001953125,4415.330078125,3522760000,-0.0027813310465456837,0.006354410098863995,0.10087313310066894
2023-08-23,4436.009765625,4443.18017578125,4396.43994140625,4396.43994140625,3837270000,0.010984330710791359,0.006878369061034168,0.1091907237673036
2023-08-24,4376.31005859375,4458.2998046875,4375.5498046875,4455.16015625,3723470000,-0.01354935398400801,0.007362088792943756,0.11686953645662923
2023-08-25,4405.7099609375,4418.4599609375,4356.2900390625,4389.3798828125,3296180000,0.006695501060295156,0.0075245597496673,0.11944868293719664
2023-08-28,4433.31005859375,4439.56005859375,4414.97998046875,4426.02978515625,2957230000,0.006245078594196461,0.007294168201093421,0.11579133048701139
2023-08-29,4497.6298828125,4500.14013671875,4431.68017578125,4432.75,3354820000,0.014404068712056505,0.008068945659254525,0.12809054134128958
2023-08-30,4514.8701171875,4521.64990234375,4493.58984375,4500.33984375,3064110000,0.003825854181192944,0.008124342310849448,0.12896993592280473
2023-08-31,4507.66015625,4532.259765625,4507.39013671875,4517.009765625,3946360000,-0.0015982129743398576,0.007540480554821314,0.11970141788385327
2023-09-01,4515.77001953125,4541.25,4501.35009765625,4530.60009765625,3246260000,0.001797512765518541,0.007528362473013201,0.11950904929886484
2023-09-05,4496.830078125,4514.2900390625,4496.009765625,4510.06005859375,3526250000,-0.004202997821381205,0.007491879128289748,0.11892989415606026
2023-09-06,4465.47998046875,4490.35009765625,4442.3798828125,4490.35009765625,3418850000,-0.006996014491432261,0.007365529030551166,0.1169241485355903
2023-09-07,4451.14013671875,4457.81005859375,4430.4599609375,4434.5498046875,3763760000,-0.003216433115732967,0.007343646393133159,0.11657677243576085
2023-09-08,4457.490234375,4473.52978515625,4448.3798828125,4451.2998046875,3259290000,0.0014256060622570594,0.00719723478794587,0.1142525602574848
2023-09-11,4487.4599609375,4490.77001953125,4467.89013671875,4480.97998046875,3369920000,0.006700951498135517,0.007349385243910068,0.11666787386756292
2023-09-12,4461.89990234375,4487.10986328125,4456.830078125,4473.27001953125,3435740000,-0.005712169023003997,0.007458437424780799,0.11839902357064205
2023-09-13,4467.43994140625,4479.39013671875,4453.52001953125,4462.64990234375,3529430000,0.0012408621175346041,0.007348670687392267,0.1166565306345001
2023-09-14,4505.10009765625,4511.990234375,4478.68994140625,4487.77978515625,3648720000,0.00839458553366625,0.007092098466857259,0.11258357290132061
2023-09-15,4450.31982421875,4497.97998046875,4447.2099609375,4497.97998046875,6932230000,-0.012234145842493929,0.007428806386283369,0.11792864541692537
2023-09-18,4453.52978515625,4466.35986328125,4442.10986328125,4445.1298828125,3161230000,0.0007210276941755188,0.007185149192450399,0.11406070737672197
2023-09-19,4443.9501953125,4449.85009765625,4416.60986328125,4445.41015625,3614880000,-0.0021533273615331264,0.007213008348874159,0.11450295777452187
2023-09-20,4402.2001953125,4461.02978515625,4401.3798828125,4452.81005859375,3308450000,-0.009439204206291041,0.007403206961187453,0.11752226714186526
2023-09-21,4330.0,4375.7001953125,4329.169921875,4374.35986328125,3662340000,-0.016536918318488084,0.00822677468847784,0.1305959995072394
2023-09-22,4320.06005859375,4357.39990234375,4316.490234375,4341.740234375,3349570000,-0.0022982374027607495,0.007788193493026461,0.12363373886999685
2023-09-25,4337.43994140625,4338.509765625,4302.7001953125,4310.6201171875,3195650000,0.0040149942038066174,0.007332356916604889,0.11639755755180543
2023-09-26,4273.52978515625,4313.009765625,4265.97998046875,4312.8798828125,3472340000,-0.014844165482264943,0.007779439866717099,0.12349477936028946
2023-09-27,4274.509765625,4292.06982421875,4238.6298828125,4282.6298828125,3875880000,0.00022928777229479233,0.007590354666864773,0.12049314486781625
2023-09-28,4299.7001953125,4317.27001953125,4264.3798828125,4269.64990234375,3846230000,0.005875877143000698,0.006878328581491326,0.10919008117448234
2023-09-29,4288.0498046875,4333.14990234375,4274.85986328125,4328.18017578125,3865960000,-0.002713259648289315,0.006741247861205598,0.10701399220197647
2023-10-02,4288.39013671875,4300.580078125,4260.2099609375,4284.52001953125,3938660000,7.936440615299324e-05,0.00676181064580108,0.10734041628779228
2023-10-03,4229.4501953125,4281.14990234375,4216.4501953125,4269.75,3953830000,-0.013839395863449198,0.007130332770625964,0.11319052365726276
2023-10-04,4263.75,4268.5,4220.47998046875,4233.830078125,3777600000,0.008077047607828946,0.007529388822552558,0.11952534209270103
2023-10-05,4258.18994140625,4267.1298828125,4225.91015625,4259.31005859375,3581470000,-0.0013048811469951228,0.007462901536488444,0.1184698891470615
2023-10-06,4308.5,4324.10009765625,4219.5498046875,4234.7900390625,3902030000,0.011745642093961117,0.008057867007510745,0.12791467319703398
2023-10-09,4335.66015625,4341.72998046875,4283.7900390625,4289.02001953125,3174630000,0.006284068119387409,0.008215802581502223,0.13042182270874414
2023-10-10,4358.240234375,4385.4599609375,4339.64013671875,4339.75,3520240000,0.005194476099985354,0.008148570597120099,0.12935454804379726
2023-10-11,4376.9501953125,4378.64013671875,4345.33984375,4366.58984375,3601660000,0.004283819500095073,0.008175463772617811,0.12978146396978782
2023-10-12,4349.60986328125,4385.85009765625,4325.43017578125,4380.93994140625,3713140000,-0.006266024940654918,0.008240330823105824,0.13081119647302913
2023-10-13,4327.77978515625,4377.10009765625,4311.97021484375,4360.490234375,3566560000,-0.005031495660219892,0.007969146658979577,0.12650628132636732
2023-10-16,4373.6298828125,4383.330078125,4342.3701171875,4342.3701171875,3409960000,0.010538642302589985,0.008043413520343134,0.12768523120129502
2023-10-17,4373.2001953125,4393.56982421875,4337.5400390625,4345.22998046875,3794850000,-9.824987944376507e-05,0.008037510570418365,0.12759152477627936
2023-10-18,4314.60009765625,4364.2001953125,4303.83984375,4357.35009765625,3686030000,-0.013490408251151898,0.008495917655258497,0.13486851165058183
2023-10-19,4278.0,4339.5400390625,4269.68994140625,4321.35986328125,3969730000,-0.008519032328057976,0.008454691054392855,0.13421405965083577
2023-10-20,4224.16015625,4276.56005859375,4223.02978515625,4273.85009765625,4004030000,-0.012665149196155915,0.008143744309339562,0.12927793310045968
2023-10-23,4217.0400390625,4255.83984375,4189.22021484375,4210.39990234375,3776100000,-0.0016869920654349177,0.008140633592498262,0.12922855200149236
2023-10-24,4247.68017578125,4259.3798828125,4219.43017578125,4235.7900390625,3821820000,0.0072395235196288195,0.008272260187604968,0.13131805942093958
2023-10-25,4186.77001953125,4232.419921875,4181.419921875,4232.419921875,3869370000,-0.014443434657238052,0.008239113295135238,0.13079186881568255
2023-10-26,4137.22998046875,4183.60009765625,4127.89990234375,4175.990234375,4277640000,-0.011903081205584871,0.008569078263866964,0.13602990030744663
2023-10-27,4117.3701171875,4156.7001953125,4103.77978515625,4152.93017578125,4019500000,-0.00481183857862075,0.008421828738634141,0.13369238656081636
2023-10-30,4166.81982421875,4177.47021484375,4132.93994140625,4139.39013671875,3911140000,0.011938474300285915,0.00895530731197234,0.1421610963698228
2023-10-31,4193.7998046875,4195.5498046875,4153.1201171875,4171.330078125,4249470000,0.006454084821688244,0.009113385310707432,0.1446705068042458
2023-11-01,4237.85986328125,4245.64013671875,4197.740234375,4201.27001953125,4224900000,0.010451194990191868,0.00895063112868245,0.1420868642614028
2023-11-02,4317.77978515625,4319.72021484375,4268.259765625,4268.259765625,4669780000,0.018682938934086474,0.009692075675498625,0.1538569315523263
2023-11-03,4358.33984375,4373.6201171875,4334.22998046875,4334.22998046875,4570960000,0.00934988354455146,0.009864736285493914,0.1565978337639118
2023-11-06,4365.97998046875,4372.2099609375,4347.52978515625,4364.27001953125,3656340000,0.0017514577241005862,0.009562266288884985,0.15179627142339713
2023-11-07,4378.3798828125,4386.259765625,4355.41015625,4366.2099609375,3791230000,0.0028360934017119537,0.00948967459586707,0.15064391402154984
2023-11-08,4382.77978515625,4391.2001953125,4359.759765625,4384.3701171875,3729510000,0.0010044110324198868,0.00942916057578237,0.14968328373368855
2023-11-09,4347.35009765625,4393.39990234375,4343.93994140625,4391.41015625,3900780000,-0.008116690699068705,0.009552537723226041,0.15164183523131555
2023-11-10,4415.240234375,4418.02978515625,4353.33984375,4364.14990234375,3665080000,0.015495759270772258,0.010043374724582289,0.15943363107045938
2023-11-13,4411.5498046875,4421.759765625,4393.81982421875,4406.66015625,3326240000,-0.0008361884413700847,0.009964810365785014,0.15818646053871435
2023-11-14,4495.7001953125,4508.669921875,4458.97021484375,4458.97021484375,4700350000,0.01889537047457725,0.010519832160103599,0.16699715837864124
2023-11-15,4502.8798828125,4521.169921875,4495.31005859375,4505.2998046875,4347170000,0.0015957382078471765,0.010514980457190019,0.16692013998257424
2023-11-16,4508.240234375,4511.990234375,4487.830078125,4497.080078125,3964520000,0.0011897193967137305,0.009948876181384441,0.15793351320310298
2023-11-17,4514.02001953125,4520.1201171875,4499.66015625,4509.5498046875,3777240000,0.0012812279371779871,0.00965173634100117,0.1532165644695216
2023-11-20,4547.3798828125,4557.10986328125,4510.35986328125,4511.7001953125,3644790000,0.007363103793795633,0.009042657593345984,0.1435477390986199
2023-11-21,4538.18994140625,4542.14013671875,4525.509765625,4538.77001953125,3511080000,-0.002022975931757968,0.009052606011005946,0.14370566533302107
2023-11-22,4556.6201171875,4568.43017578125,4545.0498046875,4553.0400390625,3042810000,0.004052905094313324,0.009013322625119653,0.14308206091475076
2023-11-24,4559.33984375,4560.31005859375,4552.7998046875,4555.83984375,1639500000,0.0005966956096450322,0.008078383352541945,0.1282403600776213
2023-11-27,4550.43017578125,4560.52001953125,4546.31982421875,4554.85986328125,3403990000,-0.0019560693168983586,0.0073548562390519,0.11675472322297889
2023-11-28,4554.89013671875,4568.14013671875,4540.509765625,4545.5498046875,3586240000,0.0009796385280502918,0.007090769031394139,0.11256246876760345
2023-11-29,4550.580078125,4587.64013671875,4547.14990234375,4571.83984375,4418760000,-0.0009466966151019382,0.006999892634809527,0.11111985069515207
2023-11-30,4567.7998046875,4569.89013671875,4537.240234375,4554.8701171875,5399300000,0.003776931264994605,0.0069810516597804744,0.11082075948884297
2023-12-01,4594.6298828125,4599.39013671875,4554.7099609375,4559.43017578125,4397120000,0.005856558953846637,0.006841595521793058,0.1086069619293457
2023-12-04,4569.77978515625,4572.3701171875,4546.72021484375,4564.3701171875,4369910000,-0.005423188063826943,0.006222565763804695,0.09878016916663145
2023-12-05,4567.18017578125,4578.56005859375,4551.68017578125,4557.25,3909950000,-0.0005690315939348026,0.0060671636302788035,0.09631323677552128
2023-12-06,4549.33984375,4590.740234375,4546.5,4586.22998046875,4245680000,-0.003913851944943747,0.006213635904844946,0.09863841205032918
2023-12-07,4585.58984375,4590.919921875,4565.22021484375,4568.83984375,3818880000,0.007936610684821922,0.006347869380763996,0.10076930241973868
2023-12-08,4604.3701171875,4609.22998046875,4574.06005859375,4576.2001953125,3707010000,0.0040871341465037936,0.006354433437383574,0.10087350358818159
2023-12-11,4622.43994140625,4623.7099609375,4593.39013671875,4593.39013671875,3823210000,0.003916813547781492,0.005889038869254303,0.09348559385543945
2023-12-12,4643.7001953125,4643.93017578125,4608.08984375,4618.2998046875,3808380000,0.0045888127956924,0.005160540508162064,0.08192104089163027
2023-12-13,4707.08984375,4709.68994140625,4643.22998046875,4646.2001953125,5063650000,0.01355834517501981,0.005642362088938088,0.08956972136585455
2023-12-14,4719.5498046875,4738.56982421875,4694.33984375,4721.0400390625,6314040000,0.002643565185154432,0.004327041992743772,0.06868966215200024
2023-12-15,4719.18994140625,4725.52978515625,4704.68994140625,4714.22998046875,8218980000,-7.625240044859478e-05,0.00435620139889931,0.06915255337439552
2023-12-18,4740.56005859375,4749.52001953125,4725.580078125,4725.580078125,4060340000,0.004518122263400515,0.0043767971616086865,0.06947950097153976
2023-12-19,4768.3701171875,4768.68994140625,4743.72021484375,4743.72021484375,4026970000,0.005849267450818904,0.0044319586590979496,0.07035516259735479
2023-12-20,4698.35009765625,4778.009765625,4697.81982421875,4764.72998046875,4201320000,-0.014793147965305628,0.005699825148769355,0.09048191916117268
2023-12-21,4746.75,4748.7099609375,4708.35009765625,4724.2900390625,3431180000,0.010248769307271876,0.005938697500913949,0.09427390019435453
2023-12-22,4754.6298828125,4772.93994140625,4736.77001953125,4753.919921875,3046770000,0.0016586821527610754,0.005923091315493426,0.09402615968113213
2023-12-26,4774.75,4784.72021484375,4758.4501953125,4758.85986328125,2513910000,0.004222761046978559,0.0059321994821176114,0.09417074734385614
2023-12-27,4781.580078125,4785.39013671875,4768.89990234375,4773.4501953125,2748450000,0.0014294356164229985,0.005859208815105984,0.09301205642620719
2023-12-28,4783.35009765625,4793.2998046875,4780.97998046875,4786.43994140625,2698860000,0.0003701061103271183,0.005867889418074399,0.09314985672631428
2023-12-29,4769.830078125,4788.43017578125,4751.990234375,4782.8798828125,3126060000,-0.0028304770367338357,0.00593451376855739,0.09420748550214948
2024-01-02,4742.830078125,4754.330078125,4722.669921875,4745.2001953125,3743050000,-0.005676660799723162,0.006166194433785723,0.09788530204480655
2024-01-03,4704.81005859375,4729.2900390625,4699.7099609375,4725.06982421875,3950760000,-0.008048618327197648,0.006447905246374572,0.10235732255529466
2024-01-04,4688.68017578125,4726.77978515625,4687.52978515625,4697.419921875,3715480000,-0.003434271663317429,0.006360879600969059,0.1009758332627274
2024-01-05,4697.240234375,4721.490234375,4682.10986328125,4690.56982421875,3844370000,0.0018240216394339805,0.0063485912843065226,0.10078076228320329
2024-01-08,4763.5400390625,4764.5400390625,4699.81982421875,4703.7001953125,3742320000,0.014015945436353141,0.006796926798277611,0.10789786792651823
2024-01-09,4756.5,4765.47021484375,4730.35009765625,4741.93017578125,3529960000,-0.0014789938523175842,0.006708940545779254,0.10650112946909912
2024-01-10,4783.4501953125,4790.7998046875,4756.2001953125,4759.93994140625,3498680000,0.005649980650495912,0.0067448214346292265,0.10707072092140098
2024-01-11,4780.240234375,4798.5,4739.580078125,4792.1298828125,3759890000,-0.0006712808369611647,0.006747710320853195,0.10711658056848847
2024-01-12,4783.830078125,4802.39990234375,4768.97998046875,4791.18017578125,3486340000,0.0007506937530339595,0.006714562795702382,0.1065903799197306
2024-01-16,4765.97998046875,4782.33984375,4747.1201171875,4772.35009765625,4260550000,-0.0037383190523568345,0.006191046860542017,0.09827982208884817
2024-01-17,4739.2099609375,4744.22998046875,4714.81982421875,4739.1298828125,3928600000,-0.005632731271107821,0.006316086073302755,0.1002647580554254
2024-01-18,4780.93994140625,4785.7900390625,4740.56982421875,4760.10009765625,4019000000,0.008766720726243148,0.006585908132921356,0.10454805046336577
2024-01-19,4839.81005859375,4842.06982421875,4785.8701171875,4796.27978515625,4287200000,0.012238308232548512,0.007015874831816813,0.1113735602072664
2024-01-22,4850.43017578125,4868.41015625,4844.0498046875,4853.419921875,4297610000,0.0021919211872316853,0.006934049505138735,0.1100746234152455
2024-01-23,4864.60009765625,4866.47998046875,4844.3701171875,4856.7998046875,3912800000,0.002917115340764486,0.0059480145791001235,0.09442180422531271
2024-01-24,4868.5498046875,4903.68017578125,4865.93994140625,4888.56005859375,4330030000,0.0008115989762168653,0.005613427283335975,0.0891103955667114
2024-01-25,4894.16015625,4898.14990234375,4869.33984375,4886.66015625,4020430000,0.00524657813497798,0.0056820606829154,0.09019991700823189
2024-01-26,4890.97021484375,4906.68994140625,4881.47021484375,4888.91015625,3353400000,-0.0006519977554263648,0.00565953326861756,0.08984230539275147
2024-01-29,4927.93017578125,4929.31005859375,4887.39990234375,4892.9501953125,3525160000,0.007528365505246204,0.005828804069900041,0.09252939605925994
2024-01-30,4924.97021484375,4931.08984375,4916.27001953125,4925.89013671875,3836130000,-0.0006008303969786162,0.005841515451399635,0.09273118298486789
2024-01-31,4845.64990234375,4906.75,4845.14990234375,4899.18994140625,4696120000,-0.016236851740733683,0.006952641249900406,0.11036975821371452
2024-02-01,4906.18994140625,4906.97021484375,4853.52001953125,4861.10986328125,4386090000,0.012416286114049784,0.007231738002916124,0.11480028181494575
2024-02-02,4958.60986328125,4975.2900390625,4907.990234375,4916.06005859375,3974350000,0.01062777072263312,0.007131923580811192,0.11321577698606208
2024-02-05,4942.81005859375,4957.18994140625,4918.08984375,4957.18994140625,4023640000,-0.0031914247092839714,0.007122007021058178,0.11305835648025538
2024-02-06,4954.22998046875,4957.77001953125,4934.8798828125,4950.16015625,4440880000,0.0023077459317481074,0.007120447741731299,0.11303360368831493
2024-02-07,4995.06005859375,4999.89013671875,4969.0498046875,4973.0498046875,4895590000,0.008207682594008628,0.006755715169456066,0.10724365360060398
2024-02-08,4997.91015625,5000.39990234375,4987.08984375,4995.16015625,4341860000,0.000570420540090595,0.006713675120053304,0.10657628850565651
2024-02-09,5026.60986328125,5030.06005859375,5000.33984375,5004.169921875,3912990000,0.0057259171287955156,0.006715557315133802,0.10660616742626797
2024-02-12,5021.83984375,5048.39013671875,5016.830078125,5026.830078125,3805740000,-0.0009494041426524416,0.006722107695298864,0.10671015148772607
2024-02-13,4953.169921875,4971.2998046875,4920.31005859375,4967.93994140625,4302190000,-0.013768609419845444,0.007585797268772421,0.12042079841594895
2024-02-14,5000.6201171875,5002.52001953125,4956.4501953125,4976.43994140625,3845600000,0.009534168304216807,0.007666328225944058,0.12169918772905781
2024-02-15,5029.72998046875,5032.72021484375,4999.43994140625,5003.14013671875,4137970000,0.00580437267404004,0.007479431902169044,0.11873230056709244
2024-02-16,5005.56982421875,5038.7001953125,4999.52001953125,5031.1298828125,3833270000,-0.0048150435759610425,0.007527752774698125,0.11949937063816604
2024-02-20,4975.509765625,4993.7099609375,4955.02001953125,4989.31982421875,4034880000,-0.0060234264658172495,0.007361455585759852,0.11685948460420731
2024-02-21,4981.7998046875,4983.2099609375,4946.0,4963.02978515625,3788390000,0.0012634014951035982,0.007358724369985683,0.11681612789791546
2024-02-22,5087.02978515625,5094.39013671875,5038.830078125,5038.830078125,4051710000,0.02090288866640342,0.008515448922287373,0.13517856090267225
2024-02-23,5088.7998046875,5111.06005859375,5081.4599609375,5100.919921875,3672790000,0.000347887026502183,0.008519636178675809,0.13524503153714906
2024-02-26,5069.52978515625,5097.66015625,5068.91015625,5093.0,3683930000,-0.003793939244668484,0.008581244796727767,0.1362230380290521
2024-02-27,5078.18017578125,5080.68994140625,5057.2900390625,5074.60009765625,3925950000,0.001704895538720964,0.008564665434413702,0.1359598488115778
2024-02-28,5069.759765625,5077.3701171875,5058.35009765625,5067.2001953125,3789370000,-0.001659531321112244,0.008491160599945398,0.1347929957385932
2024-02-29,5096.27001953125,5104.990234375,5061.89013671875,5085.35986328125,5219740000,0.0052154704557999644,0.008519119276859173,0.1352368259751947
2024-03-01,5137.080078125,5140.330078125,5094.16015625,5098.509765625,4748110000,0.007975936433387976,0.007565474081834611,0.12009817782503462
2024-03-04,5130.9501953125,5149.669921875,5127.18017578125,5130.990234375,4758440000,-0.0011939745749630112,0.007276235038725699,0.11550665035993578
2024-03-05,5078.64990234375,5114.5400390625,5056.81982421875,5110.52001953125,4418410000,-0.010245406275917994,0.007480605005016017,0.11875092299746479
2024-03-06,5104.759765625,5127.97021484375,5092.22021484375,5108.02978515625,4559050000,0.005127932853001643,0.007460065088454032,0.11842486193042663
2024-03-07,5157.35986328125,5165.6201171875,5128.2099609375,5132.3798828125,4137980000,0.010251402284983627,0.007698771967450649,0.12221421615881924
2024-03-08,5123.68994140625,5189.259765625,5117.5,5164.4599609375,4208870000,-0.006549922992050337,0.0077687294307288764,0.12332475645994198
2024-03-11,5117.93994140625,5124.66015625,5091.14013671875,5111.9599609375,3896430000,-0.0011228682680281005,0.00778447912967387,0.12357477517973751
2024-03-12,5175.27001953125,5179.8701171875,5114.47998046875,5134.2998046875,4080510000,0.011139512586668012,0.00803004830452345,0.12747306497762947
2024-03-13,5165.31005859375,5179.14013671875,5151.8798828125,5173.490234375,4282890000,-0.0019263840021219723,0.008047078776380475,0.1277434153370921
2024-03-14,5150.47998046875,5176.85009765625,5123.2998046875,5175.14013671875,4687970000,-0.002875221051495188,0.007344817728104854,0.1165953668019832
2024-03-15,5117.08984375,5136.85986328125,5104.35009765625,5123.31005859375,7753670000,-0.0065040228597376655,0.007340795296010983,0.11653151267206703
2024-03-18,5149.419921875,5175.60009765625,5145.47021484375,5154.77001953125,4036220000,0.006298184238480456,0.0073574026427363284,0.11679514612829835
2024-03-19,5178.509765625,5180.31005859375,5131.58984375,5139.08984375,4031760000,0.00563325304434312,0.00728895046594445,0.11570850150934434
2024-03-20,5224.6201171875,5226.18994140625,5171.5498046875,5181.68994140625,4064850000,0.008864765516360184,0.007232433732588545,0.11481132618110348
2024-03-21,5241.52978515625,5261.10009765625,5240.66015625,5253.43017578125,4207730000,0.003231309094528888,0.007230720788761757,0.11478413404085046
2024-03-22,5234.18017578125,5246.08984375,5229.8701171875,5242.47998046875,3374700000,-0.0014031718343267125,0.005894816309669037,0.09357730787875072
2024-03-25,5218.18994140625,5229.08984375,5216.08984375,5219.52001953125,3331360000,-0.0030596403820319297,0.005970422405670589,0.0947775174444742
2024-03-26,5203.580078125,5235.16015625,5203.419921875,5228.85009765625,3871790000,-0.002803721982805726,0.005932837281717057,0.09418087209861471
2024-03-27,5248.490234375,5249.259765625,5213.919921875,5226.31005859375,3850500000,0.008593595582706042,0.006146267593757204,0.09756897326602158
2024-03-28,5254.35009765625,5264.85009765625,5245.81982421875,5248.02978515625,3998270000,0.0011158627007616052,0.00610301994712435,0.09688243815934558
2024-04-01,5243.77001953125,5263.9501953125,5229.2001953125,5257.97021484375,3325930000,-0.0020156145269577246,0.006098924850231172,0.09681743051150123
2024-04-02,5205.81005859375,5208.33984375,5184.0498046875,5204.2900390625,3886590000,-0.007265388203672426,0.006178436935010994,0.09807964572681137
2024-04-03,5211.490234375,5228.75,5194.3701171875,5194.3701171875,3703250000,0.001090527523337898,0.006164759448626932,0.09786252236161518
2024-04-04,5147.2099609375,5256.58984375,5146.06005859375,5244.0498046875,4075680000,-0.01241103561926225,0.006372360835257995,0.10115809220676295
2024-04-05,5204.33984375,5222.18017578125,5157.2099609375,5158.9501953125,3386780000,0.011038050135699558,0.0067025051234017256,0.10639897030594352
2024-04-08,5202.39013671875,5219.56982421875,5197.35009765625,5211.3701171875,3278180000,-0.0003747011900415767,0.006354900805939384,0.1008809228339973
2024-04-09,5209.91015625,5224.81005859375,5160.77978515625,5217.02978515625,3400680000,0.0014444494736345207,0.006153121307078597,0.097677772592056
2024-04-10,5160.64013671875,5178.43017578125,5138.7001953125,5167.8798828125,3845930000,-0.009501981832212592,0.0065430059886470516,0.10386700003659843
2024-04-11,5199.06005859375,5211.77978515625,5138.77001953125,5172.9501953125,3509380000,0.007417221983342437,0.006282637366651573,0.09973377629857072
2024-04-12,5123.41015625,5175.02978515625,5107.93994140625,5171.509765625,3963220000,-0.014657587802248536,0.007065434233529776,0.11216029131961228
2024-04-15,5061.81982421875,5168.43017578125,5052.47021484375,5149.669921875,3950210000,-0.012094195787459195,0.007500705301835459,0.11907000531744176
2024-04-16,5051.41015625,5079.83984375,5039.830078125,5064.58984375,4006200000,-0.0020586245275039964,0.00739444909124329,0.11738324026654383
2024-04-17,5022.2099609375,5077.9599609375,5007.25,5068.97021484375,3596130000,-0.005797375076004185,0.007299492058474339,0.1158758441028843
2024-04-18,5011.1201171875,5056.66015625,5001.89013671875,5031.52001953125,3619760000,-0.0022106017004853043,0.007131580428368999,0.11321032960991913
2024-04-19,4967.22998046875,5019.02001953125,4953.56005859375,5005.43994140625,3878750000,-0.008797129654056974,0.006877027281849662,0.1091694236830842
2024-04-22,5010.60009765625,5038.83984375,4969.39990234375,4987.330078125,3820250000,0.00869335115683908,0.007196744109598819,0.11424477098020468
2024-04-23,5070.5498046875,5076.1201171875,5027.9599609375,5028.85009765625,3751400000,0.01189356656772209,0.007823012376034008,0.12418647150219898
2024-04-24,5071.6298828125,5089.47998046875,5047.02001953125,5084.85986328125,3656740000,0.00021298737793290078,0.007823246243584533,0.12419018403446948
2024-04-25,5048.419921875,5057.75,4990.580078125,5019.8798828125,3958050000,-0.0045869342701194095,0.007849373080750706,0.12460493471658772
2024-04-26,5099.9599609375,5114.6201171875,5073.14013671875,5084.64990234375,3604140000,0.010157381332325343,0.007956027965524644,0.12629802852392025
2024-04-29,5116.169921875,5123.490234375,5088.64990234375,5114.1298828125,3447450000,0.0031734080766393944,0.008000677703916019,0.12700682114724626
2024-04-30,5035.68994140625,5110.830078125,5035.31005859375,5103.77978515625,4082470000,-0.015855551118928123,0.008611922440846695,0.13671003053194028
2024-05-01,5018.39013671875,5096.1201171875,5013.4501953125,5029.02978515625,4544170000,-0.0034413534856316866,0.00853349615178874,0.1354650517893582
2024-05-02,5064.2001953125,5073.2099609375,5011.0498046875,5049.31982421875,4381660000,0.009087024725084856,0.008839329201743235,0.1403200009466621
2024-05-03,5127.7900390625,5139.1201171875,5101.22021484375,5122.77978515625,3924990000,0.012478557659508005,0.008952137639923885,0.14211077938595573
2024-05-06,5180.740234375,5181.0,5142.419921875,5142.419921875,3683250000,0.010273173691247842,0.008905649039329713,0.1413727957301262
2024-05-07,5187.7001953125,5200.22998046875,5178.9599609375,5187.2001953125,3987890000,0.0013425282288256131,0.008912004700429839,0.14147368872225624
2024-05-08,5187.669921875,5191.9501953125,5165.85986328125,5168.97998046875,3842100000,-5.835635193424912e-06,0.00890477240121055,0.14135887953140758
2024-05-09,5214.080078125,5215.2998046875,5180.41015625,5189.02978515625,3727370000,0.005078032639106711,0.008709809855038074,0.13826394505854167
2024-05-10,5222.68017578125,5239.66015625,5209.68017578125,5225.490234375,3617900000,0.001648040080166728,0.008570274493025727,0.13604888985663743
2024-05-13,5221.419921875,5237.259765625,5211.16015625,5233.080078125,4255710000,-0.00024133317386520824,0.007867926520449769,0.12489946144103904
2024-05-14,5246.68017578125,5250.3701171875,5217.97998046875,5221.10009765625,4763580000,0.004826148527454041,0.007317576381026311,0.11616292382349387
2024-05-15,5308.14990234375,5311.759765625,5263.259765625,5263.259765625,4360810000,0.01164782778729962,0.007571668410871581,0.12019650975005898
2024-05-16,5297.10009765625,5325.490234375,5296.18994140625,5310.06982421875,3817470000,-0.0020838374740880464,0.007413318628497137,0.11768278488411511
2024-05-17,5303.27001953125,5305.4501953125,5283.58984375,5303.10009765625,3578120000,0.0011640956878937513,0.007341473594547317,0.11654228032751783
2024-05-20,5308.1298828125,5325.31982421875,5302.39990234375,5305.35009765625,3420100000,0.0009159703084911664,0.006871986760359106,0.10908940788503167
2024-05-21,5321.41015625,5324.31982421875,5297.8701171875,5298.68994140625,3662240000,0.0024987497668926086,0.0067545769807620245,0.10722558541522699
2024-05-22,5307.009765625,5323.18017578125,5286.009765625,5319.27978515625,3847130000,-0.0027097912093521476,0.006526556843759979,0.10360587795669325
2024-05-23,5267.83984375,5341.8798828125,5256.93017578125,5340.259765625,3869520000,-0.007408162283471933,0.0068449657258481044,0.10866046226012886
2024-05-24,5304.72021484375,5311.64990234375,5278.39013671875,5281.4501953125,3005510000,0.0069766490766732595,0.006769543090789416,0.10746316504658604
2024-05-28,5306.0400390625,5315.91015625,5280.89013671875,5315.91015625,3751540000,0.00024877090688591537,0.0065401873829354345,0.10382225605805712
2024-05-29,5266.9501953125,5282.27001953125,5262.7001953125,5278.72998046875,3552750000,-0.007394317215742535,0.00683607015433229,0.10851924944012505
2024-05-30,5235.47998046875,5260.2099609375,5222.10009765625,5259.77001953125,3818750000,-0.005992957535754186,0.005861911057207567,0.09305495318970565
2024-05-31,5277.509765625,5280.330078125,5191.68017578125,5243.2099609375,5437160000,0.007995824231928897,0.005876736342699033,0.09329029730086136
2024-06-03,5283.39990234375,5302.10986328125,5234.31982421875,5297.14990234375,4046920000,0.0011154602235352391,0.005677088672570425,0.09012098879089883
2024-06-04,5291.33984375,5298.7998046875,5257.6298828125,5278.240234375,3707900000,0.0015016810037827531,0.005146298296397833,0.08169495278894422
2024-06-05,5354.02978515625,5354.16015625,5297.64013671875,5314.47998046875,3591460000,0.011778015849957281,0.005283293115321626,0.0838696781196043
2024-06-06,5352.9599609375,5362.35009765625,5335.35986328125,5357.7998046875,3609990000,-0.00019983660163685183,0.005297268009478919,0.08409152268683619
2024-06-07,5346.990234375,5375.080078125,5331.330078125,5343.81005859375,3692760000,-0.0011158420502790662,0.005318470168478301,0.08442809652665628
2024-06-10,5360.7900390625,5365.7900390625,5331.52001953125,5341.22021484375,3622280000,0.002577529978240972,0.005260635137871429,0.08350999387833473
2024-06-11,5375.31982421875,5375.9501953125,5327.25,5353.0,3568030000,0.0027067148552095224,0.005268988259252447,0.08364259556940659
2024-06-12,5421.02978515625,5447.25,5409.1298828125,5409.1298828125,3962840000,0.008467720241887338,0.0054744095770675105,0.08690355789498551
2024-06-13,5433.740234375,5441.93017578125,5402.509765625,5441.93017578125,3530380000,0.00234191143711672,0.00543211894617968,0.08623221494228216
2024-06-14,5431.60009765625,5432.39013671875,5403.75,5424.080078125,3438650000,-0.00039393828099749413,0.0049391941825485475,0.07840727690448251
2024-06-17,5473.22998046875,5488.5,5420.39990234375,5431.10986328125,3447840000,0.007635164372320518,0.005079801797614937,0.0806393535959279
2024-06-18,5487.02978515625,5490.3798828125,5471.31982421875,5476.14990234375,3544330000,0.0025181541815171163,0.005083149912178904,0.08069250326691117
2024-06-20,5473.169921875,5505.52978515625,5455.56005859375,5499.990234375,3847060000,-0.0025291273954115403,0.0051620584457328965,0.08194513740353912
2024-06-21,5464.6201171875,5478.31005859375,5452.02978515625,5466.77001953125,6773800000,-0.0015633517188252497,0.005197098962267668,0.08250138835891264
2024-06-24,5447.8701171875,5490.66015625,5447.58984375,5459.580078125,3696750000,-0.0030698791558664423,0.005211441695199832,0.08272907218566977
2024-06-25,5469.2998046875,5472.8798828125,5446.56005859375,5460.72998046875,3591960000,0.003925873679181344,0.004844171480849517,0.07689883827887585
2024-06-26,5477.89990234375,5483.14013671875,5451.8701171875,5460.7099609375,3563920000,0.0015711962247204525,0.004695978817003525,0.07454635267091173
2024-06-27,5482.8701171875,5490.81005859375,5467.5400390625,5473.58984375,3589530000,0.0009069098567990731,0.004689193620869356,0.0744386410215049
2024-06-28,5460.47998046875,5523.64013671875,5451.1201171875,5488.47998046875,7199220000,-0.0040920134623695995,0.004421593015131668,0.07019061310067189
2024-07-01,5475.08984375,5479.5498046875,5446.52978515625,5471.080078125,3488760000,0.0026719909814295235,0.00405511822924919,0.06437300622934779
2024-07-02,5509.009765625,5509.68994140625,5458.43017578125,5461.83984375,3329950000,0.0061762057711850496,0.003941379139838598,0.0625674541597836
2024-07-03,5537.02001953125,5539.27001953125,5507.419921875,5507.43994140625,2179470000,0.0050715622695336636,0.003989019930259502,0.06332372826208116
2024-07-05,5567.18994140625,5570.330078125,5531.6298828125,5537.91015625,3253080000,0.00543397436096954,0.004044892214255296,0.06421067327388544
2024-07-08,5572.85009765625,5583.10986328125,5562.509765625,5572.75,3185670000,0.0010161824764044329,0.0034358777216196915,0.054542867919797504
2024-07-09,5576.97998046875,5590.75,5574.56982421875,5584.240234375,3232920000,0.0007407974780654752,0.0034130876362782293,0.05418108653076882
2024-07-10,5633.91015625,5635.39013671875,5586.43994140625,5591.259765625,3336100000,0.010156314878105886,0.003773763144709821,0.059906632726579444
2024-07-11,5584.5400390625,5642.4501953125,5576.52978515625,5635.2099609375,4020950000,-0.008801649969266724,0.004506282752895586,0.0715350210090075
2024-07-12,5615.35009765625,5655.56005859375,5590.43994140625,5590.759765625,3700280000,0.00550186402496512,0.004570659401097433,0.07255696861729939
2024-07-15,5631.22021484375,5666.93994140625,5614.75,5638.16015625,3620470000,0.0028222164233526843,0.004336195993322876,0.06883497740620215
2024-07-16,5667.2001953125,5669.669921875,5639.02001953125,5644.08984375,4041760000,0.0063690499714532745,0.004448426681482248,0.07061658434823818
2024-07-17,5588.27001953125,5622.490234375,5584.81005859375,5610.06982421875,4246450000,-0.014025441523645543,0.005648420093232863,0.08966588920268655
2024-07-18,5544.58984375,5614.0498046875,5522.81005859375,5608.56005859375,4007510000,-0.007847112145350072,0.005796072125461695,0.09200979254979125
2024-07-19,5505.0,5557.5,5497.0400390625,5543.3701171875,3760570000,-0.007165879226406085,0.0060182185801869546,0.09553625819281748
2024-07-22,5564.41015625,5570.35986328125,5529.0400390625,5544.5400390625,3375180000,0.010734217246220293,0.0064058523235937985,0.10168975310180668
2024-07-23,5555.740234375,5585.33984375,5550.89990234375,5565.2998046875,3500210000,-0.0015593176939461904,0.006405778369025797,0.10168857910943518
2024-07-24,5427.1298828125,5508.0400390625,5419.97998046875,5505.83984375,3945550000,-0.02342124222289286,0.008282934707559487,0.1314875121719275
2024-07-25,5399.22021484375,5491.58984375,5390.9501953125,5428.7001953125,4592120000,-0.005155889019717259,0.008294830345277882,0.13167634956646385
2024-07-26,5459.10009765625,5488.31982421875,5430.7001953125,5433.669921875,3638770000,0.011029420409570924,0.008667814946777513,0.13759729655701117
2024-07-29,5463.5400390625,5487.740234375,5444.43994140625,5476.5498046875,3379970000,0.0008129795718284517,0.008667259068383823,0.1375884722610778
2024-07-30,5436.43994140625,5489.4599609375,5401.7001953125,5478.72998046875,3777740000,-0.0049725143613676215,0.008689291793614001,0.1379382309310622
2024-07-31,5522.2998046875,5551.509765625,5493.75,5505.58984375,4546910000,0.015669980701917767,0.009343183163829588,0.14831843463131247
2024-08-01,5446.68017578125,5566.16015625,5410.419921875,5537.83984375,4703620000,-0.013788123791990166,0.009734508515302946,0.15453053200159314
2024-08-02,5346.56005859375,5383.89013671875,5302.02978515625,5376.6298828125,5156450000,-0.01855290660855327,0.01039597155925715,0.1650309322961688
2024-08-05,5186.330078125,5250.89013671875,5119.259765625,5151.14013671875,5333250000,-0.0304270413923931,0.011993780347657225,0.19039536047660896
2024-08-06,5240.02978515625,5312.33984375,5193.56005859375,5206.419921875,4690190000,0.010300849493599515,0.012330140046681384,0.1957349051647037
2024-08-07,5199.5,5330.64013671875,5195.5400390625,5293.1298828125,4558260000,-0.007764715388769489,0.012343139411935069,0.19594126369068138
2024-08-08,5319.31005859375,5328.02978515625,5233.85009765625,5252.56982421875,4016830000,0.02278113959089888,0.013303325164520933,0.21118373997329892
2024-08-09,5344.16015625,5358.669921875,5300.83984375,5314.66015625,3516400000,0.004660798434381699,0.013320781969164499,0.2114608581559352
2024-08-12,5344.39013671875,5371.2001953125,5324.3701171875,5351.8798828125,3360160000,4.30330517200971e-05,0.013217986058282602,0.20982902366000805
2024-08-13,5434.43017578125,5436.5,5376.97998046875,5376.97998046875,3648980000,0.016707233419049988,0.013823331022395479,0.219438577054696
2024-08-14,5455.2099609375,5463.22021484375,5415.91015625,5442.35986328125,3380050000,0.00381643656119841,0.013759963811263992,0.21843265376311818
2024-08-15,5543.22021484375,5546.22998046875,5501.1298828125,5501.1298828125,3723310000,0.01600448993130413,0.013986162319116187,0.22202344375538297
2024-08-16,5554.25,5561.97998046875,5525.169921875,5530.5,3357690000,0.0019878023683961516,0.013888132355531732,0.22046726632731986
2024-08-19,5608.25,5608.2998046875,5550.740234375,5557.22998046875,3222050000,0.009675327436177775,0.013934791885223336,0.22120796339845117
2024-08-20,5597.1201171875,5620.509765625,5585.5,5602.8798828125,2994420000,-0.001986527237609709,0.013760628279029782,0.21844320186189317
2024-08-21,5620.85009765625,5632.68017578125,5591.56982421875,5603.08984375,3119670000,0.004230714721006796,0.013779943443132301,0.21874982058637918
2024-08-22,5570.64013671875,5643.22021484375,5560.9501953125,5637.77001953125,2981530000,-0.00897294225665722,0.012852476118912761,0.2040267332522387
2024-08-23,5634.60986328125,5641.81982421875,5585.16015625,5602.490234375,3291940000,0.01141793740166443,0.012948419425861953,0.20554978603313084
2024-08-26,5616.83984375,5651.6201171875,5602.33984375,5639.66015625,2938570000,-0.0031587101696058145,0.012825048157994642,0.20359132787088502
2024-08-27,5625.7998046875,5631.18017578125,5593.47998046875,5602.89013671875,2798990000,0.0015939251127232035,0.012824525747992189,0.2035830348691916
2024-08-28,5592.18017578125,5627.02978515625,5560.9501953125,5624.509765625,3053450000,-0.005993900794735212,0.012851784601018936,0.2040157557459934
2024-08-29,5591.9599609375,5646.9501953125,5583.7099609375,5607.2998046875,3065640000,-3.937984343658622e-05,0.01242643727349831,0.1972635762493203
2024-08-30,5648.39990234375,5651.3701171875,5581.7900390625,5612.740234375,4185850000,0.010042457079144168,0.012131719962799546,0.1925850839822722
2024-09-03,5528.93017578125,5623.89013671875,5504.330078125,5623.89013671875,3866350000,-0.021377963372397696,0.012381001377806632,0.1965423037657464
2024-09-04,5520.06982421875,5552.990234375,5503.66015625,5506.68017578125,3478140000,-0.0016038290273809634,0.010027258506543317,0.1591777940404233
2024-09-05,5503.41015625,5546.2998046875,5480.5400390625,5520.080078125,3521650000,-0.003022581014674196,0.009961494638171193,0.15813382499462594
2024-09-06,5408.419921875,5522.47021484375,5402.6201171875,5507.330078125,3822800000,-0.017410944507424406,0.010649178186717399,0.169050462895608
2024-09-09,5471.0498046875,5484.2001953125,5434.490234375,5442.06982421875,3825940000,0.011513534435818254,0.009792624456845983,0.1554530939727806
2024-09-10,5495.52001953125,5497.91015625,5441.72021484375,5490.509765625,3848180000,0.004462699977793541,0.00978935981645771,0.15540126941325605
2024-09-11,5554.1298828125,5560.41015625,5406.9599609375,5496.419921875,3839450000,0.01060855564984334,0.00998937458112238,0.158576405368319
2024-09-12,5595.759765625,5600.7099609375,5535.5,5557.47998046875,3655070000,0.00746735215680267,0.009492604687073988,0.1506904277774633
2024-09-13,5626.02001953125,5636.27001953125,5601.64990234375,5603.33984375,3500790000,0.0053931422343560355,0.009518929479235329,0.15110832089770954
2024-09-16,5633.08984375,5636.0498046875,5604.52978515625,5615.2099609375,3437070000,0.0012558408673102855,0.008917909110976079,0.14156741833391892
2024-09-17,5634.580078125,5670.81005859375,5614.0498046875,5655.509765625,3443600000,0.00026451509389645083,0.00891403039184913,0.14150584557662665
2024-09-18,5618.259765625,5689.75,5615.080078125,5641.68017578125,3691390000,-0.0029006587083132912,0.008699619630613817,0.13810218026075854
2024-09-19,5713.64013671875,5733.56982421875,5686.419921875,5702.6298828125,4024530000,0.016834356892725128,0.009415552651753653,0.14946726463664947
2024-09-20,5702.5498046875,5715.14013671875,5674.490234375,5709.64013671875,7867260000,-0.0019429136300157343,0.00940539249051634,0.14930597707716398
2024-09-23,5718.56982421875,5725.35986328125,5704.22021484375,5711.89990234375,3529550000,0.0028053344257131223,0.009148199302791427,0.14522316179544356
2024-09-24,5732.93017578125,5735.31982421875,5698.990234375,5727.66015625,3872710000,0.002508031103345345,0.008854861401261321,0.1405665669700943
2024-09-25,5722.259765625,5741.02978515625,5712.06005859375,5733.64990234375,3624910000,-0.001862983206212128,0.008830203828194908,0.14017514013248547
2024-09-26,5745.3701171875,5767.3701171875,5721.009765625,5762.22021484375,4391180000,0.004030542158199222,0.008855949719742212,0.1405838434903803
2024-09-27,5738.169921875,5763.77978515625,5727.33984375,5755.35986328125,3898530000,-0.0012540029000721238,0.008728226801680464,0.13855630502289112
2024-09-30,5762.47998046875,5765.14013671875,5703.52978515625,5726.52001953125,4425730000,0.004227603658441509,0.008746914001070243,0.13885295511660492
2024-10-01,5708.75,5757.72998046875,5681.27978515625,5757.72998046875,4025180000,-0.009367848694454447,0.00881664112169602,0.13995983884147936
2024-10-02,5709.5400390625,5719.6298828125,5674.0,5698.14013671875,3829050000,0.00013838132698647728,0.007258930581989414,0.11523195062535208
2024-10-03,5699.93994140625,5718.77978515625,5677.3701171875,5698.18994140625,3597450000,-0.0016828286544586894,0.007260656501251419,0.11525934874425352
2024-10-04,5751.06982421875,5753.2099609375,5702.830078125,5737.47998046875,3479400000,0.008930255699186382,0.00735408371757735,0.1167424598247542
2024-10-07,5695.93994140625,5739.33984375,5686.85009765625,5737.7998046875,3637790000,-0.009632263829388773,0.006464516422916153,0.10262101680797393
2024-10-08,5751.1298828125,5757.60009765625,5714.56005859375,5719.14013671875,3393400000,0.009642706804694385,0.006345399606053874,0.10073009596167463
2024-10-09,5792.0400390625,5796.7998046875,5745.02001953125,5751.7998046875,3650340000,0.007088231016994585,0.006414035444564054,0.10181965612002061
2024-10-10,5780.0498046875,5795.02978515625,5764.759765625,5778.35986328125,3208790000,-0.0020722685059824846,0.006206281869240803,0.09852167035428151
2024-10-11,5815.02978515625,5822.1298828125,5775.08984375,5775.08984375,3208720000,0.00603360870729872,0.0061495857273323835,0.09762164700356249
2024-10-14,5859.85009765625,5871.41015625,5829.56982421875,5829.81005859375,3005250000,0.007678114574594323,0.006235392747312636,0.09898379121723028
2024-10-15,5815.259765625,5870.35986328125,5804.47998046875,5866.740234375,3882120000,-0.0076385660375134215,0.006576855961153785,0.10440435169143358
2024-10-16,5842.47021484375,5846.52001953125,5808.33984375,5816.580078125,3467230000,0.004668232782779766,0.006605116234298798,0.10485296961978034
2024-10-17,5841.47021484375,5878.4599609375,5840.25,5875.6201171875,3480010000,-0.00017117512853816633,0.006536029485334015,0.10375625147987574
2024-10-18,5864.669921875,5872.169921875,5846.10986328125,5859.43017578125,3374490000,0.003963686942774387,0.005597220582831799,0.08885312217206967
2024-10-21,5853.97998046875,5866.919921875,5824.7900390625,5857.81982421875,3407010000,-0.001824432756419033,0.005593908037822598,0.08880053715026334
2024-10-22,5851.2001953125,5863.0400390625,5821.169921875,5832.7001953125,3342080000,-0.0004749666671957937,0.005594046745517387,0.0888027390666554
2024-10-23,5797.419921875,5834.85009765625,5762.41015625,5834.5,3532650000,-0.009233824267679564,0.006016290306587516,0.09550564779839466
2024-10-24,5809.85986328125,5817.7998046875,5784.919921875,5817.7998046875,3543030000,0.0021434731305568283,0.006000025401789573,0.09524745043923366
2024-10-25,5808.1201171875,5862.81982421875,5799.97998046875,5826.75,3501280000,-0.00029949201318627087,0.005954926178154611,0.09453152245887249
2024-10-28,5823.52001953125,5842.919921875,5823.080078125,5833.93017578125,3691280000,0.002647934626732945,0.005957769091349716,0.09457665230675164
2024-10-29,5832.919921875,5847.18994140625,5802.169921875,5819.68017578125,3879100000,0.0016128259449012198,0.005907537634120853,0.09377925264383194
2024-10-30,5813.669921875,5850.93994140625,5811.27978515625,5832.64990234375,3851120000,-0.0033056916724881185,0.005533472601745728,0.08784115434485251
2024-10-31,5705.4501953125,5775.33984375,5702.85986328125,5775.33984375,4425660000,-0.018790134928745348,0.007004305783604514,0.11118990726041364
2024-11-01,5728.7998046875,5772.52001953125,5723.22021484375,5723.22021484375,3796450000,0.004084158004525459,0.007049341362019072,0.11190482490422284
2024-11-04,5712.68994140625,5741.43017578125,5696.509765625,5725.14990234375,3602060000,-0.0028160448131902913,0.006786473758041251,0.10773193105705847
2024-11-05,5782.759765625,5783.43994140625,5722.10009765625,5722.43017578125,3768310000,0.012191031029563081,0.006957740941382715,0.11045071330626659
2024-11-06,5929.0400390625,5936.14013671875,5864.89013671875,5864.89013671875,6329530000,0.024981280957186654,0.008561495183104593,0.13590952263223294
2024-11-07,5973.10009765625,5983.83984375,5947.2099609375,5947.2099609375,4925740000,0.007403754173995657,0.008572153504919404,0.13607871824572465
2024-11-08,5995.5400390625,6012.4501953125,5976.759765625,5976.759765625,4666740000,0.0037497940357180464,0.008546113337218914,0.13566534339872116
2024-11-11,6001.35009765625,6017.31005859375,5986.68994140625,6008.85986328125,4333000000,0.0009685941909569238,0.00849025936381111,0.13477868905848997
2024-11-12,5983.990234375,6009.919921875,5960.080078125,6003.60009765625,4243400000,-0.0028968514769364996,0.008418927717351308,0.1336463342756415
2024-11-13,5985.3798828125,6008.18994140625,5965.91015625,5985.75,4220180000,0.00023220076414018386,0.00818721233236075,0.12996796657384582
2024-11-14,5949.169921875,5993.8798828125,5942.27978515625,5989.68017578125,4184570000,-0.006068108582244,0.008305518753877344,0.13184602279285518
2024-11-15,5870.6201171875,5915.31982421875,5853.009765625,5912.7900390625,4590960000,-0.013291430866793769,0.008861949024623748,0.1406790795029151
2024-11-18,5893.6201171875,5908.1201171875,5865.9501953125,5874.169921875,3983860000,0.003910159746206537,0.008860831181860963,0.1406613342991839
2024-11-19,5916.97998046875,5923.509765625,5855.2900390625,5870.0498046875,4036940000,0.003955750520596487,0.008883423490847654,0.141019976085913
2024-11-20,5917.10986328125,5920.669921875,5860.56005859375,5914.33984375,3772620000,2.19506213354446e-05,0.008881330973618587,0.1409867584046996
2024-11-21,5948.7099609375,5963.31982421875,5887.259765625,5940.580078125,4230120000,0.005326251844288491,0.008645919891978103,0.13724972333736293
2024-11-22,5969.33984375,5972.89990234375,5944.35986328125,5944.35986328125,4141420000,0.0034619595915364653,0.008657689236215961,0.13743655588504905
2024-11-25,5987.3701171875,6020.75,5963.91015625,5992.27978515625,5633150000,0.0030159278201245415,0.008657493179186567,0.13743344357619366
2024-11-26,6021.6298828125,6025.419921875,5992.27001953125,6000.02978515625,3835170000,0.005705697155263866,0.00870428160763322,0.13817618685162597
2024-11-27,5998.740234375,6020.16015625,5984.8701171875,6014.10986328125,3363340000,-0.003808481083577712,0.008783696426387278,0.13943685801664502
2024-11-29,6032.3798828125,6044.169921875,6003.97998046875,6003.97998046875,2444420000,0.005592120396801623,0.008763236280867552,0.13911206327564468
2024-12-02,6047.14990234375,6053.580078125,6035.330078125,6040.10986328125,4412470000,0.0024454638805813736,0.007391331750810318,0.1173337540213184
2024-12-03,6049.8798828125,6052.06982421875,6033.39013671875,6042.97021484375,4095000000,0.0004513472420221813,0.007401536085435971,0.11749574281160459
2024-12-04,6086.490234375,6089.83984375,6061.06005859375,6069.39013671875,4003390000,0.00603318162813612,0.0073295154414102,0.1163524505314752
2024-12-05,6075.10986328125,6094.5498046875,6072.89990234375,6089.02978515625,4212020000,-0.0018715258393823342,0.007087971433355677,0.11251805827553489
2024-12-06,6090.27001953125,6099.97021484375,6079.97998046875,6081.3798828125,3924830000,0.0024923453675383123,0.004839847150209121,0.07683019165810803
2024-12-09,6052.85009765625,6088.509765625,6048.6298828125,6083.009765625,4556460000,-0.006163167285227462,0.004886478704116498,0.07757044462743257
2024-12-10,6034.91015625,6065.39990234375,6029.89013671875,6057.58984375,4048410000,-0.002968284314279252,0.004892034731551202,0.07765864382865065
2024-12-11,6084.18994140625,6092.58984375,6060.14990234375,6060.14990234375,4269950000,0.008132626411368235,0.005181369969939169,0.08225169834646352
2024-12-12,6051.25,6079.68017578125,6051.25,6074.2900390625,3678010000,-0.005428731461463251,0.005296280379318968,0.08407584454409296
2024-12-13,6051.08984375,6078.580078125,6035.77001953125,6068.169921875,3584960000,-2.646698937187397e-05,0.0052973137824840226,0.08409224931076577
2024-12-16,6074.080078125,6085.18994140625,6059.14013671875,6063.7900390625,4391100000,0.0037921550087844295,0.005118134746446376,0.08124787029369442
2024-12-17,6050.60986328125,6057.68017578125,6035.18994140625,6052.5498046875,4544500000,-0.0038714794806554956,0.004119255303961162,0.06539115072639008
2024-12-18,5872.16015625,6070.669921875,5867.7900390625,6047.64990234375,5246960000,-0.02993650530451818,0.007946897666095042,0.12615308951380255
2024-12-19,5867.080078125,5935.52001953125,5866.06982421875,5912.7099609375,4896880000,-0.0008654867505367934,0.007891080120571506,0.12526701344830674
2024-12-20,5930.85009765625,5982.06005859375,5832.2998046875,5842.0,8223220000,0.010810479402397299,0.00826259106714015,0.13116456689205977
2024-12-23,5974.06982421875,5978.25,5902.56982421875,5940.25,3593280000,0.007260849585616372,0.008334127519118412,0.13230017286172213
2024-12-24,6040.0400390625,6040.10009765625,5981.43994140625,5984.6298828125,1757720000,0.010982233165126825,0.008637239246540116,0.1371119223630723
2024-12-26,6037.58984375,6049.75,6007.3701171875,6024.97021484375,2904530000,-0.0004057410882578191,0.008620864964720918,0.136851988697527
2024-12-27,5970.83984375,6006.169921875,5932.9501953125,6006.169921875,3159610000,-0.01111730496491221,0.008880685281058147,0.14097650835306963
2024-12-30,5906.93994140625,5940.7900390625,5869.16015625,5920.669921875,3433250000,-0.010759673941729728,0.009139718336912279,0.14508853063588045
2024-12-31,5881.6298828125,5929.740234375,5868.85986328125,5919.740234375,3128350000,-0.0042940064589823065,0.009051744797591302,0.14369199399389565
2025-01-02,5868.5498046875,5935.08984375,5829.52978515625,5903.259765625,3621680000,-0.002226363149448992,0.009014872278915325,0.14310666090612034
2025-01-03,5942.47021484375,5949.33984375,5888.66015625,5891.06982421875,3667340000,0.01251735670782609,0.009511458711425036,0.15098972613533707
2025-01-06,5975.3798828125,6021.0400390625,5960.009765625,5982.81005859375,4940120000,0.005522766496818171,0.009493617347259118,0.15070650325953813
2025-01-07,5909.02978515625,6000.68017578125,5890.68017578125,5993.259765625,4517330000,-0.011166021516637011,0.009755333057861979,0.15486111136626043
2025-01-08,5918.25,5927.89013671875,5874.77978515625,5910.66015625,4441740000,0.0015591440938312422,0.009739211019222817,0.15460518193706085
2025-01-10,5827.0400390625,5890.35009765625,5807.77978515625,5890.35009765625,4751930000,-0.015531637650233373,0.010174842345634113,0.1615206148550218
2025-01-13,5836.22021484375,5838.60986328125,5773.31005859375,5782.02001953125,4421200000,0.0015742043780551176,0.010197257809913133,0.16187644931904785
2025-01-14,5842.91015625,5871.919921875,5805.419921875,5859.27001953125,4142280000,0.001145623334164268,0.009975601578010205,0.158357765722071
2025-01-15,5949.91015625,5960.60986328125,5905.2099609375,5905.2099609375,4544570000,0.018147132504516373,0.010850087906479714,0.17223980582240858
2025-01-16,5937.33984375,5964.68994140625,5930.72021484375,5963.60986328125,4285810000,-0.0021149243408667613,0.010852173688913254,0.1722729165920574
2025-01-17,5996.66015625,6014.9599609375,5978.43994140625,5995.39990234375,4366830000,0.009941478308394033,0.01106607280344786,0.17566845976835033
2025-01-21,6049.240234375,6051.509765625,6006.8798828125,6014.1201171875,4702920000,0.00873000944059605,0.011221001607476432,0.1781278782866319
2025-01-22,6086.3701171875,6100.81005859375,6076.1298828125,6081.39013671875,4323040000,0.006119181086994129,0.00893962974033063,0.14191222263547063
2025-01-23,6118.7099609375,6118.72998046875,6074.669921875,6076.31982421875,4432250000,0.005299419459529372,0.00895217283025046,0.14211133801507178
2025-01-24,6101.240234375,6128.18017578125,6088.740234375,6121.43017578125,4214250000,-0.002859215984467759,0.008774707212496513,0.13929415867002343
2025-01-27,6012.27978515625,6017.169921875,5962.919921875,5969.0400390625,5198750000,-0.014688059032112328,0.009325226400873405,0.14803337985650966
2025-01-28,6067.7001953125,6074.5400390625,5994.6298828125,6026.97021484375,4473640000,0.009175644177716802,0.009229630255298755,0.14651583809158858
2025-01-29,6039.31005859375,6062.830078125,6012.9599609375,6057.7001953125,4115310000,-0.004689876056919602,0.009291237886016627,0.14749382891004892
2025-01-30,6071.169921875,6086.64013671875,6027.4599609375,6050.75,4634620000,0.005261548152180238,0.008992809518179153,0.14275642543725975
2025-01-31,6040.52978515625,6120.91015625,6030.93017578125,6096.7900390625,4843770000,-0.005059603990267195,0.008708180501985994,0.1382380798806993
2025-02-03,5994.56982421875,6022.1298828125,5923.93017578125,5969.64990234375,4797210000,-0.007637690729495203,0.008840625699062384,0.1403405822035537
2025-02-04,6037.8798828125,6042.47998046875,5990.8701171875,5998.14013671875,4410160000,0.007198907403029113,0.008912623769416254,0.14148351613775093
2025-02-05,6061.47998046875,6062.85986328125,6007.06005859375,6020.4501953125,4756250000,0.003901053915613614,0.008564573174241105,0.13595838422674217
2025-02-06,6083.56982421875,6084.02978515625,6046.830078125,6072.22021484375,4847120000,0.003637674355266266,0.008523968403715951,0.13531380347762775
2025-02-07,6025.990234375,6101.27978515625,6019.9599609375,6083.1298828125,4766900000,-0.0095098456936602,0.008414145637416942,0.13357042111010567
2025-02-10,6066.43994140625,6073.3798828125,6044.83984375,6046.39990234375,4458760000,0.006690112295455172,0.008507208885992469,0.13504775438168948
2025-02-11,6068.5,6076.27978515625,6042.33984375,6049.31982421875,4324880000,0.00033952514367385523,0.007605782481886667,0.12073805383874248
2025-02-12,6051.97021484375,6063.0,6003.0,6025.080078125,4627960000,-0.0027275831896475754,0.007673569722098429,0.1218141429167248
2025-02-13,6115.06982421875,6116.91015625,6050.9501953125,6060.58984375,4763800000,0.010372313214235747,0.007899346634369937,0.12539824028662752
2025-02-14,6114.6298828125,6127.47021484375,6107.6201171875,6115.52001953125,4335190000,-7.19463955744955e-05,0.007006676891148828,0.1112275474257779
2025-02-18,6129.580078125,6129.6298828125,6099.509765625,6121.60009765625,4684980000,0.002442003655551809,0.006966062455905101,0.11058281325401247
2025-02-19,6144.14990234375,6147.43017578125,6111.14990234375,6117.759765625,4562330000,0.0023741488668242434,0.006699113052231431,0.10634512284546732
2025-02-20,6117.52001953125,6134.5,6084.58984375,6134.5,4813690000,-0.004343604884290259,0.006566316980575029,0.10423705056133241
2025-02-21,6013.1298828125,6114.81982421875,6008.56005859375,6114.10009765625,5434560000,-0.017211396672539132,0.007483775387137752,0.11880125125339573
2025-02-24,5983.25,6043.64990234375,5977.830078125,6026.68994140625,4990120000,-0.004981493566252351,0.007416138646407464,0.11772755128061596
2025-02-25,5955.25,5992.64990234375,5908.490234375,5982.72998046875,5374690000,-0.004690715138395557,0.007448977145620157,0.11824884629468822
2025-02-26,5956.06005859375,6009.81982421875,5932.68994140625,5970.8701171875,4869580000,0.00013601502958346571,0.0067740416948805565,0.1075345781726186
2025-02-27,5861.56982421875,5993.68994140625,5858.77978515625,5981.8798828125,5057680000,-0.015991742678524653,0.007199361299956074,0.11428631758911875
2025-02-28,5954.5,5959.39990234375,5837.66015625,5856.740234375,6441140000,0.015729780420663385,0.00809137157552593,0.12844654172555098
2025-03-03,5849.72021484375,5986.08984375,5810.91015625,5968.330078125,5613850000,-0.017753402648308866,0.008776910117809282,0.13932912870773986
2025-03-04,5778.14990234375,5865.080078125,5732.58984375,5811.97998046875,6138110000,-0.012310288231505477,0.00905114466526482,0.14368246718855804
2025-03-05,5842.6298828125,5860.58984375,5742.35009765625,5781.35986328125,5285970000,0.011097472528735688,0.009396294343562605,0.14916154847177737
2025-03-06,5738.52001953125,5812.080078125,5711.64013671875,5785.8701171875,5165080000,-0.017979677107455568,0.009862808871494117,0.15656723701521022
2025-03-07,5770.2001953125,5783.009765625,5666.2900390625,5726.009765625,5705140000,0.005505435045454467,0.009920279808107007,0.1574795598505602
2025-03-10,5614.56005859375,5705.3701171875,5564.02001953125,5705.3701171875,6409370000,-0.027343541788428148,0.01120638373112426,0.17789582669348947
2025-03-11,5572.06982421875,5636.2998046875,5528.41015625,5603.64990234375,6221240000,-0.007596646918536578,0.011165519870249496,0.17724713301258205
2025-03-12,5599.2998046875,5642.18994140625,5546.08984375,5624.83984375,5219830000,0.004874967940490777,0.011087581053674187,0.1760098926557604
2025-03-13,5521.52001953125,5597.77978515625,5504.64990234375,5594.4501953125,5018980000,-0.013988366806464148,0.011258618387273272,0.178725026153425
2025-03-14,5638.93994140625,5645.27001953125,5563.85009765625,5563.85009765625,4863180000,0.02104290595319694,0.012564687396063976,0.19945822890751802
2025-03-17,5675.1201171875,5703.52001953125,5631.1201171875,5635.60009765625,5031770000,0.0063956349746060355,0.012375827112215186,0.19646016484591222
2025-03-18,5614.66015625,5654.52978515625,5597.759765625,5654.52978515625,4666270000,-0.010710667074319702,0.012443662287852757,0.1975370148751886
2025-03-19,5675.2900390625,5715.330078125,5622.2001953125,5632.3701171875,4660090000,0.010740608172953766,0.01278755513489464,0.20299614458074938
2025-03-20,5662.89013671875,5711.14990234375,5632.330078125,5646.919921875,4678420000,-0.002187283513782985,0.012718364021905851,0.20189776971332477
2025-03-21,5667.56005859375,5670.83984375,5603.10009765625,5630.72998046875,9367460000,0.0008243136078323211,0.012758961274283618,0.20254223111554934
2025-03-24,5767.56982421875,5775.14013671875,5718.080078125,5718.080078125,4517990000,0.01749211712863917,0.01315431045153383,0.20881820473977766
2025-03-25,5776.64990234375,5786.9501953125,5760.419921875,5775.9599609375,4467340000,0.0015730954906538206,0.013157429224584129,0.20886771372709811
2025-03-26,5712.2001953125,5783.6201171875,5694.41015625,5771.66015625,4183140000,-0.011219640357598032,0.0133085619416551,0.21126687123310978
2025-03-27,5693.31005859375,5732.27978515625,5670.93994140625,5695.64013671875,4403460000,-0.0033124610071321114,0.013302366079158188,0.2111685149651635
2025-03-28,5580.93994140625,5685.89013671875,5572.419921875,5679.2001953125,4513330000,-0.019934601126853548,0.013533345886132052,0.21483520572794676
2025-03-31,5611.85009765625,5627.56005859375,5488.72998046875,5527.91015625,5257250000,0.005523240357645722,0.013025857911561129,0.20677908388352356
2025-04-01,5633.06982421875,5650.56982421875,5558.52001953125,5597.52978515625,4434500000,0.0037741045552120668,0.012633215827742402,0.20054608403526838
2025-04-02,5670.97021484375,5695.31005859375,5571.47998046875,5580.759765625,4243830000,0.006705661429484109,0.012523006111217773,0.1987965590233458
2025-04-03,5396.52001953125,5499.52978515625,5390.830078125,5492.740234375,7210470000,-0.04960591182899663,0.016109609023053112,0.2557321151608844
2025-04-04,5074.080078125,5292.14013671875,5069.89990234375,5292.14013671875,8853500000,-0.061609061898230934,0.020300396011515596,0.32225879617558667
2025-04-07,5062.25,5246.56982421875,4835.0400390625,4953.7900390625,8691980000,-0.0023341946059635883,0.02015248869393661,0.31991084029918276
2025-04-08,4982.77001953125,5267.47021484375,4910.419921875,5193.56982421875,7408140000,-0.015825083277054855,0.01970088099336577,0.3127417903039498
2025-04-09,5456.89990234375,5481.33984375,4948.43017578125,4965.27978515625,9489600000,0.09089487983303646,0.028830979945309247,0.4576776179374732
2025-04-10,5268.0498046875,5353.14990234375,5115.27001953125,5353.14990234375,6677140000,-0.03522060702411168,0.02973627758399645,0.47204877242423526
2025-04-11,5363.35986328125,5381.4599609375,5220.77001953125,5255.56005859375,5602550000,0.01793038083577807,0.029956309501927236,0.47554167083628385
2025-04-14,5405.97021484375,5459.4599609375,5358.02001953125,5441.9599609375,5031440000,0.007913319326342991,0.029599726810520064,0.46988109609652307
2025-04-15,5396.6298828125,5450.41015625,5386.43994140625,5411.990234375,4317110000,-0.001729275225300909,0.029537409270467187,0.46889183581673977
2025-04-16,5275.7001953125,5367.240234375,5220.7900390625,5335.75,4607750000,-0.022663253964902527,0.029819452162763424,0.47336912792915503
2025-04-17,5282.7001953125,5328.31005859375,5255.580078125,5305.4501953125,4714880000,0.0013259586237727749,0.02967350523619345,0.4710522922952449
2025-04-21,5158.2001953125,5232.93994140625,5101.6298828125,5232.93994140625,4226340000,-0.02384964833401801,0.030003436082040317,0.4762897821030049
2025-04-22,5287.759765625,5309.60986328125,5207.669921875,5207.669921875,4666950000,0.02480695212545062,0.030663210430435985,0.48676337518665264
2025-04-23,5375.85986328125,5469.68994140625,5356.169921875,5395.919921875,5371390000,0.016523864366879457,0.03063108910394259,0.48625346493655447
2025-04-24,5484.77001953125,5489.39990234375,5371.9599609375,5381.3798828125,4697710000,0.020056628082583162,0.03104239516753253,0.4927827462785058
2025-04-25,5525.2099609375,5528.10986328125,5455.85986328125,5489.72998046875,4236580000,0.0073460847957005125,0.031045091454047328,0.49282554849999505
2025-04-28,5528.75,5553.66015625,5468.64013671875,5529.22021484375,4257880000,0.0006405015390019333,0.031046077021386637,0.49284119389647574
2025-04-29,5560.830078125,5571.9501953125,5505.7001953125,5508.8701171875,4747150000,0.005785641545556399,0.030784417474897335,0.4886874773674159
2025-04-30,5569.06005859375,5581.83984375,5433.240234375,5499.43994140625,5449490000,0.0014788972519335208,0.030759647944620626,0.48829427326419156
2025-05-01,5604.14013671875,5658.91015625,5597.35009765625,5625.14013671875,4935270000,0.006279345716451974,0.030781351921940682,0.4886388132228907
2025-05-02,5686.669921875,5700.7001953125,5642.27978515625,5645.8798828125,4854380000,0.014619191109112719,0.03091883395910824,0.4908212729033941
2025-05-05,5650.3798828125,5683.3798828125,5634.47998046875,5655.31982421875,4358260000,-0.006402047029318447,0.028809256935658143,0.45733277584988513
2025-05-06,5606.91015625,5649.580078125,5586.0400390625,5605.8701171875,4717260000,-0.007722985278391797,0.024989248973478873,0.39669202940460724
2025-05-07,5631.27978515625,5654.72998046875,5578.64013671875,5614.18017578125,4987440000,0.004336938106710132,0.02493697097458743,0.39586214189996605
2025-05-08,5663.93994140625,5720.10009765625,5635.3798828125,5663.60009765625,5627400000,0.005783021147465641,0.024473052438022343,0.38849766344190056
2025-05-09,5659.91015625,5691.68994140625,5644.14990234375,5679.64990234375,4645090000,-0.0007117341348763632,0.01489214656936692,0.23640549786281145
2025-05-12,5844.18994140625,5845.3701171875,5786.080078125,5807.2001953125,6014580000,0.03203997667702081,0.013733493649692797,0.2180124529750317
2025-05-13,5886.5498046875,5906.64013671875,5845.02001953125,5854.14990234375,5516290000,0.007222059020245977,0.013422412361505914,0.21307419061862304
2025-05-14,5892.580078125,5906.5498046875,5872.10986328125,5896.740234375,5233450000,0.001023891242276054,0.013417271277827486,0.2129925784453281
2025-05-15,5916.93017578125,5924.2099609375,5865.16015625,5869.81982421875,4991290000,0.004123817438757677,0.013350659063553066,0.21193514232583133
2025-05-16,5958.3798828125,5958.6201171875,5907.35986328125,5929.08984375,4850850000,0.006980849368100189,0.011828364864150747,0.18776947108246306
2025-05-19,5963.60009765625,5968.60986328125,5895.68994140625,5902.8798828125,4144010000,0.0008757295660482738,0.011837274202666156,0.18791090244681025
2025-05-20,5940.4599609375,5953.06005859375,5909.259765625,5944.66015625,4416850000,-0.0038877770695725784,0.009998169613557959,0.15871602217990274
2025-05-21,5844.60986328125,5938.3701171875,5830.91015625,5910.18017578125,5254250000,-0.016266719267758897,0.010296825281703509,0.16345703393322047
2025-05-22,5842.009765625,5878.080078125,5825.81982421875,5841.259765625,5157050000,-0.0004449700224211693,0.009989371521640726,0.1585763568005534
2025-05-23,5802.81982421875,5829.509765625,5767.41015625,5781.89013671875,4662820000,-0.006730899591473139,0.009530911159185576,0.15129852417033224
2025-05-27,5921.5400390625,5924.330078125,5854.06982421875,5854.06982421875,5366380000,0.02025258080218437,0.010236569649280517,0.16250050542232755
2025-05-28,5888.5498046875,5939.919921875,5881.8798828125,5925.5400390625,4665050000,-0.005586802576444734,0.010406219806858623,0.16519361818333508
2025-05-29,5912.169921875,5943.1298828125,5873.7998046875,5939.9599609375,4569750000,0.0040031708706317415,0.010389638155752069,0.1649303926324064
2025-05-30,5911.68994140625,5922.14013671875,5843.66015625,5903.669921875,6378540000,-8.118845699520562e-05,0.010406003036928917,0.16519017706738076
2025-06-02,5935.93994140625,5937.39990234375,5861.43017578125,5896.68017578125,4832240000,0.004093651490626028,0.01038081562866675,0.16479033935678908
2025-06-03,5970.3701171875,5981.35009765625,5929.0,5938.56005859375,5026680000,0.005783533535368979,0.010048979987888512,0.1595226118669072
2025-06-04,5970.81005859375,5990.47998046875,5966.10986328125,5978.93994140625,4767050000,7.368474471916267e-05,0.009865690643758038,0.15661298373168298
2025-06-05,5939.2998046875,5999.7001953125,5921.2001953125,5985.669921875,5091850000,-0.005291357978698112,0.009751757108197461,0.15480434492518125
2025-06-06,6000.35986328125,6016.8701171875,5978.6298828125,5987.06005859375,4355710000,0.010228196215376713,0.009883766045116387,0.15689992183273418
2025-06-09,6005.8798828125,6021.31005859375,5994.18017578125,6004.6298828125,4642360000,0.0009195251863913659,0.00987283398967397,0.15672638083261778
2025-06-10,6038.81005859375,6043.009765625,6000.27978515625,6009.91015625,4882880000,0.005468012541646841,0.009855280048621526,0.15644772065729465
2025-06-11,6022.240234375,6059.39990234375,6002.31982421875,6049.3798828125,5111550000,-0.002747660318287345,0.0073504381092196645,0.11668458758620236
2025-06-12,6045.259765625,6045.43017578125,6003.8798828125,6009.89990234375,4669500000,0.0038151330716763875,0.007253140492110348,0.11514003579801975
2025-06-13,5976.97021484375,6026.16015625,5963.2099609375,6000.56005859375,5258910000,-0.01136066859010289,0.007759681386465265,0.12318112321010385
2025-06-16,6033.10986328125,6050.830078125,6004.0,6004.0,5111710000,0.0093488231481891,0.00795698317305681,0.12631319197340365
2025-06-17,5982.72021484375,6023.25,5974.7998046875,6012.14990234375,4955700000,-0.008387259723643134,0.008078053396876339,0.12823512219381206
2025-06-18,5980.8701171875,6018.25,5971.89013671875,5987.93017578125,5106470000,-0.00030928803472058796,0.008077192941909353,0.12822146289466999
2025-06-20,5967.83984375,6018.2001953125,5952.56005859375,5999.669921875,7451500000,-0.002181035215587759,0.0080431780652349,0.12768149346732718
2025-06-23,6025.169921875,6028.77001953125,5943.22998046875,5969.669921875,5597000000,0.009560655071259439,0.007340227278620968,0.11652249567554099
2025-06-24,6092.18017578125,6101.759765625,6059.25,6061.2099609375,5443690000,0.011060328616958607,0.007616000552985007,0.12090026068877238
2025-06-25,6092.16015625,6108.509765625,6080.08984375,6104.22998046875,5171110000,-3.286108349665331e-06,0.007367980334811362,0.1169630617843517
2025-06-26,6141.02001953125,6146.52001953125,6107.27001953125,6112.08984375,5308140000,0.007988131032516797,0.006281157112742852,0.09971027799625248
2025-06-27,6173.06982421875,6187.68017578125,6132.35009765625,6150.7001953125,7889350000,0.005205399256150098,0.006090932350792128,0.09669055351628401
2025-06-30,6204.9501953125,6215.080078125,6174.97021484375,6193.35986328125,5782900000,0.005151137506128882,0.006112594856142885,0.09703443512788026
2025-07-01,6198.009765625,6210.77978515625,6177.97021484375,6187.25,6275310000,-0.0011191571098791433,0.00613697400120048,0.09742144205787286
2025-07-02,6227.419921875,6227.60009765625,6188.2900390625,6193.8798828125,5645710000,0.0047338743064907745,0.00614815917597791,0.09759900120286409
2025-07-03,6279.35009765625,6284.64990234375,6246.4599609375,6246.4599609375,3378110000,0.00830437821066394,0.006243794480358221,0.0991171645945537
2025-07-07,6229.97998046875,6262.06982421875,6201.0,6259.0400390625,5236740000,-0.007893368104244017,0.006622923015639494,0.10513564351024826
2025-07-08,6225.52001953125,6242.7001953125,6217.75,6234.02978515625,5739030000,-0.0007161432504695748,0.006443078436859751,0.10228069932968208
2025-07-09,6263.259765625,6269.16015625,6231.43017578125,6243.330078125,4813340000,0.00604380277677969,0.00624539556605194,0.0991425810419934
2025-07-10,6280.4599609375,6290.22021484375,6251.43994140625,6266.7998046875,5367350000,0.0027424410729257912,0.0062416819044961306,0.09908362849241262
2025-07-11,6259.75,6269.43994140625,6237.60009765625,6255.68017578125,4656210000,-0.0033029717732258423,0.006300245485706332,0.10001329652301778
2025-07-14,6268.56005859375,6273.31005859375,6239.22021484375,6255.14990234375,4722250000,0.0014064243309367943,0.0062179270960194925,0.09870653259838569
2025-07-15,6243.759765625,6302.0400390625,6241.68017578125,6295.2900390625,5133670000,-0.003964145065672561,0.006329414842970365,0.10047634571436313
2025-07-16,6263.7001953125,6268.1201171875,6201.58984375,6254.5,5177460000,0.0031885685253844154,0.005601270387866764,0.08891741083395456
2025-07-17,6297.35986328125,6304.68994140625,6262.27001953125,6263.39990234375,5512290000,0.005359380240011013,0.005412265997992328,0.08591705916011104
2025-07-18,6296.7900390625,6315.60986328125,6285.27001953125,6312.9501953125,5184700000,-9.049030280841674e-05,0.004890622485820617,0.0776362251226912
2025-07-21,6305.60009765625,6336.080078125,6303.7900390625,6304.740234375,5010840000,0.001398157005673256,0.004856768711083352,0.07709881310931757
2025-07-22,6309.6201171875,6316.1201171875,6281.7099609375,6306.60009765625,5662040000,0.0006373284966667569,0.004758378830913491,0.07553692218258819
2025-07-23,6358.91015625,6360.64013671875,6317.490234375,6326.89990234375,5642510000,0.007781532145702873,0.004643678369800415,0.07371610881037038
2025-07-24,6363.35009765625,6381.31005859375,6360.56982421875,6368.60009765625,5282720000,0.0006979799969332514,0.00422801723665533,0.06711769288250716
2025-07-25,6388.64013671875,6395.81982421875,6368.52978515625,6370.009765625,4470720000,0.003966451001680552,0.004219243588139645,0.066978415530128
2025-07-28,6389.77001953125,6401.06982421875,6375.7900390625,6397.68994140625,4565620000,0.00017684247126657597,0.004029308445970005,0.06396328862165263
2025-07-29,6370.85986328125,6409.259765625,6363.919921875,6405.6201171875,5076120000,-0.002963830197466829,0.004087235993848509,0.06488285993613048
2025-07-30,6362.89990234375,6396.5400390625,6336.3798828125,6381.22998046875,5375070000,-0.0012502139385094711,0.004039893668240578,0.06413132381585428
2025-07-31,6339.39013671875,6427.02001953125,6327.64013671875,6427.02001953125,6077080000,-0.003701662046374567,0.004151683373816959,0.0659059303764077
2025-08-01,6238.009765625,6287.27978515625,6212.68994140625,6287.27978515625,5827150000,-0.0161213871855698,0.005505930002545168,0.08740392913718247
2025-08-04,6329.93994140625,6330.68994140625,6271.7099609375,6271.7099609375,4842580000,0.014629564491414495,0.006117344609472972,0.09710983512448214
2025-08-05,6299.18994140625,6346.0,6289.3701171875,6336.6298828125,5517410000,-0.004869703780462017,0.005946010285984124,0.09438998705847623
2025-08-06,6345.06005859375,6352.830078125,6301.10986328125,6309.2998046875,5408560000,0.007255522219852605,0.006114804924627026,0.09706951887741702
2025-08-07,6340.0,6389.7099609375,6310.31982421875,6374.31982421875,5306090000,-0.0007977981718278668,0.006008700321632463,0.09538516052251991
2025-08-08,6389.4501953125,6395.16015625,6355.22021484375,6355.22021484375,4769910000,0.0077694548163894745,0.0061963670330897405,0.09836427720980753
2025-08-11,6373.4501953125,6407.25,6364.06005859375,6389.669921875,4652400000,-0.0025072683938851073,0.00617228520752206,0.09798199008039642
2025-08-12,6445.759765625,6446.5498046875,6385.759765625,6395.169921875,5135300000,0.011281559075170764,0.006578998573068358,0.10443836460112609
2025-08-13,6466.580078125,6480.27978515625,6445.02001953125,6462.669921875,5195950000,0.0032248733840464015,0.00647612172279632,0.10280524523221343
2025-08-14,6468.5400390625,6473.919921875,6441.06982421875,6453.4599609375,4462050000,0.00030304487855445177,0.006472896055072731,0.10275403934456097
2025-08-15,6449.7998046875,6481.33984375,6441.85009765625,6477.3798828125,4575060000,-0.0029013399163647113,0.006479697531054699,0.10286200942853976
2025-08-18,6449.14990234375,6455.35009765625,6437.7001953125,6445.02001953125,4162290000,-0.00010076825773579619,0.006479795426559326,0.10286356347149805
2025-08-19,6411.3701171875,6456.47998046875,6400.22021484375,6446.240234375,4377440000,-0.005875329112207127,0.006657184169151434,0.10567952246118507
2025-08-20,6395.77978515625,6408.39990234375,6343.85986328125,6406.6201171875,4470390000,-0.002434630632264957,0.006694403258851542,0.10627035719340922
2025-08-21,6370.169921875,6393.64990234375,6352.7099609375,6380.830078125,4013560000,-0.004012219728951123,0.006559180381491578,0.10412376056304291
2025-08-22,6466.91015625,6478.89013671875,6384.58984375,6384.58984375,5046860000,0.015072285158779139,0.007331038636125053,0.11637663049795816
2025-08-25,6439.31982421875,6466.89013671875,6438.06005859375,6457.669921875,4059070000,-0.004275512539646319,0.007371793689117222,0.1170235969072774
2025-08-26,6465.93994140625,6468.3701171875,6429.2099609375,6435.490234375,4867680000,0.00412547371011636,0.007416674491070664,0.11773605755093709
2025-08-27,6481.39990234375,6487.06005859375,6457.83984375,6462.259765625,4143680000,0.0023881304533030262,0.007381246454636085,0.1171736549078657
2025-08-28,6501.85986328125,6508.22998046875,6466.9599609375,6483.83984375,4283760000,0.003151747441466755,0.007382045898657643,0.11718634568827467
2025-08-29,6460.259765625,6491.759765625,6444.56982421875,6489.27978515625,4234840000,-0.006418740402792551,0.007492092077044278,0.11893327461273918
2025-09-02,6415.5400390625,6416.5400390625,6360.580078125,6401.509765625,4784000000,-0.006946350061030363,0.0066725902933096395,0.10592408710032504
2025-09-03,6448.259765625,6453.669921875,6416.169921875,6445.81982421875,4465360000,0.005087112302941308,0.006014526353053733,0.09547764590414667
2025-09-04,6502.080078125,6502.5400390625,6445.97998046875,6456.60009765625,4670770000,0.008311847102873571,0.006071820962104551,0.09638716962622548
2025-09-05,6481.5,6532.64990234375,6443.97998046875,6529.080078125,5066120000,-0.00317017266993674,0.006004366682293225,0.09531636613073909
2025-09-08,6495.14990234375,6508.669921875,6483.2900390625,6498.08984375,5211500000,0.0021037644508885675,0.005993986951546637,0.0951515930133514
2025-09-09,6512.60986328125,6518.22998046875,6483.080078125,6503.330078125,4798350000,0.0026845470300734414,0.00581324801154909,0.09228245128859777
2025-09-10,6532.0400390625,6555.97021484375,6516.33984375,6550.2900390625,5253010000,0.0029790282293981275,0.00577518949249658,0.09167829102851564
2025-09-11,6587.47021484375,6592.89013671875,6545.7998046875,6554.41015625,5426460000,0.008450087623093565,0.005556225342511156,0.08820234290711518
2025-09-12,6584.2900390625,6600.2099609375,6579.490234375,6590.66015625,4641640000,-0.00048287788142832935,0.005542069849998502,0.08797763142987046
2025-09-15,6615.27978515625,6619.6201171875,6602.06982421875,6603.490234375,5045020000,0.004695577726559718,0.0056025983948149154,0.0889384922906996
2025-09-16,6606.759765625,6626.990234375,6600.10986328125,6624.1298828125,5359510000,-0.0012887604333313247,0.005556331724104997,0.08820403166256344
2025-09-17,6600.35009765625,6624.39013671875,6551.14990234375,6604.8701171875,5805340000,-0.0009706390782443865,0.0055693102785092366,0.08841005982654788
2025-09-18,6631.9599609375,6656.7998046875,6611.89013671875,6626.85009765625,5292400000,0.004777687836708263,0.005383934095013148,0.08546730414339833
2025-09-19,6664.35986328125,6671.81982421875,6630.31005859375,6647.10986328125,9125960000,0.004873523937481177,0.005345423678652118,0.0848559702359373
2025-09-22,6693.75,6698.8798828125,6648.06982421875,6654.27978515625,5642620000,0.004400350714762291,0.005188489772769909,0.08236472171250724
2025-09-23,6656.919921875,6699.52001953125,6645.580078125,6692.43994140625,5633620000,-0.005517351828739721,0.004575196134409146,0.07262898702594388
2025-09-24,6637.97021484375,6672.66015625,6621.759765625,6669.7900390625,5459180000,-0.0028506771652953692,0.0044970459613119015,0.07138839148835212
2025-09-25,6604.72021484375,6619.0,6569.22021484375,6608.18994140625,5874670000,-0.005021648742526333,0.004664494339005911,0.0740465520772695
2025-09-26,6643.7001953125,6648.97021484375,6604.43017578125,6615.3798828125,5103110000,0.005884489130413512,0.00477713674462734,0.0758346948313957
2025-09-29,6661.2099609375,6677.31005859375,6644.490234375,6661.580078125,5358760000,0.002632077259912619,0.004767736577363953,0.0756854718022277
2025-09-30,6688.4599609375,6691.25,6641.0,6656.18994140625,6057210000,0.004082503613507919,0.004475633256646382,0.07104847533969869
2025-10-01,6711.2001953125,6718.47998046875,6656.2001953125,6664.919921875,6037950000,0.0033941541712235066,0.004028745708210354,0.06395435543666032
2025-10-02,6715.35009765625,6731.93994140625,6693.22998046875,6731.31005859375,5416130000,0.0006181636213842448,0.003983366139699865,0.06323397711936729
2025-10-03,6715.7900390625,6750.8701171875,6705.669921875,6722.14013671875,5713110000,6.55106568658717e-05,0.0037208735231449735,0.059067036012998016
2025-10-06,6740.27978515625,6749.52001953125,6717.77978515625,6733.85986328125,5604460000,0.003639959282762629,0.0035840902321837074,0.056895668584643025
2025-10-07,6714.58984375,6754.490234375,6699.9599609375,6746.14013671875,5546150000,-0.003818687706853079,0.003791321239402863,0.06018535883890292
2025-10-08,6753.72021484375,6755.64013671875,6718.08984375,6723.8701171875,5383130000,0.005810748494187323,0.0038966790812522264,0.06185786272812626
2025-10-09,6735.10986328125,6764.580078125,6716.169921875,6760.5,5385020000,-0.0027593739802789824,0.004004504927195399,0.06356954496775105
2025-10-10,6552.509765625,6762.39990234375,6550.77978515625,6740.490234375,6596610000,-0.027485975439899807,0.007239058841641954,0.1149164965268875
2025-10-13,6654.72021484375,6668.68017578125,6620.7099609375,6622.52978515625,5303960000,0.015478263036934031,0.00801055694512707,0.12716364923956505
2025-10-14,6644.31005859375,6680.7001953125,6555.06982421875,6602.490234375,5666920000,-0.00156555149694257,0.007963230348425518,0.1264123628079369
2025-10-15,6671.06005859375,6724.1201171875,6612.10986328125,6688.27001953125,5633060000,0.004017918503427979,0.007997466803147195,0.12695584967773338
2025-10-16,6629.06982421875,6709.33984375,6593.990234375,6689.02001953125,6048180000,-0.006314280275141975,0.008129227705019386,0.1290474891509858
2025-10-17,6664.009765625,6678.8798828125,6603.759765625,6613.27001953125,5358120000,0.0052568739445263,0.008143359884127328,0.12927183053940403
2025-10-20,6735.1298828125,6744.35009765625,6690.0498046875,6690.0498046875,4672170000,0.010615724136144117,0.008399470062107067,0.1333374535744053
2025-10-21,6735.35009765625,6752.16015625,6722.02978515625,6736.75,5245020000,3.269591641698797e-05,0.008352081981233302,0.13258519111180173
2025-10-22,6699.39990234375,6741.75,6655.68994140625,6741.33984375,5710010000,-0.005351834774743029,0.00834639881809822,0.13249497369390792
2025-10-23,6738.43994140625,6749.52978515625,6700.14013671875,6703.64990234375,5565750000,0.0058104798620133855,0.008396617035141562,0.13329216317539838
2025-10-24,6791.68994140625,6807.10986328125,6772.06982421875,6772.06982421875,5058220000,0.007871361975244856,0.008427465150267375,0.13378186182162632
2025-10-27,6875.16015625,6877.27978515625,6843.93994140625,6845.4599609375,5290650000,0.012215141327379352,0.008707142995226808,0.13822160997148916
2025-10-28,6890.89013671875,6911.2998046875,6870.72998046875,6897.740234375,5695930000,0.0022853305022299255,0.008705477817949439,0.13819517610170065
2025-10-29,6890.58984375,6920.33984375,6851.91015625,6910.9501953125,6280130000,-4.3579204733175357e-05,0.008693538578356122,0.13800564654885786
2025-10-30,6822.33984375,6880.75,6820.68994140625,6860.5,6052700000,-0.009954191424534511,0.009023532645554078,0.143244139964453
2025-10-31,6840.2001953125,6879.169921875,6814.259765625,6879.169921875,6398280000,0.0026145009178832708,0.009032230492591492,0.14338221400566908
2025-11-03,6851.97021484375,6882.31982421875,6820.6201171875,6882.31982421875,6065720000,0.0017192339969181521,0.009032009002927744,0.1433786979662596
2025-11-04,6771.5498046875,6820.2099609375,6766.7099609375,6788.52001953125,5739510000,-0.011806250392326717,0.009422982790373433,0.1495852144306175
2025-11-05,6796.2900390625,6829.77978515625,6763.10986328125,6769.77001953125,5939600000,0.0036468976756877185,0.009403788063975044,0.14928050759541311
2025-11-06,6720.31982421875,6796.68017578125,6707.509765625,6787.58984375,6051900000,-0.011241134514722728,0.009661825939951412,0.15337673188742593
2025-11-07,6728.7998046875,6730.10986328125,6631.43994140625,6696.18017578125,5926070000,0.0012610463474931072,0.009649151018529957,0.1531755237476152
2025-11-10,6832.43017578125,6841.31982421875,6770.56005859375,6785.35986328125,5366050000,0.015283626703501816,0.007927622952856997,0.12584711292688286
2025-11-11,6846.60986328125,6855.1298828125,6806.8701171875,6815.64013671875,4983490000,0.0020731999523923177,0.007302447623028094,0.11592276223564249
2025-11-12,6850.919921875,6869.91015625,6829.6201171875,6867.77001953125,5293610000,0.0006293191259445972,0.007274229250812506,0.1154748094639295
2025-11-13,6737.490234375,6828.0498046875,6724.72021484375,6826.47021484375,5473720000,-0.01669545163092778,0.00824881883655416,0.13094593950928476
2025-11-14,6734.10986328125,6774.31005859375,6646.8701171875,6672.14013671875,5042660000,-0.0005018514712717733,0.008106010344997689,0.12867892498668462
2025-11-17,6672.41015625,6754.5,6638.89990234375,6713.60986328125,5204220000,-0.009204497894305158,0.008315436874103263,0.1320034680704013
2025-11-18,6617.31982421875,6666.6298828125,6574.31982421875,6641.18994140625,5159390000,-0.008290709844169318,0.008137010656763297,0.12917103967966823
2025-11-19,6642.16015625,6689.75,6603.5,6625.83984375,5021610000,0.00374680773726533,0.008197077304962106,0.13012456815900778
2025-11-20,6538.759765625,6770.35009765625,6534.0498046875,6737.93017578125,5596080000,-0.01568972611631523,0.008782255697880445,0.13941398716062997
2025-11-21,6602.990234375,6660.0498046875,6521.919921875,6555.77001953125,5929930000,0.009775103041592069,0.00897988555179193,0.14255126383118083
2025-11-24,6705.1201171875,6715.75,6630.7001953125,6636.5400390625,6039740000,0.015348818899081837,0.00948206956029324,0.1505231878245089
2025-11-25,6765.8798828125,6776.39990234375,6659.97998046875,6697.02978515625,5003330000,0.009020886000832944,0.009289701612181374,0.14746944131896628
2025-11-26,6812.60986328125,6831.43994140625,6783.8701171875,6793.5498046875,4485000000,0.006882969436149685,0.009418420515140268,0.14951279055654002
2025-11-28,6849.08984375,6850.85986328125,6819.75,6822.52001953125,2558540000,0.005340487341137372,0.009505603045052057,0.1508967703134363
2025-12-01,6812.6298828125,6843.64990234375,6799.93994140625,6812.2998046875,4549370000,-0.005337548746055966,0.00932248473563904,0.14798985727017974
2025-12-02,6829.3701171875,6851.5498046875,6806.7099609375,6830.9599609375,4582290000,0.002454221195936617,0.0093202442432656,0.147954290556373
2025-12-03,6849.72021484375,6862.419921875,6810.43017578125,6815.2900390625,4736780000,0.0029753605210852863,0.009336354978557207,0.1482100405504929
2025-12-04,6857.1201171875,6866.47021484375,6827.1201171875,6866.47021484375,4872440000,0.001079738711974404,0.008937630415076142,0.1418804843309908
2025-12-05,6870.39990234375,6895.77978515625,6858.2900390625,6866.31982421875,4944560000,0.0019347688846794776,0.0089162106907563,0.1415404567487796
2025-12-08,6846.509765625,6878.27001953125,6827.18994140625,6875.2001953125,4757130000,-0.0034833153316476935,0.00855823495097741,0.1358577680516837
2025-12-09,6840.509765625,6864.919921875,6837.43017578125,6840.60986328125,4508050000,-0.0008767431610132386,0.008566259767230829,0.13598515806042494
2025-12-10,6886.68017578125,6900.669921875,6824.68994140625,6833.490234375,5526570000,0.006726880659139976,0.008028727824842987,0.12745210301255455
2025-12-11,6901.0,6903.4599609375,6833.4501953125,6861.2998046875,5021060000,0.00207719198371703,0.008028770050889837,0.12745277333026744
2025-12-12,6827.41015625,6899.85009765625,6801.7900390625,6886.85009765625,4910160000,-0.010720913458554537,0.00838505722856197,0.13310865693491672
2025-12-15,6816.509765625,6861.58984375,6801.490234375,6860.18994140625,4975600000,-0.0015978388918367072,0.007496956704336763,0.11901049817696079
2025-12-16,6800.259765625,6819.27001953125,6759.740234375,6800.1201171875,4983180000,-0.00238676400843967,0.007521489098368129,0.11939993785899301
2025-12-17,6721.43017578125,6812.259765625,6720.43017578125,6802.8798828125,5122120000,-0.01165985661137129,0.007696376479245269,0.12217618896245909
2025-12-18,6774.759765625,6816.1298828125,6758.5,6778.06005859375,5101190000,0.007902951520479156,0.00759812019851813,0.12061641886113414
2025-12-19,6834.5,6840.02001953125,6792.6201171875,6792.6201171875,8554470000,0.008779407421828872,0.007762706000242056,0.1232291374652963
2025-12-22,6878.490234375,6882.02978515625,6855.740234375,6865.2099609375,4465030000,0.006415870575561936,0.006770600647325691,0.10747995323614029
2025-12-23,6909.7900390625,6910.8798828125,6868.81005859375,6872.41015625,3820560000,0.004540067046788208,0.0065796232994733235,0.10444828182535604
2025-12-24,6932.0498046875,6937.31982421875,6904.91015625,6904.91015625,1798270000,0.003216304344700708,0.005856857997917267,0.09297473836025245
2025-12-26,6929.93994140625,6945.77001953125,6921.60009765625,6936.02001953125,2586550000,-0.00030440987710828846,0.00561333856844805,0.08910898726152516
2025-12-29,6905.740234375,6920.2099609375,6888.759765625,6903.60009765625,3541750000,-0.003498162923937312,0.005538993889884948,0.08792880207685115
2025-12-30,6896.240234375,6913.25,6893.47021484375,6900.43994140625,3309930000,-0.0013766142506534472,0.0054475717563560394,0.08647752069898455
2025-12-31,6845.5,6901.419921875,6844.5498046875,6898.81982421875,3261830000,-0.007384867434248815,0.005570932161666478,0.08843580642348586
2026-01-02,6858.47021484375,6894.8701171875,6824.31005859375,6878.10986328125,4184120000,0.0018929140261155547,0.0055610607307307915,0.08827910231544482
2026-01-05,6902.0498046875,6920.3798828125,6891.56005859375,6892.18994140625,5771930000,0.006334024511051582,0.005691562893570521,0.09035075992602469
2026-01-06,6944.81982421875,6948.68994140625,6904.02001953125,6908.02978515625,5509680000,0.0061775920038938375,0.005830703234605896,0.0925595443643226
2026-01-07,6920.93017578125,6965.68994140625,6919.18994140625,6945.06982421875,5214480000,-0.0034458535710101927,0.005887301150557929,0.09345800842632429
2026-01-08,6921.4599609375,6931.27978515625,6899.330078125,6914.10986328125,5333200000,7.654532942294603e-05,0.005822331212331764,0.09242664263087431
2026-01-09,6966.27978515625,6978.35986328125,6917.64013671875,6927.830078125,5163900000,0.006454611138321038,0.005952825393395733,0.09449817353469209
2026-01-12,6977.27001953125,6986.330078125,6934.06982421875,6944.1201171875,5019040000,0.0015763900591805138,0.0058035779682040056,0.09212894410944793
2026-01-13,6963.740234375,6985.830078125,6938.77001953125,6977.41015625,5091730000,-0.0019410055882070072,0.005819430501114932,0.0923805952678446
2026-01-14,6926.60009765625,6941.2998046875,6885.740234375,6937.41015625,5530830000,-0.005347633584135448,0.005408180411541844,0.08585220248586403
2026-01-15,6944.47021484375,6979.33984375,6937.93017578125,6969.4599609375,5114050000,0.002576603920444464,0.005396711668530851,0.08567014183471844
2026-01-16,6940.009765625,6967.2998046875,6925.08984375,6960.5400390625,5356550000,-0.0006425086684515026,0.00535710613908754,0.08504142354601815
2026-01-20,6796.85986328125,6871.169921875,6789.0498046875,6865.240234375,5769500000,-0.020842460953261224,0.006656585032620762,0.10567001146361586
2026-01-21,6875.6201171875,6910.39013671875,6804.9599609375,6810.7099609375,5835520000,0.01152111763356032,0.006899322774854925,0.10952335366218126
2026-01-22,6913.35009765625,6934.75,6893.6201171875,6914.43994140625,5307580000,0.0054725007079021405,0.006741723938585697,0.10702154969609186
2026-01-23,6915.60986328125,6932.9599609375,6895.5,6907.85009765625,4871930000,0.0003268164274822459,0.006606235147283763,0.10487073181276196
2026-01-26,6950.22998046875,6964.66015625,6921.60009765625,6923.22998046875,4968050000,0.00499359426016032,0.006621662830608801,0.10511563869306542
2026-01-27,6978.60009765625,6988.81982421875,6958.830078125,6965.9599609375,5331720000,0.004073587840441241,0.006643291484240602,0.10545898292528283
2026-01-28,6978.02978515625,7002.27978515625,6963.4599609375,7002.0,5507670000,-8.172639170147053e-05,0.006642424810337265,0.10544522490358671
2026-01-29,6969.009765625,6992.83984375,6870.7998046875,6977.740234375,6877780000,-0.0012934674424623016,0.006596167650097021,0.1047109152494762
2026-01-30,6939.02978515625,6964.08984375,6893.47998046875,6947.27001953125,6697340000,-0.0043111794144580756,0.006667153061938429,0.10583777372815138
2026-02-02,6976.43994140625,6991.919921875,6914.33984375,6916.64013671875,5772050000,0.005376785277364613,0.006511985028520955,0.10337455756105382
2026-02-03,6917.81005859375,6993.080078125,6862.0498046875,6985.4501953125,7017660000,-0.008439495590663714,0.006816604822754422,0.10821024688087034
2026-02-04,6882.72021484375,6936.08984375,6838.7998046875,6924.5,7475750000,-0.005085300155013826,0.0067757729256037276,0.10756206060835212
2026-02-05,6798.39990234375,6857.85009765625,6780.1298828125,6837.39013671875,6989120000,-0.01232667785383289,0.007109004138068537,0.1128519421119506
2026-02-06,6932.2998046875,6944.89013671875,6816.740234375,6816.740234375,6283680000,0.019504344282200718,0.008368984667041184,0.132853512930622
2026-02-09,6964.81982421875,6980.10009765625,6905.8701171875,6917.259765625,5650260000,0.004680117860123293,0.008429017974540494,0.13380651214276507
2026-02-10,6941.81005859375,6986.830078125,6937.52978515625,6974.490234375,5595950000,-0.0033091822845107053,0.008341232238011614,0.13241295677768075
2026-02-11,6941.47021484375,6993.47998046875,6911.97021484375,6976.47998046875,6175510000,-4.89572699497733e-05,0.008331776548005619,0.13226285235229845
2026-02-12,6832.759765625,6973.22021484375,6824.0400390625,6957.5400390625,7118700000,-0.01578494138611745,0.00899404829803153,0.142776090457771
2026-02-13,6836.169921875,6881.9599609375,6794.5498046875,6834.27001953125,5718360000,0.0004989646444475858,0.00893995257316773,0.1419173474478827
2026-02-17,6843.22021484375,6866.990234375,6775.5,6819.85986328125,5418480000,0.0010307906306565179,0.008918604721825527,0.14157846081382042
2026-02-18,6881.31005859375,6909.1201171875,6849.66015625,6855.47998046875,5098160000,0.005550636821134019,0.00902237059833344,0.1432256930367079
2026-02-19,6861.89013671875,6879.1201171875,6833.06005859375,6861.33984375,5151690000,-0.0028261153915347848,0.007748419714749378,0.12300234971386133
2026-02-20,6909.509765625,6915.85986328125,6836.330078125,6843.259765625,5432480000,0.006915755702175204,0.007480034145466424,0.11874186088305418
2026-02-23,6837.75,6916.9599609375,6819.81982421875,6901.25,5638350000,-0.01043995947145646,0.007724819128665625,0.12262770202442344
2026-02-24,6890.06982421875,6899.169921875,6815.43017578125,6837.3701171875,5266090000,0.007622488962383376,0.007926403861657242,0.1258277604540425
2026-02-25,6946.1298828125,6952.509765625,6915.14990234375,6915.14990234375,5328060000,0.0081034339701294,0.008055813189098362,0.12788206984049047
2026-02-26,6908.85986328125,6947.25,6859.72998046875,6944.740234375,5889550000,-0.005380026995566101,0.008079251361389837,0.12825413929090526
2026-02-27,6878.8798828125,6882.9599609375,6831.740234375,6856.5400390625,6665660000,-0.004348795128037643,0.00812232328396528,0.12893788486464955
2026-03-02,6881.6201171875,6901.009765625,6796.85009765625,6824.35986328125,6079080000,0.0003982754131349892,0.008124339111540318,0.12896988513534677
2026-03-03,6816.6298828125,6840.0498046875,6710.419921875,6800.259765625,6442080000,-0.009488908731312503,0.00831880870300039,0.13205699419475284
2026-03-04,6869.5,6885.93994140625,6811.64013671875,6831.68994140625,5252170000,0.00772612574014956,0.008421858177341883,0.133692853885814
2026-03-05,6830.7099609375,6870.43017578125,6770.77978515625,6851.080078125,5989300000,-0.005662707772703004,0.008315987830340835,0.13201221422952866
2026-03-06,6740.02001953125,6773.419921875,6711.56005859375,6769.02978515625,5793120000,-0.013365720432496335,0.008725359732309219,0.1385107917076038
2026-03-09,6795.990234375,6810.43994140625,6636.0400390625,6699.7998046875,6709410000,0.008269871665388671,0.00854393962539583,0.13563083679328633
2026-03-10,6781.47998046875,6845.080078125,6759.740234375,6796.56005859375,5944950000,-0.002137402505887721,0.007283863465186031,0.11562774787578849
2026-03-11,6775.7998046875,6811.14990234375,6745.58984375,6790.08984375,5511090000,-0.0008379521856348736,0.007165480933977612,0.11374848345287758
2026-03-12,6672.6201171875,6740.8798828125,6670.39990234375,6740.8798828125,6292170000,-0.015344808189494536,0.007787678004750104,0.12362555574729878
2026-03-13,6632.18994140625,6733.2998046875,6623.919921875,6673.490234375,5337120000,-0.006077546398501344,0.007827689404089943,0.12426071702086422
2026-03-16,6699.3798828125,6729.7900390625,6674.3701171875,6674.3701171875,5176290000,0.010079909746818997,0.0076102313883218324,0.12080867803894434
2026-03-17,6716.08984375,6754.2998046875,6710.7998046875,6722.35009765625,5063390000,0.002491149384952951,0.00764140242425499,0.12130350289406869
2026-03-18,6624.7001953125,6705.18017578125,6621.66015625,6697.16015625,5275480000,-0.013700999383730839,0.008121813712496418,0.1289297956683586
2026-03-19,6606.490234375,6636.740234375,6557.81982421875,6583.1201171875,5973390000,-0.002752582623899739,0.007959578419242917,0.1263543902294002
2026-03-20,6506.47998046875,6594.66015625,6473.52001953125,6594.66015625,10025820000,-0.015253934307770224,0.008474075398935087,0.1345217765807562
2026-03-23,6581.0,6651.6201171875,6565.5498046875,6574.9599609375,6020650000,0.0113881090950741,0.00877428403492653,0.13928744093435985
2026-03-24,6556.3701171875,6595.75,6525.10986328125,6552.08984375,5278580000,-0.0037495954593205535,0.008584097573450009,0.13626832445557038
2026-03-25,6591.89990234375,6633.93994140625,6568.41015625,6598.35009765625,4936720000,0.005404493759949214,0.008472691511097183,0.1344998080423872
2026-03-26,6477.16015625,6573.22021484375,6473.7900390625,6555.85986328125,4845560000,-0.017559440961209507,0.008771863983158778,0.1392490238035356
2026-03-27,6368.85009765625,6453.89013671875,6356.080078125,6453.89013671875,5303490000,-0.01686323194605131,0.009250969038912397,0.14685458077992247
2026-03-30,6343.72021484375,6427.31005859375,6316.91015625,6403.3701171875,5458640000,-0.003953553833355896,0.009250360035309354,0.1468449131474353
2026-03-31,6528.52001953125,6539.0498046875,6395.8798828125,6395.8798828125,6396100000,0.028714893309798716,0.011653334275730926,0.18499094662973417
2026-04-01,6575.31982421875,6609.669921875,6554.2900390625,6556.56005859375,5637260000,0.0071429450037592815,0.01172017186973995,0.18605196054160084
2026-04-02,6582.68994140625,6601.91015625,6474.93994140625,6512.60986328125,4740740000,0.0011202481362370179,0.011541354762630272,0.1832133269681436
2026-04-06,6611.830078125,6618.1298828125,6579.72021484375,6587.66015625,3906440000,0.004417013131605809,0.011592247014299468,0.18402121641760444
2026-04-07,6616.85009765625,6618.259765625,6534.5498046875,6601.93017578125,4555680000,0.0007589600331270599,0.011277960686747166,0.17903207563857737
2026-04-08,6782.81005859375,6793.5,6740.27978515625,6754.35986328125,5904880000,0.024772038357183543,0.012460196103076691,0.19779948105502235
2026-04-09,6824.66015625,6835.31005859375,6761.5498046875,6783.68994140625,4912410000,0.006151066869514015,0.01252329412503999,0.19880113110103223
2026-04-10,6816.89013671875,6845.77001953125,6808.4599609375,6839.240234375,4393220000,-0.0011391696991393636,0.012524837767482706,0.19882563566513203
2026-04-13,6886.240234375,6887.0,6790.02001953125,6806.47021484375,4785840000,0.010121875493741075,0.012163209173376158,0.19308495970327696
2026-04-14,6967.3798828125,6969.419921875,6905.169921875,6910.2001953125,5032380000,0.011713988916143619,0.012228419367562493,0.1941201394438566
2026-04-15,7022.9501953125,7026.240234375,6967.1298828125,6978.169921875,5278610000,0.00794414491156507,0.012169636855394529,0.19318699599204023
2026-04-16,7041.27978515625,7051.22998046875,7008.52001953125,7037.77978515625,5173650000,0.002606555815286028,0.01216977909684243,0.19318925400502387
2026-04-17,7126.06005859375,7147.52001953125,7074.5498046875,7074.5498046875,6145300000,0.011968553928737802,0.01176993257358042,0.18684188722615336
2026-04-20,7109.14013671875,7122.64990234375,7084.41015625,7117.0498046875,4661130000,-0.0023771959102520377,0.011760284286813085,0.18668872542196815
2026-04-21,7064.009765625,7137.27001953125,7050.2001953125,7122.64013671875,5160270000,-0.00636845358085314,0.011198543101156486,0.1777713605513886
2026-04-22,7137.89990234375,7138.64013671875,7102.91015625,7102.91015625,4919460000,0.010405756011537825,0.011167774805225057,0.17728292899558978
2026-04-23,7108.39990234375,7147.77978515625,7046.5498046875,7118.7998046875,5307260000,-0.004141432170939999,0.011181457774227094,0.17750013939464818
2026-04-24,7165.080078125,7168.58984375,7112.81982421875,7136.47998046875,4608830000,0.007942067917632457,0.01121277017273201,0.17799720831102991
2026-04-27,7173.91015625,7178.740234375,7146.72021484375,7152.72021484375,4783750000,0.0012316180005498539,0.010103657954328868,0.1603905976752827
2026-04-28,7138.7998046875,7152.52001953125,7115.169921875,7133.740234375,4900650000,-0.0049061878687959495,0.009105563659720298,0.14454634194412241
2026-04-29,7135.9501953125,7145.6298828125,7107.85986328125,7131.60986328125,5123100000,-0.00039925174351248426,0.00895410772803879,0.14214205356523327
2026-04-30,7209.009765625,7219.830078125,7126.14990234375,7161.75,5723790000,0.010186184168105012,0.007328194484916539,0.11633148099722541
2026-05-01,7230.1201171875,7272.52001953125,7229.31982421875,7234.5400390625,4847390000,0.00292404968652147,0.007316312167837082,0.11614285506127667
2026-05-04,7200.75,7244.5400390625,7174.1201171875,7228.3798828125,5215480000,-0.004070462487840939,0.007521732945515619,0.11940380881245405
2026-05-05,7259.22021484375,7273.259765625,7233.6201171875,7233.6201171875,5279760000,0.008087227380575185,0.007567735532427645,0.12013407724026319
2026-05-06,7365.1201171875,7369.22021484375,7294.14013671875,7294.14013671875,6579640000,0.014482944327746904,0.007821538951407553,0.12416308161137578
2026-05-07,7337.10986328125,7385.02001953125,7321.25,7376.77978515625,6237040000,-0.0038103454826786936,0.006622423504160014,0.1051277140113379
2026-05-08,7398.93017578125,7401.5,7362.97021484375,7362.97021484375,5302740000,0.008390405429031966,0.006680947574346557,0.1060567548238872
2026-05-11,7412.83984375,7428.97021484375,7384.2001953125,7385.31005859375,5821910000,0.0018781917406753333,0.00660030413541761,0.10477657991823709
2026-05-12,7400.9599609375,7409.56982421875,7338.5400390625,7390.6298828125,5624790000,-0.0016038944114079717,0.006551516350368117,0.10400209784068529
2026-05-13,7444.25,7460.0400390625,7375.1298828125,7409.1201171875,5716600000,0.005832206062995343,0.006300700604898708,0.10002052131621729
2026-05-14,7501.240234375,7517.1201171875,7454.39990234375,7454.39990234375,5267050000,0.007626449143738461,0.006288990863059652,0.09983463492727984
2026-05-15,7408.5,7454.85009765625,7397.5,7445.10986328125,5582070000,-0.012440381787730354,0.007150634844911769,0.11351280909521676
2026-05-18,7403.0498046875,7434.06005859375,7353.169921875,7415.06982421875,5489500000,-0.0007359385925655567,0.0068328345752262975,0.10846788621415465
2026-05-19,7353.60986328125,7395.31982421875,7333.68017578125,7375.75,5441140000,-0.006700720556670582,0.007027848393640569,0.11156363460862627
2026-05-20,7432.97021484375,7435.68994140625,7357.4599609375,7369.18994140625,5384150000,0.010734208066325955,0.007047977868313721,0.11188318011267148
2026-05-21,7445.72021484375,7465.9599609375,7389.47998046875,7410.77978515625,5440620000,0.0017138609316666425,0.0068069278375037226,0.1080566295023852
2026-05-22,7473.47021484375,7506.31982421875,7463.2900390625,7468.81982421875,4952440000,0.003720045284340991,0.006666402300388059,0.10582585575801426
2026-05-26,7519.1201171875,7539.08984375,7501.10009765625,7511.7900390625,5496060000,0.006089680623147164,0.006601129333335775,0.10478967952908032
2026-05-27,7520.35986328125,7530.72021484375,7499.72021484375,7526.009765625,5524250000,0.00016486555361860245,0.006613827246144218,0.10499125264584466
2026-05-28,7563.6298828125,7568.72021484375,7508.0400390625,7519.81982421875,5494860000,0.0057372272122164095,0.006443980144784709,0.10229501349923001
2026-05-29,7580.06005859375,7599.3798828125,7563.5498046875,7579.330078125,7858290000,0.0021699047314878454,0.006405420269617446,0.10168289445756037
2026-06-01,7599.9599609375,7617.66015625,7562.60986328125,7582.2900390625,6583960000,0.0026218560604907887,0.006182534418591561,0.09814469126214347
2026-06-02,7609.77978515625,7620.89990234375,7582.990234375,7595.39990234375,5904410000,0.0012912549125880068,0.006187395860801672,0.09822186426474988
2026-06-03,7553.68017578125,7605.35009765625,7551.22021484375,7605.31005859375,5753860000,-0.007399348892067432,0.006401393812073724,0.10161897642560888
2026-06-04,7584.31005859375,7598.18994140625,7516.5400390625,7516.5400390625,5398910000,0.0040467623691873905,0.006277600479840159,0.09965381819926084
2026-06-05,7383.740234375,7541.81005859375,7368.6298828125,7537.35986328125,5591290000,-0.026801330315360895,0.008330096632941352,0.13223618452739588
2026-06-08,7405.72998046875,7466.81005859375,7395.1298828125,7440.56982421875,4898180000,0.0029737052076611974,0.008301540293420062,0.13178286669102993
2026-06-09,7386.64990234375,7483.14990234375,7237.85009765625,7438.66015625,6006390000,-0.0025797185926219454,0.008119613995410576,0.1288948762421756
2026-06-10,7266.990234375,7396.56005859375,7265.93017578125,7350.5400390625,5247300000,-0.016332095868206012,0.008840532551123171,0.14033910352585993
2026-06-11,7394.2998046875,7412.68017578125,7257.330078125,7287.669921875,5658920000,0.01736719891346488,0.009697711838876228,0.1539464028722003
2026-06-12,7431.4599609375,7456.39990234375,7363.009765625,7410.85009765625,4950530000,0.005012928127161434,0.0096745152550063,0.15357816851908382
2026-06-15,7554.2900390625,7577.919921875,7516.75,7516.75,5674670000,0.01639328413858115,0.010198720060206825,0.1618996618228377
2026-06-16,7511.35009765625,7564.9599609375,7508.68017578125,7548.77978515625,5286210000,-0.005700396039273383,0.009877556305152897,0.15680134526683556
2026-06-17,7420.10009765625,7532.169921875,7402.60986328125,7524.5,5883740000,-0.012222675603360274,0.010268822598304563,0.16301250511532395
2026-06-18,7500.580078125,7511.06982421875,7468.31982421875,7487.35986328125,9061110000,0.010787813962926182,0.010397249026442956,0.16505121145905893
2026-06-22,7472.7900390625,7530.009765625,7460.009765625,7500.43994140625,5976740000,-0.003711932684976348,0.010192888462685271,0.16180708808210817
2026-06-23,7365.4599609375,7424.169921875,7347.60009765625,7366.509765625,5640530000,-0.014466928386098657,0.010677125599983198,0.1694941143273411
2026-06-24,7358.22021484375,7428.06005859375,7336.81982421875,7370.8798828125,5994860000,-0.000983415367731934,0.010633062385463542,0.1687946324818305
2026-06-25,7357.490234375,7419.080078125,7323.5,7404.91015625,5565760000,-9.921104004703284e-05,0.010519462111986462,0.1669912840468948
2026-06-26,7354.02001953125,7392.9501953125,7294.18017578125,7312.740234375,9105600000,-0.0004717686829183932,0.010516749028179454,0.1669482151766583
2026-06-29,7440.43017578125,7444.31982421875,7348.8798828125,7391.8798828125,5794570000,0.01168156135934559,0.010785553247948112,0.17121534987789402
2026-06-30,7499.35986328125,7508.2900390625,7438.0400390625,7441.27001953125,6037540000,0.007888998838148293,0.010934986125952159,0.17358752327526622
2026-07-01,7483.22998046875,7521.81005859375,7449.6298828125,7478.83984375,5782730000,-0.0021531509855513085,0.010916242673803736,0.1732899801966928
2026-07-02,7483.240234375,7540.75,7427.5498046875,7495.14013671875,5463520000,1.370250446897007e-06,0.010907884868965252,0.17315730415803857
2026-07-06,7537.43017578125,7551.31005859375,7500.97021484375,7506.9599609375,4971110000,0.0072154138304445295,0.01093187868466922,0.17353819417417585
2026-07-07,7503.85009765625,7536.06005859375,7478.6298828125,7516.6298828125,5049590000,-0.004465063253185491,0.010928138164061841,0.17347881525036962
2026-07-08,7482.7099609375,7488.509765625,7421.81982421875,7476.5400390625,5102020000,-0.0028212145626126694,0.009151794268221778,0.14528023010244706
2026-07-09,7543.64013671875,7546.89013671875,7481.72998046875,7491.60009765625,4442950000,0.008109821657156896,0.00928510618027559,0.14739649109902844
2026-07-10,7575.39013671875,7579.93017578125,7508.16015625,7547.64013671875,4006370000,0.004200010992571727,0.009276709546475385,0.14726319866971593
2026-07-13,7515.33984375,7565.3701171875,7506.41015625,7547.52978515625,4729990000,-0.007958609028043705,0.008643753086786846,0.1372153263713094
2026-07-14,7543.58984375,7557.43994140625,7513.22998046875,7536.7001953125,4836950000,0.003751931076883282,0.007878748068930973,0.1250712481975304
2026-07-15,7572.39990234375,7581.5,7526.9501953125,7571.72021484375,5236550000,0.003811869942054222,0.007852108250206756,0.12464835418563369
2026-07-16,7533.77001953125,7570.740234375,7504.02001953125,7558.7998046875,5365300000,-0.005114462132765812,0.0070957247784874415,0.1126411388138199
2026-07-17,7457.68994140625,7498.47021484375,7431.259765625,7447.52001953125,5303290000,-0.010149876192112738,0.007332858501396705,0.11640551996352877
2026-07-20,7443.27978515625,7513.22998046875,7440.52978515625,7489.18017578125,5152910000,-0.0019341238867804414,0.006825495470431951,0.10835138153736457
2026-07-21,7509.2001953125,7515.31005859375,7467.85986328125,7489.9501953125,5149030000,0.008817378432212827,0.00668400117465131,0.10610522922594581
2026-07-22,7498.9599609375,7525.93994140625,7485.85009765625,7497.47021484375,4890390000,-0.0013646224263997142,0.0066373264052327725,0.10536429023164941
2026-07-23,7408.2998046875,7450.1201171875,7376.0,7418.2900390625,5515210000,-0.012163372131276511,0.006398116916811342,0.10156695732598886
2026-07-24,7411.97998046875,7460.97998046875,7396.52978515625,7406.2998046875,4860620000,0.0004966405371888175,0.006391696783731576,0.10146504087291086
2026-07-27,7413.18017578125,7480.56982421875,7382.740234375,7464.2001953125,5038290000,0.00016191330177520104,0.0063910400065392645,0.10145461485820506
2026-07-28,7428.77978515625,7452.08984375,7382.9501953125,7395.5498046875,5590890000,0.0021020963754603476,0.006398985021789487,0.10158073806529329
2026-07-29,7316.14990234375,7450.83984375,7313.919921875,7418.16015625,5836350000,-0.015277397157074194,0.006735133829450816,0.10691693495678985
2026-07-30,7437.6298828125,7448.75,7370.97998046875,7390.4501953125,5594430000,0.016468013977056842,0.007504857549521629,0.11913592020599904
2026-07-31,7489.72021484375,7512.0400390625,7399.830078125,7462.1298828125,5391020000,0.006979208383378553,0.007660771651477773,0.1216109798439826
